nombre,descripcion,precio,stock,categoria
Teclado v1,Lote tecnologico 1,"94,81",116,Software
SSD v2,Lote tecnologico 2,"530,14",62,Licencias
Monitor v3,Lote tecnologico 3,"971,24",194,Servicios
RAM v4,Lote tecnologico 4,"309,65",41,Servicios
SSD v5,Lote tecnologico 5,"1408,87",72,Software
Teclado v6,Lote tecnologico 6,"944,45",154,Licencias
Mouse v7,Lote tecnologico 7,"141,96",158,Licencias
Laptop v8,Lote tecnologico 8,"1166,77",93,Servicios
Laptop v9,Lote tecnologico 9,"592,68",33,Licencias
Laptop v10,Lote tecnologico 10,"947,94",141,Servicios
SSD v11,Lote tecnologico 11,"354,9",84,Hardware
Teclado v12,Lote tecnologico 12,"1360,04",146,Servicios
Monitor v13,Lote tecnologico 13,"337,03",26,Servicios
Teclado v14,Lote tecnologico 14,"519,81",87,Licencias
Laptop v15,Lote tecnologico 15,"839,44",39,Hardware
Mouse v16,Lote tecnologico 16,"1040,63",144,Servicios
RAM v17,Lote tecnologico 17,"1120,71",115,Hardware
RAM v18,Lote tecnologico 18,"535,69",5,Software
SSD v19,Lote tecnologico 19,"77,07",157,Licencias
Mouse v20,Lote tecnologico 20,"541,63",155,Hardware
SSD v21,Lote tecnologico 21,"724,63",92,Licencias
RAM v22,Lote tecnologico 22,"1470,74",90,Hardware
Laptop v23,Lote tecnologico 23,"464,32",20,Servicios
Laptop v24,Lote tecnologico 24,"360,24",31,Servicios
Mouse v25,Lote tecnologico 25,"1280,06",157,Hardware
Laptop v26,Lote tecnologico 26,"599,11",59,Hardware
RAM v27,Lote tecnologico 27,"457,09",103,Hardware
Monitor v28,Lote tecnologico 28,"816,11",187,Hardware
SSD v29,Lote tecnologico 29,"1136,2",120,Hardware
RAM v30,Lote tecnologico 30,"711,25",112,Licencias
Laptop v31,Lote tecnologico 31,"1239,7",54,Servicios
RAM v32,Lote tecnologico 32,"1040,33",69,Hardware
Monitor v33,Lote tecnologico 33,"1044,84",9,Servicios
Monitor v34,Lote tecnologico 34,"456,96",49,Servicios
SSD v35,Lote tecnologico 35,"1212,39",115,Servicios
Laptop v36,Lote tecnologico 36,"829,02",58,Hardware
RAM v37,Lote tecnologico 37,"224,56",162,Servicios
Monitor v38,Lote tecnologico 38,"1477,22",121,Hardware
Laptop v39,Lote tecnologico 39,"1160,99",169,Servicios
RAM v40,Lote tecnologico 40,"1349,23",167,Software
Monitor v41,Lote tecnologico 41,"128,14",61,Software
Monitor v42,Lote tecnologico 42,"492,69",198,Software
SSD v43,Lote tecnologico 43,"1429,64",151,Hardware
Mouse v44,Lote tecnologico 44,"628,12",142,Hardware
RAM v45,Lote tecnologico 45,"1103,63",32,Servicios
Monitor v46,Lote tecnologico 46,"583,03",83,Software
Laptop v47,Lote tecnologico 47,"1285,52",185,Software
RAM v48,Lote tecnologico 48,"258,65",48,Licencias
Mouse v49,Lote tecnologico 49,"767,15",165,Hardware
SSD v50,Lote tecnologico 50,"604,35",121,Licencias
Monitor v51,Lote tecnologico 51,"952,76",184,Hardware
Monitor v52,Lote tecnologico 52,"226,57",31,Servicios
Mouse v53,Lote tecnologico 53,"1251,27",107,Servicios
Mouse v54,Lote tecnologico 54,"838,62",49,Hardware
RAM v55,Lote tecnologico 55,1063,37,Licencias
Mouse v56,Lote tecnologico 56,"461,8",84,Hardware
RAM v57,Lote tecnologico 57,"836,13",81,Hardware
SSD v58,Lote tecnologico 58,"464,29",43,Servicios
Monitor v59,Lote tecnologico 59,"129,2",67,Hardware
Monitor v60,Lote tecnologico 60,"1452,53",179,Servicios
RAM v61,Lote tecnologico 61,"773,4",83,Hardware
Mouse v62,Lote tecnologico 62,"1303,44",67,Licencias
SSD v63,Lote tecnologico 63,"1275,04",67,Software
RAM v64,Lote tecnologico 64,"675,93",26,Licencias
Laptop v65,Lote tecnologico 65,"1246,33",79,Software
Teclado v66,Lote tecnologico 66,"1353,47",169,Hardware
Monitor v67,Lote tecnologico 67,"690,19",66,Hardware
SSD v68,Lote tecnologico 68,"646,05",88,Servicios
RAM v69,Lote tecnologico 69,"141,59",86,Software
Mouse v70,Lote tecnologico 70,"261,78",186,Hardware
Teclado v71,Lote tecnologico 71,"1258,89",74,Servicios
Laptop v72,Lote tecnologico 72,"1381,12",84,Servicios
Monitor v73,Lote tecnologico 73,"1080,1",35,Servicios
Monitor v74,Lote tecnologico 74,"956,93",151,Software
Laptop v75,Lote tecnologico 75,"1241,59",55,Software
Monitor v76,Lote tecnologico 76,"58,13",52,Hardware
Laptop v77,Lote tecnologico 77,"1302,68",132,Licencias
SSD v78,Lote tecnologico 78,"936,85",144,Hardware
SSD v79,Lote tecnologico 79,"651,15",23,Servicios
Teclado v80,Lote tecnologico 80,"809,34",179,Hardware
Laptop v81,Lote tecnologico 81,"117,12",138,Software
Mouse v82,Lote tecnologico 82,"1255,35",100,Servicios
SSD v83,Lote tecnologico 83,"72,7",33,Servicios
RAM v84,Lote tecnologico 84,"321,42",117,Licencias
Teclado v85,Lote tecnologico 85,"955,33",78,Software
Teclado v86,Lote tecnologico 86,"1235,29",51,Software
Teclado v87,Lote tecnologico 87,"798,25",69,Servicios
RAM v88,Lote tecnologico 88,"538,9",154,Licencias
Teclado v89,Lote tecnologico 89,"412,38",50,Servicios
RAM v90,Lote tecnologico 90,"1175,78",57,Hardware
Teclado v91,Lote tecnologico 91,"750,3",76,Software
Mouse v92,Lote tecnologico 92,"1051,36",126,Hardware
SSD v93,Lote tecnologico 93,"681,25",100,Hardware
RAM v94,Lote tecnologico 94,"807,84",143,Licencias
Monitor v95,Lote tecnologico 95,"1486,32",193,Licencias
Mouse v96,Lote tecnologico 96,"1021,43",151,Software
Laptop v97,Lote tecnologico 97,"1382,53",100,Software
Mouse v98,Lote tecnologico 98,"480,47",94,Licencias
SSD v99,Lote tecnologico 99,"250,41",175,Hardware
Teclado v100,Lote tecnologico 100,"839,8",187,Software
RAM v101,Lote tecnologico 101,"229,39",22,Software
RAM v102,Lote tecnologico 102,"550,72",158,Hardware
Monitor v103,Lote tecnologico 103,"1013,87",117,Servicios
SSD v104,Lote tecnologico 104,"1495,8",108,Servicios
Monitor v105,Lote tecnologico 105,"645,41",193,Software
RAM v106,Lote tecnologico 106,"825,5",81,Software
Laptop v107,Lote tecnologico 107,"1266,11",4,Hardware
Mouse v108,Lote tecnologico 108,"267,81",107,Licencias
Monitor v109,Lote tecnologico 109,"833,81",2,Software
Teclado v110,Lote tecnologico 110,"379,2",32,Licencias
Teclado v111,Lote tecnologico 111,"1002,31",74,Hardware
SSD v112,Lote tecnologico 112,"280,43",88,Hardware
Laptop v113,Lote tecnologico 113,"97,31",6,Software
Teclado v114,Lote tecnologico 114,"58,55",101,Software
Monitor v115,Lote tecnologico 115,"191,37",15,Servicios
RAM v116,Lote tecnologico 116,"313,06",186,Hardware
Mouse v117,Lote tecnologico 117,"977,15",158,Licencias
Monitor v118,Lote tecnologico 118,"803,41",170,Hardware
Teclado v119,Lote tecnologico 119,"440,11",113,Software
Monitor v120,Lote tecnologico 120,"392,15",117,Software
Mouse v121,Lote tecnologico 121,"806,6",190,Servicios
Mouse v122,Lote tecnologico 122,"456,04",71,Software
RAM v123,Lote tecnologico 123,"123,77",24,Servicios
SSD v124,Lote tecnologico 124,"797,99",57,Licencias
RAM v125,Lote tecnologico 125,"965,76",138,Licencias
Laptop v126,Lote tecnologico 126,"293,59",149,Hardware
Laptop v127,Lote tecnologico 127,"516,55",161,Licencias
SSD v128,Lote tecnologico 128,"552,4",17,Software
SSD v129,Lote tecnologico 129,"1241,52",16,Hardware
Mouse v130,Lote tecnologico 130,"270,72",123,Hardware
Teclado v131,Lote tecnologico 131,"315,7",71,Hardware
RAM v132,Lote tecnologico 132,"1042,37",182,Software
Teclado v133,Lote tecnologico 133,"396,91",174,Licencias
Mouse v134,Lote tecnologico 134,"1350,21",2,Software
Laptop v135,Lote tecnologico 135,"1085,14",116,Licencias
Monitor v136,Lote tecnologico 136,"224,46",52,Hardware
RAM v137,Lote tecnologico 137,"369,8",181,Servicios
SSD v138,Lote tecnologico 138,"667,15",63,Hardware
Laptop v139,Lote tecnologico 139,"689,3",102,Software
Teclado v140,Lote tecnologico 140,"1374,41",12,Hardware
SSD v141,Lote tecnologico 141,"819,77",147,Hardware
SSD v142,Lote tecnologico 142,"552,01",25,Servicios
Mouse v143,Lote tecnologico 143,"516,35",29,Servicios
RAM v144,Lote tecnologico 144,"533,22",78,Software
Laptop v145,Lote tecnologico 145,"529,56",183,Servicios
Mouse v146,Lote tecnologico 146,"257,76",130,Servicios
Mouse v147,Lote tecnologico 147,"910,22",192,Hardware
Laptop v148,Lote tecnologico 148,"1232,57",191,Software
RAM v149,Lote tecnologico 149,"290,03",154,Software
RAM v150,Lote tecnologico 150,"684,07",119,Hardware
Teclado v151,Lote tecnologico 151,"440,9",79,Licencias
RAM v152,Lote tecnologico 152,"1318,08",111,Software
Laptop v153,Lote tecnologico 153,"967,85",175,Servicios
SSD v154,Lote tecnologico 154,"1181,25",148,Hardware
Mouse v155,Lote tecnologico 155,"215,67",138,Hardware
RAM v156,Lote tecnologico 156,"1097,6",190,Software
RAM v157,Lote tecnologico 157,"1289,02",157,Licencias
SSD v158,Lote tecnologico 158,"1348,46",146,Licencias
RAM v159,Lote tecnologico 159,"180,47",194,Licencias
Laptop v160,Lote tecnologico 160,"696,03",186,Hardware
SSD v161,Lote tecnologico 161,"1372,36",98,Hardware
Mouse v162,Lote tecnologico 162,"498,03",36,Software
Mouse v163,Lote tecnologico 163,"734,07",9,Software
RAM v164,Lote tecnologico 164,"411,73",60,Software
RAM v165,Lote tecnologico 165,"1497,09",85,Software
Laptop v166,Lote tecnologico 166,"290,26",185,Software
Laptop v167,Lote tecnologico 167,"118,79",101,Software
SSD v168,Lote tecnologico 168,"1433,09",80,Software
SSD v169,Lote tecnologico 169,"196,46",51,Servicios
Mouse v170,Lote tecnologico 170,"1419,3",13,Software
Mouse v171,Lote tecnologico 171,"259,19",98,Licencias
Laptop v172,Lote tecnologico 172,1117,174,Hardware
Teclado v173,Lote tecnologico 173,"1201,07",60,Servicios
Laptop v174,Lote tecnologico 174,"900,93",55,Servicios
Mouse v175,Lote tecnologico 175,"393,07",146,Hardware
Mouse v176,Lote tecnologico 176,"1196,56",179,Software
Monitor v177,Lote tecnologico 177,"1190,76",49,Software
Mouse v178,Lote tecnologico 178,"1041,57",147,Hardware
Monitor v179,Lote tecnologico 179,"1466,02",89,Software
Laptop v180,Lote tecnologico 180,"940,6",130,Hardware
SSD v181,Lote tecnologico 181,"87,69",33,Software
RAM v182,Lote tecnologico 182,"768,83",115,Licencias
RAM v183,Lote tecnologico 183,"173,18",180,Software
Mouse v184,Lote tecnologico 184,"1394,76",182,Servicios
Monitor v185,Lote tecnologico 185,"87,15",161,Software
Mouse v186,Lote tecnologico 186,"1031,9",3,Servicios
Laptop v187,Lote tecnologico 187,"483,3",47,Hardware
Mouse v188,Lote tecnologico 188,"430,53",103,Servicios
Mouse v189,Lote tecnologico 189,"129,52",193,Software
Laptop v190,Lote tecnologico 190,"1050,08",117,Hardware
Teclado v191,Lote tecnologico 191,"842,5",85,Software
SSD v192,Lote tecnologico 192,"1383,5",182,Software
SSD v193,Lote tecnologico 193,"147,22",65,Software
Laptop v194,Lote tecnologico 194,"1293,9",66,Hardware
Mouse v195,Lote tecnologico 195,"1261,14",150,Servicios
Teclado v196,Lote tecnologico 196,"1499,42",95,Servicios
Teclado v197,Lote tecnologico 197,"710,59",53,Servicios
Monitor v198,Lote tecnologico 198,"549,52",116,Servicios
SSD v199,Lote tecnologico 199,"573,78",104,Servicios
RAM v200,Lote tecnologico 200,"777,54",37,Licencias
SSD v201,Lote tecnologico 201,"866,15",180,Licencias
Monitor v202,Lote tecnologico 202,"556,68",87,Software
RAM v203,Lote tecnologico 203,"396,3",64,Licencias
RAM v204,Lote tecnologico 204,"1290,11",91,Servicios
RAM v205,Lote tecnologico 205,"722,22",141,Licencias
Monitor v206,Lote tecnologico 206,"239,29",25,Licencias
Laptop v207,Lote tecnologico 207,"352,41",4,Licencias
Monitor v208,Lote tecnologico 208,"1225,6",27,Hardware
Laptop v209,Lote tecnologico 209,"174,57",47,Hardware
Laptop v210,Lote tecnologico 210,"1112,96",108,Servicios
Monitor v211,Lote tecnologico 211,"392,58",182,Servicios
Mouse v212,Lote tecnologico 212,"802,1",24,Software
SSD v213,Lote tecnologico 213,664,30,Software
Teclado v214,Lote tecnologico 214,"308,49",82,Software
Laptop v215,Lote tecnologico 215,"894,51",11,Licencias
Mouse v216,Lote tecnologico 216,"51,36",154,Servicios
Monitor v217,Lote tecnologico 217,"292,95",72,Servicios
Laptop v218,Lote tecnologico 218,"1163,03",102,Software
RAM v219,Lote tecnologico 219,"926,5",89,Hardware
RAM v220,Lote tecnologico 220,"662,04",142,Hardware
RAM v221,Lote tecnologico 221,"1168,7",130,Licencias
SSD v222,Lote tecnologico 222,"851,52",13,Servicios
Monitor v223,Lote tecnologico 223,"1027,11",102,Licencias
Mouse v224,Lote tecnologico 224,"1496,61",164,Software
Monitor v225,Lote tecnologico 225,"1002,55",140,Licencias
SSD v226,Lote tecnologico 226,"342,82",142,Hardware
Teclado v227,Lote tecnologico 227,"769,97",95,Licencias
SSD v228,Lote tecnologico 228,"926,78",191,Hardware
RAM v229,Lote tecnologico 229,"1490,12",191,Hardware
RAM v230,Lote tecnologico 230,"664,48",174,Software
Laptop v231,Lote tecnologico 231,"560,43",95,Software
Mouse v232,Lote tecnologico 232,"1311,41",148,Licencias
Mouse v233,Lote tecnologico 233,"1410,16",38,Hardware
RAM v234,Lote tecnologico 234,"968,36",56,Hardware
Laptop v235,Lote tecnologico 235,"961,4",82,Servicios
Teclado v236,Lote tecnologico 236,"1288,09",70,Hardware
SSD v237,Lote tecnologico 237,"1002,73",125,Licencias
RAM v238,Lote tecnologico 238,"778,44",53,Hardware
Mouse v239,Lote tecnologico 239,"645,4",194,Software
SSD v240,Lote tecnologico 240,"265,42",16,Servicios
RAM v241,Lote tecnologico 241,"1002,48",153,Licencias
Monitor v242,Lote tecnologico 242,"823,46",24,Licencias
Laptop v243,Lote tecnologico 243,"1318,72",170,Hardware
Mouse v244,Lote tecnologico 244,"762,1",50,Servicios
Monitor v245,Lote tecnologico 245,"871,97",29,Hardware
SSD v246,Lote tecnologico 246,"1201,74",25,Hardware
Laptop v247,Lote tecnologico 247,"885,46",95,Hardware
SSD v248,Lote tecnologico 248,"959,38",62,Hardware
Monitor v249,Lote tecnologico 249,"551,51",177,Licencias
Teclado v250,Lote tecnologico 250,"547,81",195,Licencias
Teclado v251,Lote tecnologico 251,"629,78",55,Software
RAM v252,Lote tecnologico 252,"345,57",33,Software
RAM v253,Lote tecnologico 253,"1465,44",5,Software
Mouse v254,Lote tecnologico 254,"794,34",169,Hardware
Monitor v255,Lote tecnologico 255,"664,53",140,Hardware
Monitor v256,Lote tecnologico 256,"1459,14",27,Licencias
RAM v257,Lote tecnologico 257,"978,43",27,Licencias
Laptop v258,Lote tecnologico 258,"775,6",62,Licencias
RAM v259,Lote tecnologico 259,"1088,76",55,Licencias
Monitor v260,Lote tecnologico 260,"621,83",129,Hardware
Teclado v261,Lote tecnologico 261,"1444,75",44,Software
Teclado v262,Lote tecnologico 262,"1108,29",196,Licencias
RAM v263,Lote tecnologico 263,"461,2",64,Hardware
Mouse v264,Lote tecnologico 264,"167,11",5,Servicios
Laptop v265,Lote tecnologico 265,"541,01",159,Licencias
SSD v266,Lote tecnologico 266,"1470,1",165,Software
Monitor v267,Lote tecnologico 267,"1225,93",182,Hardware
Mouse v268,Lote tecnologico 268,"590,98",6,Hardware
Teclado v269,Lote tecnologico 269,"717,89",113,Hardware
Laptop v270,Lote tecnologico 270,"1449,3",149,Servicios
Teclado v271,Lote tecnologico 271,"128,55",105,Servicios
SSD v272,Lote tecnologico 272,"550,16",123,Licencias
Monitor v273,Lote tecnologico 273,"520,98",35,Servicios
Teclado v274,Lote tecnologico 274,"941,1",57,Software
RAM v275,Lote tecnologico 275,"698,97",125,Licencias
Mouse v276,Lote tecnologico 276,"1352,81",153,Software
Laptop v277,Lote tecnologico 277,"1077,22",113,Software
Laptop v278,Lote tecnologico 278,"636,44",82,Software
Monitor v279,Lote tecnologico 279,"519,52",51,Software
Monitor v280,Lote tecnologico 280,"1110,92",175,Licencias
Teclado v281,Lote tecnologico 281,"355,34",99,Software
Teclado v282,Lote tecnologico 282,"1114,8",59,Software
Monitor v283,Lote tecnologico 283,"673,83",97,Software
Mouse v284,Lote tecnologico 284,"78,83",12,Software
SSD v285,Lote tecnologico 285,"268,31",61,Servicios
RAM v286,Lote tecnologico 286,"614,95",55,Software
RAM v287,Lote tecnologico 287,"281,22",136,Licencias
RAM v288,Lote tecnologico 288,"444,83",171,Servicios
SSD v289,Lote tecnologico 289,"309,64",100,Servicios
Teclado v290,Lote tecnologico 290,"749,44",14,Licencias
Monitor v291,Lote tecnologico 291,"63,08",12,Servicios
SSD v292,Lote tecnologico 292,"1137,54",97,Licencias
Teclado v293,Lote tecnologico 293,"1098,23",32,Servicios
Teclado v294,Lote tecnologico 294,"521,35",9,Hardware
Mouse v295,Lote tecnologico 295,"204,8",125,Licencias
Teclado v296,Lote tecnologico 296,"1431,49",144,Licencias
Mouse v297,Lote tecnologico 297,"1277,23",76,Servicios
RAM v298,Lote tecnologico 298,"699,93",45,Hardware
Teclado v299,Lote tecnologico 299,"1221,18",172,Hardware
Monitor v300,Lote tecnologico 300,"981,74",76,Software
Monitor v301,Lote tecnologico 301,"1120,01",0,Servicios
Mouse v302,Lote tecnologico 302,"253,03",78,Hardware
Mouse v303,Lote tecnologico 303,"902,57",178,Software
RAM v304,Lote tecnologico 304,"727,7",135,Servicios
Laptop v305,Lote tecnologico 305,"1038,75",113,Software
Laptop v306,Lote tecnologico 306,"831,35",114,Hardware
Monitor v307,Lote tecnologico 307,"1287,96",120,Licencias
Mouse v308,Lote tecnologico 308,"324,96",196,Hardware
Teclado v309,Lote tecnologico 309,"722,74",21,Hardware
Teclado v310,Lote tecnologico 310,"339,24",185,Software
Monitor v311,Lote tecnologico 311,"765,97",158,Licencias
RAM v312,Lote tecnologico 312,"407,45",104,Servicios
SSD v313,Lote tecnologico 313,"709,79",50,Software
RAM v314,Lote tecnologico 314,"214,4",19,Hardware
Laptop v315,Lote tecnologico 315,"1242,21",184,Hardware
Teclado v316,Lote tecnologico 316,"327,88",143,Licencias
SSD v317,Lote tecnologico 317,"1309,94",85,Servicios
RAM v318,Lote tecnologico 318,"951,43",89,Licencias
Mouse v319,Lote tecnologico 319,"913,73",128,Hardware
Teclado v320,Lote tecnologico 320,"1430,54",54,Hardware
Monitor v321,Lote tecnologico 321,"1226,16",82,Servicios
Laptop v322,Lote tecnologico 322,"1179,56",103,Servicios
RAM v323,Lote tecnologico 323,"1131,12",24,Hardware
SSD v324,Lote tecnologico 324,"727,4",106,Software
RAM v325,Lote tecnologico 325,"1061,91",43,Hardware
Teclado v326,Lote tecnologico 326,"857,1",99,Software
Laptop v327,Lote tecnologico 327,"563,91",74,Servicios
Teclado v328,Lote tecnologico 328,"346,84",117,Servicios
Mouse v329,Lote tecnologico 329,"1476,42",105,Hardware
RAM v330,Lote tecnologico 330,"936,12",131,Hardware
SSD v331,Lote tecnologico 331,"1088,15",67,Software
Monitor v332,Lote tecnologico 332,"1078,43",21,Licencias
Teclado v333,Lote tecnologico 333,"418,45",71,Licencias
Monitor v334,Lote tecnologico 334,"418,14",165,Licencias
Laptop v335,Lote tecnologico 335,"713,09",99,Licencias
Teclado v336,Lote tecnologico 336,"792,22",133,Software
SSD v337,Lote tecnologico 337,"115,92",83,Licencias
Laptop v338,Lote tecnologico 338,"845,65",41,Licencias
Laptop v339,Lote tecnologico 339,"1309,24",171,Servicios
Teclado v340,Lote tecnologico 340,"192,88",130,Licencias
Teclado v341,Lote tecnologico 341,"1189,68",154,Servicios
RAM v342,Lote tecnologico 342,"585,64",177,Licencias
RAM v343,Lote tecnologico 343,"473,33",173,Hardware
RAM v344,Lote tecnologico 344,"1492,3",187,Software
Monitor v345,Lote tecnologico 345,"667,88",145,Software
Mouse v346,Lote tecnologico 346,"1412,86",65,Licencias
RAM v347,Lote tecnologico 347,"204,41",145,Servicios
SSD v348,Lote tecnologico 348,"1436,64",72,Software
Teclado v349,Lote tecnologico 349,"430,13",94,Hardware
Laptop v350,Lote tecnologico 350,"1000,24",7,Licencias
SSD v351,Lote tecnologico 351,"471,06",68,Servicios
Monitor v352,Lote tecnologico 352,"226,32",156,Licencias
Laptop v353,Lote tecnologico 353,"1035,41",16,Hardware
Teclado v354,Lote tecnologico 354,"619,98",78,Licencias
Laptop v355,Lote tecnologico 355,"1080,17",99,Servicios
Laptop v356,Lote tecnologico 356,"116,34",11,Licencias
Laptop v357,Lote tecnologico 357,"142,1",47,Licencias
SSD v358,Lote tecnologico 358,"754,02",142,Servicios
Laptop v359,Lote tecnologico 359,"651,23",79,Licencias
Monitor v360,Lote tecnologico 360,"820,87",104,Hardware
RAM v361,Lote tecnologico 361,"296,1",167,Software
Laptop v362,Lote tecnologico 362,"298,97",178,Hardware
Mouse v363,Lote tecnologico 363,"1416,27",29,Licencias
Monitor v364,Lote tecnologico 364,"1243,7",23,Servicios
Mouse v365,Lote tecnologico 365,"793,29",4,Hardware
Monitor v366,Lote tecnologico 366,"186,08",181,Licencias
SSD v367,Lote tecnologico 367,"620,32",53,Hardware
Teclado v368,Lote tecnologico 368,"708,05",0,Servicios
RAM v369,Lote tecnologico 369,"389,13",145,Licencias
Mouse v370,Lote tecnologico 370,"941,9",89,Licencias
Laptop v371,Lote tecnologico 371,"857,13",111,Servicios
Mouse v372,Lote tecnologico 372,"891,07",97,Licencias
Monitor v373,Lote tecnologico 373,"185,01",89,Servicios
RAM v374,Lote tecnologico 374,"674,38",2,Servicios
RAM v375,Lote tecnologico 375,"58,79",143,Licencias
Laptop v376,Lote tecnologico 376,"721,26",142,Software
Teclado v377,Lote tecnologico 377,"1422,49",34,Software
Mouse v378,Lote tecnologico 378,"1037,37",84,Licencias
Mouse v379,Lote tecnologico 379,"320,1",172,Servicios
Monitor v380,Lote tecnologico 380,"704,24",142,Licencias
RAM v381,Lote tecnologico 381,"1479,16",146,Licencias
Monitor v382,Lote tecnologico 382,"263,16",29,Software
RAM v383,Lote tecnologico 383,"1249,18",38,Software
Mouse v384,Lote tecnologico 384,"430,86",113,Hardware
Mouse v385,Lote tecnologico 385,"737,32",125,Licencias
SSD v386,Lote tecnologico 386,"1198,02",69,Hardware
RAM v387,Lote tecnologico 387,"614,07",124,Servicios
RAM v388,Lote tecnologico 388,"681,32",110,Servicios
RAM v389,Lote tecnologico 389,"655,02",93,Servicios
Teclado v390,Lote tecnologico 390,"156,93",13,Software
Laptop v391,Lote tecnologico 391,"978,72",17,Software
Monitor v392,Lote tecnologico 392,"1427,21",18,Hardware
Monitor v393,Lote tecnologico 393,"330,78",29,Hardware
RAM v394,Lote tecnologico 394,"60,49",59,Licencias
SSD v395,Lote tecnologico 395,"569,46",28,Licencias
Mouse v396,Lote tecnologico 396,"732,64",155,Hardware
SSD v397,Lote tecnologico 397,"778,31",172,Licencias
Monitor v398,Lote tecnologico 398,"815,13",44,Servicios
Mouse v399,Lote tecnologico 399,"93,43",71,Software
Mouse v400,Lote tecnologico 400,"668,13",116,Hardware
Mouse v401,Lote tecnologico 401,"1025,49",80,Hardware
SSD v402,Lote tecnologico 402,"473,92",1,Software
Teclado v403,Lote tecnologico 403,"692,17",63,Servicios
SSD v404,Lote tecnologico 404,"960,09",19,Licencias
Laptop v405,Lote tecnologico 405,"893,1",31,Hardware
Teclado v406,Lote tecnologico 406,"1253,63",1,Hardware
Monitor v407,Lote tecnologico 407,"1459,93",39,Servicios
SSD v408,Lote tecnologico 408,491,1,Software
Monitor v409,Lote tecnologico 409,"1175,32",139,Licencias
Monitor v410,Lote tecnologico 410,"389,82",134,Software
Laptop v411,Lote tecnologico 411,"1005,7",18,Hardware
SSD v412,Lote tecnologico 412,"1449,11",109,Licencias
RAM v413,Lote tecnologico 413,"993,9",78,Servicios
Monitor v414,Lote tecnologico 414,"1461,69",37,Software
SSD v415,Lote tecnologico 415,"1430,71",88,Hardware
Teclado v416,Lote tecnologico 416,"1027,63",171,Hardware
SSD v417,Lote tecnologico 417,"1142,77",97,Servicios
Laptop v418,Lote tecnologico 418,"718,7",75,Hardware
Mouse v419,Lote tecnologico 419,"728,34",37,Licencias
Laptop v420,Lote tecnologico 420,"501,11",43,Licencias
Mouse v421,Lote tecnologico 421,"896,79",7,Licencias
Teclado v422,Lote tecnologico 422,"544,53",168,Servicios
RAM v423,Lote tecnologico 423,"837,92",134,Licencias
Laptop v424,Lote tecnologico 424,"1096,79",161,Licencias
Monitor v425,Lote tecnologico 425,"1468,54",85,Servicios
SSD v426,Lote tecnologico 426,"1315,13",9,Servicios
Monitor v427,Lote tecnologico 427,"578,36",192,Licencias
Mouse v428,Lote tecnologico 428,"1290,21",34,Licencias
SSD v429,Lote tecnologico 429,"1382,41",105,Licencias
Mouse v430,Lote tecnologico 430,"905,42",160,Licencias
RAM v431,Lote tecnologico 431,"1057,68",53,Software
Mouse v432,Lote tecnologico 432,"1078,03",54,Licencias
RAM v433,Lote tecnologico 433,"1240,25",6,Servicios
Teclado v434,Lote tecnologico 434,"1258,64",2,Servicios
SSD v435,Lote tecnologico 435,"1211,64",117,Software
Monitor v436,Lote tecnologico 436,"881,78",162,Licencias
SSD v437,Lote tecnologico 437,"742,6",15,Licencias
Monitor v438,Lote tecnologico 438,"873,71",72,Hardware
SSD v439,Lote tecnologico 439,"255,25",185,Hardware
RAM v440,Lote tecnologico 440,"1167,13",77,Software
Laptop v441,Lote tecnologico 441,"277,93",104,Hardware
SSD v442,Lote tecnologico 442,"673,34",2,Software
SSD v443,Lote tecnologico 443,"1295,51",192,Software
Mouse v444,Lote tecnologico 444,"1110,51",19,Software
Laptop v445,Lote tecnologico 445,"248,12",50,Licencias
Laptop v446,Lote tecnologico 446,"309,39",156,Licencias
Monitor v447,Lote tecnologico 447,"481,53",35,Servicios
SSD v448,Lote tecnologico 448,"78,89",59,Servicios
RAM v449,Lote tecnologico 449,698,10,Servicios
SSD v450,Lote tecnologico 450,"401,55",103,Software
RAM v451,Lote tecnologico 451,"137,97",65,Hardware
RAM v452,Lote tecnologico 452,"238,07",31,Hardware
Laptop v453,Lote tecnologico 453,"211,47",73,Servicios
RAM v454,Lote tecnologico 454,"1051,12",93,Hardware
RAM v455,Lote tecnologico 455,"1392,87",107,Servicios
SSD v456,Lote tecnologico 456,"727,91",41,Servicios
Laptop v457,Lote tecnologico 457,"206,58",111,Hardware
Laptop v458,Lote tecnologico 458,"1400,32",133,Servicios
Monitor v459,Lote tecnologico 459,"263,81",153,Servicios
Teclado v460,Lote tecnologico 460,"841,09",135,Licencias
Monitor v461,Lote tecnologico 461,"950,47",63,Servicios
SSD v462,Lote tecnologico 462,"1014,9",73,Licencias
Mouse v463,Lote tecnologico 463,"541,89",161,Servicios
Mouse v464,Lote tecnologico 464,"1088,74",180,Licencias
Laptop v465,Lote tecnologico 465,"438,57",69,Hardware
RAM v466,Lote tecnologico 466,"139,59",197,Software
Teclado v467,Lote tecnologico 467,"1183,44",28,Hardware
Monitor v468,Lote tecnologico 468,"925,58",80,Servicios
SSD v469,Lote tecnologico 469,"282,52",22,Licencias
RAM v470,Lote tecnologico 470,"650,98",111,Hardware
RAM v471,Lote tecnologico 471,"758,7",172,Licencias
SSD v472,Lote tecnologico 472,"1279,39",100,Servicios
SSD v473,Lote tecnologico 473,"1403,14",38,Software
SSD v474,Lote tecnologico 474,"911,02",72,Servicios
Teclado v475,Lote tecnologico 475,"530,61",133,Servicios
SSD v476,Lote tecnologico 476,"480,75",114,Hardware
SSD v477,Lote tecnologico 477,"740,24",94,Servicios
Monitor v478,Lote tecnologico 478,"1447,63",155,Servicios
Laptop v479,Lote tecnologico 479,"953,34",125,Servicios
Mouse v480,Lote tecnologico 480,"161,8",162,Hardware
Teclado v481,Lote tecnologico 481,"1448,67",143,Software
SSD v482,Lote tecnologico 482,"652,13",163,Hardware
SSD v483,Lote tecnologico 483,"635,23",89,Software
Monitor v484,Lote tecnologico 484,"978,81",92,Software
Monitor v485,Lote tecnologico 485,"636,42",110,Servicios
Mouse v486,Lote tecnologico 486,"263,99",171,Hardware
Mouse v487,Lote tecnologico 487,"93,32",114,Hardware
SSD v488,Lote tecnologico 488,"512,77",24,Software
Mouse v489,Lote tecnologico 489,"1314,75",102,Software
Teclado v490,Lote tecnologico 490,"664,24",129,Servicios
Monitor v491,Lote tecnologico 491,"972,6",131,Licencias
SSD v492,Lote tecnologico 492,"125,57",88,Software
Teclado v493,Lote tecnologico 493,"1336,52",182,Licencias
Teclado v494,Lote tecnologico 494,"1121,34",11,Servicios
Mouse v495,Lote tecnologico 495,"272,31",1,Hardware
Laptop v496,Lote tecnologico 496,"732,52",71,Licencias
RAM v497,Lote tecnologico 497,"753,13",36,Hardware
Laptop v498,Lote tecnologico 498,"1189,29",73,Software
Monitor v499,Lote tecnologico 499,"461,64",117,Servicios
Teclado v500,Lote tecnologico 500,"1214,52",121,Licencias
RAM v501,Lote tecnologico 501,"1261,33",55,Servicios
Laptop v502,Lote tecnologico 502,"855,51",2,Software
SSD v503,Lote tecnologico 503,"510,22",15,Servicios
Monitor v504,Lote tecnologico 504,"968,61",117,Servicios
SSD v505,Lote tecnologico 505,"1330,29",41,Hardware
RAM v506,Lote tecnologico 506,"292,79",182,Servicios
Monitor v507,Lote tecnologico 507,"356,14",169,Software
Laptop v508,Lote tecnologico 508,"288,47",131,Servicios
Monitor v509,Lote tecnologico 509,"1205,51",93,Software
SSD v510,Lote tecnologico 510,"519,91",73,Licencias
Monitor v511,Lote tecnologico 511,"554,26",152,Software
SSD v512,Lote tecnologico 512,"920,92",153,Software
Monitor v513,Lote tecnologico 513,"442,36",122,Hardware
Teclado v514,Lote tecnologico 514,"1468,74",190,Software
Mouse v515,Lote tecnologico 515,"779,28",165,Servicios
SSD v516,Lote tecnologico 516,"581,07",102,Software
Monitor v517,Lote tecnologico 517,"555,37",29,Hardware
RAM v518,Lote tecnologico 518,"83,3",37,Licencias
Laptop v519,Lote tecnologico 519,"901,43",33,Hardware
Laptop v520,Lote tecnologico 520,"602,91",130,Servicios
SSD v521,Lote tecnologico 521,"1171,16",17,Hardware
RAM v522,Lote tecnologico 522,"746,18",22,Servicios
Teclado v523,Lote tecnologico 523,"863,55",110,Servicios
SSD v524,Lote tecnologico 524,"1456,12",53,Licencias
Mouse v525,Lote tecnologico 525,"979,73",130,Servicios
Laptop v526,Lote tecnologico 526,"602,53",171,Licencias
SSD v527,Lote tecnologico 527,"835,16",119,Servicios
RAM v528,Lote tecnologico 528,"562,27",168,Hardware
SSD v529,Lote tecnologico 529,"1147,81",170,Hardware
Teclado v530,Lote tecnologico 530,"1414,08",107,Hardware
RAM v531,Lote tecnologico 531,"779,76",137,Hardware
Laptop v532,Lote tecnologico 532,"286,34",70,Servicios
Teclado v533,Lote tecnologico 533,"881,66",140,Licencias
SSD v534,Lote tecnologico 534,"1214,21",191,Servicios
RAM v535,Lote tecnologico 535,"1270,1",13,Hardware
Laptop v536,Lote tecnologico 536,"166,21",176,Licencias
Laptop v537,Lote tecnologico 537,"1127,93",37,Licencias
Mouse v538,Lote tecnologico 538,"1001,39",0,Hardware
RAM v539,Lote tecnologico 539,"1094,95",119,Servicios
Teclado v540,Lote tecnologico 540,"454,13",80,Hardware
Laptop v541,Lote tecnologico 541,"1005,77",154,Licencias
Mouse v542,Lote tecnologico 542,"407,79",148,Servicios
Monitor v543,Lote tecnologico 543,"140,26",180,Licencias
Teclado v544,Lote tecnologico 544,"346,27",55,Servicios
Mouse v545,Lote tecnologico 545,"256,02",138,Servicios
RAM v546,Lote tecnologico 546,"291,33",141,Servicios
Teclado v547,Lote tecnologico 547,"559,97",197,Software
Mouse v548,Lote tecnologico 548,"297,33",154,Servicios
SSD v549,Lote tecnologico 549,"1256,63",139,Servicios
Monitor v550,Lote tecnologico 550,"1191,52",169,Hardware
SSD v551,Lote tecnologico 551,"694,27",68,Hardware
Mouse v552,Lote tecnologico 552,"1309,28",3,Software
RAM v553,Lote tecnologico 553,"1491,78",146,Software
Monitor v554,Lote tecnologico 554,"1282,79",131,Hardware
SSD v555,Lote tecnologico 555,"859,88",104,Licencias
Monitor v556,Lote tecnologico 556,"1484,45",3,Servicios
Monitor v557,Lote tecnologico 557,"1336,35",10,Licencias
Teclado v558,Lote tecnologico 558,"1083,73",84,Servicios
SSD v559,Lote tecnologico 559,"125,72",73,Software
Monitor v560,Lote tecnologico 560,"495,71",11,Hardware
RAM v561,Lote tecnologico 561,"823,75",0,Servicios
Monitor v562,Lote tecnologico 562,"1239,82",123,Hardware
Mouse v563,Lote tecnologico 563,"916,5",185,Servicios
SSD v564,Lote tecnologico 564,"679,1",91,Hardware
Monitor v565,Lote tecnologico 565,"480,7",49,Software
Mouse v566,Lote tecnologico 566,"686,46",1,Licencias
Monitor v567,Lote tecnologico 567,"595,99",120,Licencias
Laptop v568,Lote tecnologico 568,"623,85",64,Servicios
Mouse v569,Lote tecnologico 569,"998,28",157,Licencias
Laptop v570,Lote tecnologico 570,"835,85",101,Software
Monitor v571,Lote tecnologico 571,"955,85",152,Servicios
Teclado v572,Lote tecnologico 572,"426,11",158,Hardware
SSD v573,Lote tecnologico 573,"133,19",145,Licencias
SSD v574,Lote tecnologico 574,"718,44",56,Licencias
Monitor v575,Lote tecnologico 575,"1331,27",96,Servicios
Laptop v576,Lote tecnologico 576,"1297,09",14,Servicios
RAM v577,Lote tecnologico 577,"877,83",11,Software
Teclado v578,Lote tecnologico 578,"357,5",71,Hardware
SSD v579,Lote tecnologico 579,"262,98",162,Hardware
Monitor v580,Lote tecnologico 580,"1376,8",31,Servicios
RAM v581,Lote tecnologico 581,"1409,4",51,Licencias
Teclado v582,Lote tecnologico 582,"1024,75",198,Licencias
Monitor v583,Lote tecnologico 583,"658,27",51,Hardware
Monitor v584,Lote tecnologico 584,"789,83",89,Licencias
SSD v585,Lote tecnologico 585,"1339,73",86,Software
Monitor v586,Lote tecnologico 586,"433,2",83,Licencias
RAM v587,Lote tecnologico 587,"104,3",149,Servicios
Mouse v588,Lote tecnologico 588,"553,77",86,Licencias
Monitor v589,Lote tecnologico 589,"546,22",45,Hardware
Mouse v590,Lote tecnologico 590,"585,12",91,Licencias
Laptop v591,Lote tecnologico 591,"759,17",110,Licencias
Mouse v592,Lote tecnologico 592,"171,52",22,Software
Mouse v593,Lote tecnologico 593,"1439,15",33,Software
Teclado v594,Lote tecnologico 594,"323,89",134,Licencias
SSD v595,Lote tecnologico 595,"1015,4",54,Hardware
SSD v596,Lote tecnologico 596,"1068,51",29,Licencias
RAM v597,Lote tecnologico 597,"769,76",47,Hardware
Teclado v598,Lote tecnologico 598,"1335,42",58,Licencias
Mouse v599,Lote tecnologico 599,"565,17",42,Hardware
RAM v600,Lote tecnologico 600,"1075,95",12,Servicios
Monitor v601,Lote tecnologico 601,"889,54",131,Hardware
SSD v602,Lote tecnologico 602,"489,3",101,Licencias
Teclado v603,Lote tecnologico 603,"803,9",133,Hardware
Teclado v604,Lote tecnologico 604,"1300,31",105,Hardware
Laptop v605,Lote tecnologico 605,"1238,03",38,Servicios
Teclado v606,Lote tecnologico 606,"364,84",80,Servicios
RAM v607,Lote tecnologico 607,67,185,Software
SSD v608,Lote tecnologico 608,"687,21",197,Servicios
Teclado v609,Lote tecnologico 609,"1405,18",87,Licencias
Mouse v610,Lote tecnologico 610,"1424,5",52,Hardware
Mouse v611,Lote tecnologico 611,"479,34",0,Servicios
Mouse v612,Lote tecnologico 612,"220,66",74,Hardware
Teclado v613,Lote tecnologico 613,"1073,12",117,Software
Mouse v614,Lote tecnologico 614,"1136,23",114,Software
Monitor v615,Lote tecnologico 615,"765,12",124,Hardware
Mouse v616,Lote tecnologico 616,"470,96",91,Servicios
Teclado v617,Lote tecnologico 617,"429,45",196,Servicios
Laptop v618,Lote tecnologico 618,"171,2",109,Licencias
Teclado v619,Lote tecnologico 619,"1102,51",187,Servicios
Monitor v620,Lote tecnologico 620,"965,46",150,Servicios
RAM v621,Lote tecnologico 621,"503,14",57,Hardware
SSD v622,Lote tecnologico 622,"1159,46",72,Hardware
Mouse v623,Lote tecnologico 623,"1476,63",179,Hardware
Laptop v624,Lote tecnologico 624,"1083,93",166,Hardware
Mouse v625,Lote tecnologico 625,"657,35",51,Servicios
SSD v626,Lote tecnologico 626,"1462,24",121,Servicios
RAM v627,Lote tecnologico 627,"430,5",60,Servicios
Mouse v628,Lote tecnologico 628,"1264,86",169,Hardware
RAM v629,Lote tecnologico 629,"1384,3",137,Software
SSD v630,Lote tecnologico 630,"185,04",28,Licencias
Monitor v631,Lote tecnologico 631,"1173,27",29,Licencias
Monitor v632,Lote tecnologico 632,"1361,3",111,Servicios
Monitor v633,Lote tecnologico 633,"919,42",167,Licencias
Mouse v634,Lote tecnologico 634,"717,28",175,Licencias
Mouse v635,Lote tecnologico 635,"1004,65",19,Hardware
Laptop v636,Lote tecnologico 636,"269,72",134,Hardware
Teclado v637,Lote tecnologico 637,"426,06",190,Hardware
Mouse v638,Lote tecnologico 638,"926,24",22,Servicios
Teclado v639,Lote tecnologico 639,"733,72",86,Software
Mouse v640,Lote tecnologico 640,"544,51",130,Hardware
RAM v641,Lote tecnologico 641,"1140,81",29,Software
Teclado v642,Lote tecnologico 642,"852,59",24,Licencias
Monitor v643,Lote tecnologico 643,"1019,8",44,Software
SSD v644,Lote tecnologico 644,"952,65",40,Licencias
Monitor v645,Lote tecnologico 645,"1090,22",46,Hardware
RAM v646,Lote tecnologico 646,"878,67",192,Software
Teclado v647,Lote tecnologico 647,"229,75",55,Software
RAM v648,Lote tecnologico 648,"666,01",194,Software
Teclado v649,Lote tecnologico 649,"266,82",85,Hardware
Teclado v650,Lote tecnologico 650,"571,05",103,Servicios
Mouse v651,Lote tecnologico 651,"916,81",49,Licencias
Teclado v652,Lote tecnologico 652,"904,95",155,Licencias
SSD v653,Lote tecnologico 653,"1234,85",31,Software
Laptop v654,Lote tecnologico 654,"291,84",19,Software
Mouse v655,Lote tecnologico 655,"500,9",65,Servicios
Mouse v656,Lote tecnologico 656,"1222,57",60,Software
Monitor v657,Lote tecnologico 657,"1303,64",120,Hardware
Mouse v658,Lote tecnologico 658,"1001,13",107,Licencias
Mouse v659,Lote tecnologico 659,"1352,57",68,Servicios
Monitor v660,Lote tecnologico 660,"1173,4",53,Licencias
Laptop v661,Lote tecnologico 661,315,20,Software
Teclado v662,Lote tecnologico 662,"1310,29",12,Licencias
SSD v663,Lote tecnologico 663,"610,31",178,Servicios
Laptop v664,Lote tecnologico 664,"1243,61",185,Servicios
RAM v665,Lote tecnologico 665,"617,43",18,Licencias
Laptop v666,Lote tecnologico 666,"1454,3",187,Software
SSD v667,Lote tecnologico 667,"773,62",19,Hardware
Monitor v668,Lote tecnologico 668,"228,04",162,Licencias
RAM v669,Lote tecnologico 669,"95,88",88,Servicios
Mouse v670,Lote tecnologico 670,"1072,18",168,Servicios
SSD v671,Lote tecnologico 671,"778,57",126,Software
SSD v672,Lote tecnologico 672,"985,99",193,Servicios
SSD v673,Lote tecnologico 673,"442,27",199,Software
Teclado v674,Lote tecnologico 674,"1293,96",113,Servicios
RAM v675,Lote tecnologico 675,"1223,03",62,Software
RAM v676,Lote tecnologico 676,"1407,2",177,Hardware
Laptop v677,Lote tecnologico 677,"1489,39",121,Servicios
RAM v678,Lote tecnologico 678,"1420,04",142,Servicios
RAM v679,Lote tecnologico 679,"1377,67",114,Software
RAM v680,Lote tecnologico 680,"1319,6",8,Hardware
Laptop v681,Lote tecnologico 681,"72,45",18,Servicios
Monitor v682,Lote tecnologico 682,"546,54",71,Licencias
RAM v683,Lote tecnologico 683,"533,11",175,Servicios
Monitor v684,Lote tecnologico 684,"345,63",55,Servicios
RAM v685,Lote tecnologico 685,"642,69",35,Software
SSD v686,Lote tecnologico 686,"1167,82",70,Software
Laptop v687,Lote tecnologico 687,"1322,86",145,Hardware
RAM v688,Lote tecnologico 688,"736,51",174,Licencias
Mouse v689,Lote tecnologico 689,"240,52",111,Licencias
RAM v690,Lote tecnologico 690,"902,11",9,Licencias
SSD v691,Lote tecnologico 691,"1231,02",133,Servicios
Laptop v692,Lote tecnologico 692,"1048,27",187,Hardware
SSD v693,Lote tecnologico 693,1245,14,Licencias
Monitor v694,Lote tecnologico 694,"285,03",22,Licencias
Laptop v695,Lote tecnologico 695,"1450,01",97,Hardware
Teclado v696,Lote tecnologico 696,"1036,09",167,Software
Mouse v697,Lote tecnologico 697,"53,31",21,Hardware
Teclado v698,Lote tecnologico 698,"239,64",20,Licencias
SSD v699,Lote tecnologico 699,"1475,13",129,Software
Laptop v700,Lote tecnologico 700,"434,71",147,Hardware
Teclado v701,Lote tecnologico 701,"94,53",10,Hardware
SSD v702,Lote tecnologico 702,"882,61",190,Hardware
Laptop v703,Lote tecnologico 703,"1054,7",151,Software
Laptop v704,Lote tecnologico 704,"272,95",178,Hardware
RAM v705,Lote tecnologico 705,"1321,07",15,Software
RAM v706,Lote tecnologico 706,"1309,56",125,Software
Laptop v707,Lote tecnologico 707,"1169,77",176,Servicios
Monitor v708,Lote tecnologico 708,"1127,43",164,Hardware
Laptop v709,Lote tecnologico 709,"1491,96",168,Servicios
RAM v710,Lote tecnologico 710,"1134,47",77,Servicios
SSD v711,Lote tecnologico 711,"907,03",178,Software
Teclado v712,Lote tecnologico 712,"512,66",117,Hardware
Monitor v713,Lote tecnologico 713,"1359,5",45,Software
Teclado v714,Lote tecnologico 714,"1223,3",187,Hardware
Mouse v715,Lote tecnologico 715,"757,16",140,Software
Teclado v716,Lote tecnologico 716,"870,32",106,Hardware
Mouse v717,Lote tecnologico 717,"976,83",81,Licencias
Teclado v718,Lote tecnologico 718,"1291,48",51,Hardware
Mouse v719,Lote tecnologico 719,"707,98",43,Hardware
Mouse v720,Lote tecnologico 720,"1053,46",149,Licencias
RAM v721,Lote tecnologico 721,"1427,46",111,Hardware
SSD v722,Lote tecnologico 722,"761,1",122,Software
RAM v723,Lote tecnologico 723,"168,84",48,Hardware
Mouse v724,Lote tecnologico 724,492,72,Licencias
Mouse v725,Lote tecnologico 725,"622,7",115,Servicios
Teclado v726,Lote tecnologico 726,"1256,69",122,Hardware
SSD v727,Lote tecnologico 727,"785,36",44,Servicios
Monitor v728,Lote tecnologico 728,"769,69",143,Software
Monitor v729,Lote tecnologico 729,"62,16",56,Servicios
Mouse v730,Lote tecnologico 730,"425,69",102,Hardware
Teclado v731,Lote tecnologico 731,"676,26",171,Licencias
SSD v732,Lote tecnologico 732,"78,83",66,Licencias
Laptop v733,Lote tecnologico 733,"1264,57",6,Software
Monitor v734,Lote tecnologico 734,"268,02",21,Licencias
Mouse v735,Lote tecnologico 735,"1143,46",96,Software
Mouse v736,Lote tecnologico 736,"740,18",167,Software
Monitor v737,Lote tecnologico 737,"372,83",179,Hardware
RAM v738,Lote tecnologico 738,"1439,72",75,Licencias
SSD v739,Lote tecnologico 739,"917,36",179,Hardware
RAM v740,Lote tecnologico 740,"364,16",184,Hardware
Laptop v741,Lote tecnologico 741,"391,29",97,Software
RAM v742,Lote tecnologico 742,"844,44",88,Hardware
Laptop v743,Lote tecnologico 743,"1404,1",97,Licencias
Mouse v744,Lote tecnologico 744,"1254,37",111,Servicios
SSD v745,Lote tecnologico 745,"710,18",31,Licencias
Monitor v746,Lote tecnologico 746,"293,73",149,Software
Teclado v747,Lote tecnologico 747,"276,05",135,Hardware
RAM v748,Lote tecnologico 748,"768,33",36,Licencias
RAM v749,Lote tecnologico 749,"441,91",61,Licencias
RAM v750,Lote tecnologico 750,"138,71",123,Software
Teclado v751,Lote tecnologico 751,"1230,69",168,Servicios
SSD v752,Lote tecnologico 752,"1254,76",125,Software
Laptop v753,Lote tecnologico 753,"1119,93",64,Licencias
RAM v754,Lote tecnologico 754,"731,22",28,Licencias
SSD v755,Lote tecnologico 755,"874,74",141,Licencias
Laptop v756,Lote tecnologico 756,"600,41",29,Software
Laptop v757,Lote tecnologico 757,"501,58",130,Servicios
Monitor v758,Lote tecnologico 758,"1485,62",168,Licencias
Teclado v759,Lote tecnologico 759,"573,66",51,Hardware
Mouse v760,Lote tecnologico 760,"414,08",54,Servicios
Laptop v761,Lote tecnologico 761,"1149,04",198,Software
SSD v762,Lote tecnologico 762,"781,59",126,Software
Laptop v763,Lote tecnologico 763,"803,54",199,Hardware
SSD v764,Lote tecnologico 764,"348,25",19,Servicios
Teclado v765,Lote tecnologico 765,"222,11",49,Licencias
SSD v766,Lote tecnologico 766,"607,95",158,Software
Mouse v767,Lote tecnologico 767,"1456,21",12,Servicios
Mouse v768,Lote tecnologico 768,"616,28",37,Licencias
Mouse v769,Lote tecnologico 769,"140,32",17,Licencias
Teclado v770,Lote tecnologico 770,"1006,66",73,Servicios
SSD v771,Lote tecnologico 771,"159,57",62,Servicios
SSD v772,Lote tecnologico 772,"842,29",33,Licencias
Monitor v773,Lote tecnologico 773,"94,11",11,Servicios
Mouse v774,Lote tecnologico 774,"653,7",70,Servicios
Mouse v775,Lote tecnologico 775,"274,13",45,Servicios
Monitor v776,Lote tecnologico 776,"662,91",188,Hardware
Laptop v777,Lote tecnologico 777,"584,4",164,Software
SSD v778,Lote tecnologico 778,"768,66",86,Servicios
RAM v779,Lote tecnologico 779,"317,24",95,Licencias
SSD v780,Lote tecnologico 780,"327,13",44,Software
Monitor v781,Lote tecnologico 781,"1378,32",180,Servicios
Mouse v782,Lote tecnologico 782,"87,31",32,Hardware
RAM v783,Lote tecnologico 783,"646,32",168,Servicios
RAM v784,Lote tecnologico 784,"773,32",57,Hardware
Monitor v785,Lote tecnologico 785,"283,23",193,Servicios
SSD v786,Lote tecnologico 786,"1029,49",16,Software
Laptop v787,Lote tecnologico 787,"738,02",130,Licencias
SSD v788,Lote tecnologico 788,"1458,79",28,Software
Mouse v789,Lote tecnologico 789,"1323,06",102,Hardware
Teclado v790,Lote tecnologico 790,"864,4",80,Hardware
Monitor v791,Lote tecnologico 791,"1040,84",84,Licencias
Mouse v792,Lote tecnologico 792,"78,17",46,Hardware
Monitor v793,Lote tecnologico 793,"947,97",90,Software
SSD v794,Lote tecnologico 794,"640,11",39,Software
RAM v795,Lote tecnologico 795,"279,64",25,Servicios
Laptop v796,Lote tecnologico 796,"1346,64",37,Servicios
Mouse v797,Lote tecnologico 797,"465,55",163,Software
Monitor v798,Lote tecnologico 798,"419,87",5,Licencias
RAM v799,Lote tecnologico 799,"766,27",83,Licencias
Monitor v800,Lote tecnologico 800,"136,96",175,Licencias
RAM v801,Lote tecnologico 801,"695,14",135,Hardware
SSD v802,Lote tecnologico 802,"1436,86",8,Servicios
SSD v803,Lote tecnologico 803,"1392,79",188,Licencias
RAM v804,Lote tecnologico 804,"1348,33",86,Servicios
Mouse v805,Lote tecnologico 805,"500,77",88,Software
RAM v806,Lote tecnologico 806,"833,51",54,Hardware
Monitor v807,Lote tecnologico 807,"580,03",181,Licencias
SSD v808,Lote tecnologico 808,"209,55",195,Licencias
Laptop v809,Lote tecnologico 809,"1443,7",94,Hardware
Monitor v810,Lote tecnologico 810,"511,54",118,Hardware
Monitor v811,Lote tecnologico 811,"967,67",20,Software
Laptop v812,Lote tecnologico 812,"211,02",9,Servicios
Monitor v813,Lote tecnologico 813,"401,22",185,Software
Mouse v814,Lote tecnologico 814,"1294,16",118,Licencias
Mouse v815,Lote tecnologico 815,"1374,55",110,Hardware
SSD v816,Lote tecnologico 816,"716,53",14,Hardware
Teclado v817,Lote tecnologico 817,"449,71",152,Software
Laptop v818,Lote tecnologico 818,"484,28",151,Servicios
SSD v819,Lote tecnologico 819,"1052,63",198,Hardware
Mouse v820,Lote tecnologico 820,"1256,61",11,Servicios
Mouse v821,Lote tecnologico 821,"1092,39",101,Software
SSD v822,Lote tecnologico 822,"1411,32",104,Software
Laptop v823,Lote tecnologico 823,"1223,91",38,Hardware
Monitor v824,Lote tecnologico 824,"217,83",87,Servicios
Laptop v825,Lote tecnologico 825,"190,4",63,Software
RAM v826,Lote tecnologico 826,"597,31",113,Hardware
Monitor v827,Lote tecnologico 827,"957,29",63,Hardware
SSD v828,Lote tecnologico 828,"921,03",44,Servicios
Laptop v829,Lote tecnologico 829,"994,68",70,Hardware
Teclado v830,Lote tecnologico 830,"1465,32",61,Licencias
Laptop v831,Lote tecnologico 831,"208,82",24,Software
Mouse v832,Lote tecnologico 832,"280,78",61,Licencias
RAM v833,Lote tecnologico 833,"1221,55",94,Licencias
Mouse v834,Lote tecnologico 834,"469,3",163,Servicios
SSD v835,Lote tecnologico 835,"573,48",114,Hardware
Mouse v836,Lote tecnologico 836,"691,96",32,Hardware
Monitor v837,Lote tecnologico 837,"1257,76",76,Software
RAM v838,Lote tecnologico 838,"1152,06",165,Licencias
RAM v839,Lote tecnologico 839,"163,48",12,Servicios
RAM v840,Lote tecnologico 840,"642,48",170,Hardware
SSD v841,Lote tecnologico 841,"1411,47",190,Software
Mouse v842,Lote tecnologico 842,"1402,9",119,Licencias
Laptop v843,Lote tecnologico 843,"1153,82",95,Licencias
RAM v844,Lote tecnologico 844,"509,25",138,Hardware
RAM v845,Lote tecnologico 845,"235,42",137,Licencias
SSD v846,Lote tecnologico 846,240,141,Licencias
SSD v847,Lote tecnologico 847,"695,66",116,Software
RAM v848,Lote tecnologico 848,"778,97",164,Software
SSD v849,Lote tecnologico 849,"1066,53",29,Software
Mouse v850,Lote tecnologico 850,"419,25",121,Licencias
Monitor v851,Lote tecnologico 851,"489,3",26,Hardware
Teclado v852,Lote tecnologico 852,"1286,13",70,Licencias
RAM v853,Lote tecnologico 853,"707,12",177,Servicios
Monitor v854,Lote tecnologico 854,"459,64",77,Hardware
Teclado v855,Lote tecnologico 855,"1365,58",129,Licencias
Teclado v856,Lote tecnologico 856,"358,95",128,Hardware
Laptop v857,Lote tecnologico 857,"602,44",15,Hardware
Monitor v858,Lote tecnologico 858,"1008,58",144,Hardware
RAM v859,Lote tecnologico 859,"1115,75",57,Servicios
RAM v860,Lote tecnologico 860,"1438,11",109,Hardware
Teclado v861,Lote tecnologico 861,"57,75",14,Software
Teclado v862,Lote tecnologico 862,"1177,95",115,Software
SSD v863,Lote tecnologico 863,"411,58",130,Licencias
RAM v864,Lote tecnologico 864,"1052,49",20,Licencias
Monitor v865,Lote tecnologico 865,"1251,7",157,Licencias
Mouse v866,Lote tecnologico 866,"920,57",178,Hardware
Mouse v867,Lote tecnologico 867,"176,05",120,Servicios
Mouse v868,Lote tecnologico 868,"845,42",139,Software
Monitor v869,Lote tecnologico 869,"1470,83",64,Software
Monitor v870,Lote tecnologico 870,"1183,98",171,Licencias
Teclado v871,Lote tecnologico 871,"434,67",132,Licencias
Monitor v872,Lote tecnologico 872,"730,24",196,Licencias
RAM v873,Lote tecnologico 873,"686,04",136,Hardware
Teclado v874,Lote tecnologico 874,"830,33",43,Hardware
Monitor v875,Lote tecnologico 875,"481,13",192,Hardware
RAM v876,Lote tecnologico 876,"869,75",198,Hardware
Teclado v877,Lote tecnologico 877,"494,05",75,Servicios
Monitor v878,Lote tecnologico 878,"943,63",38,Licencias
Teclado v879,Lote tecnologico 879,"1086,36",21,Software
SSD v880,Lote tecnologico 880,"940,52",118,Licencias
Laptop v881,Lote tecnologico 881,"184,52",15,Licencias
Teclado v882,Lote tecnologico 882,"1433,34",117,Licencias
RAM v883,Lote tecnologico 883,"377,03",54,Licencias
Teclado v884,Lote tecnologico 884,"1113,88",43,Servicios
Teclado v885,Lote tecnologico 885,"1331,32",132,Software
RAM v886,Lote tecnologico 886,"608,89",121,Software
Monitor v887,Lote tecnologico 887,"1337,97",22,Software
Monitor v888,Lote tecnologico 888,"681,21",102,Licencias
Laptop v889,Lote tecnologico 889,"376,12",78,Servicios
SSD v890,Lote tecnologico 890,"1329,3",176,Licencias
Teclado v891,Lote tecnologico 891,"173,3",160,Servicios
Monitor v892,Lote tecnologico 892,"536,22",119,Software
Monitor v893,Lote tecnologico 893,"394,66",83,Software
SSD v894,Lote tecnologico 894,"810,09",129,Hardware
Mouse v895,Lote tecnologico 895,"1205,44",129,Software
Monitor v896,Lote tecnologico 896,"265,32",170,Software
Laptop v897,Lote tecnologico 897,"382,94",72,Software
Mouse v898,Lote tecnologico 898,"107,97",165,Servicios
RAM v899,Lote tecnologico 899,"726,77",171,Servicios
SSD v900,Lote tecnologico 900,"188,98",148,Hardware
Laptop v901,Lote tecnologico 901,"1237,63",12,Software
SSD v902,Lote tecnologico 902,"1026,03",78,Licencias
Teclado v903,Lote tecnologico 903,"884,38",188,Servicios
SSD v904,Lote tecnologico 904,"224,27",96,Software
RAM v905,Lote tecnologico 905,"722,91",156,Hardware
Monitor v906,Lote tecnologico 906,"60,26",148,Hardware
RAM v907,Lote tecnologico 907,"215,65",182,Licencias
Teclado v908,Lote tecnologico 908,"996,14",175,Licencias
RAM v909,Lote tecnologico 909,"265,23",101,Hardware
Laptop v910,Lote tecnologico 910,"350,86",2,Software
RAM v911,Lote tecnologico 911,"1378,67",123,Software
RAM v912,Lote tecnologico 912,"659,38",81,Servicios
Mouse v913,Lote tecnologico 913,"819,6",58,Hardware
Monitor v914,Lote tecnologico 914,"518,65",192,Hardware
Teclado v915,Lote tecnologico 915,"1001,43",6,Software
SSD v916,Lote tecnologico 916,"262,35",86,Hardware
RAM v917,Lote tecnologico 917,612,24,Software
RAM v918,Lote tecnologico 918,"258,94",15,Servicios
Monitor v919,Lote tecnologico 919,"292,76",49,Servicios
RAM v920,Lote tecnologico 920,"1336,83",114,Licencias
Mouse v921,Lote tecnologico 921,"1365,42",148,Hardware
RAM v922,Lote tecnologico 922,"51,32",48,Software
SSD v923,Lote tecnologico 923,"183,6",101,Hardware
RAM v924,Lote tecnologico 924,"694,09",113,Hardware
Mouse v925,Lote tecnologico 925,"898,53",122,Software
Laptop v926,Lote tecnologico 926,"828,34",50,Software
Mouse v927,Lote tecnologico 927,"60,44",36,Hardware
Monitor v928,Lote tecnologico 928,"729,43",141,Licencias
Laptop v929,Lote tecnologico 929,"551,76",117,Licencias
Monitor v930,Lote tecnologico 930,"1291,62",100,Hardware
SSD v931,Lote tecnologico 931,"219,24",138,Software
Laptop v932,Lote tecnologico 932,"533,22",68,Licencias
SSD v933,Lote tecnologico 933,"687,09",12,Software
Monitor v934,Lote tecnologico 934,"1075,64",162,Servicios
SSD v935,Lote tecnologico 935,"612,98",66,Hardware
SSD v936,Lote tecnologico 936,"641,83",9,Servicios
Mouse v937,Lote tecnologico 937,"243,89",143,Licencias
Laptop v938,Lote tecnologico 938,"527,27",142,Licencias
RAM v939,Lote tecnologico 939,"1109,22",72,Software
Mouse v940,Lote tecnologico 940,"892,8",183,Hardware
Teclado v941,Lote tecnologico 941,"572,01",22,Hardware
Monitor v942,Lote tecnologico 942,"65,38",151,Licencias
SSD v943,Lote tecnologico 943,"1354,02",45,Servicios
Mouse v944,Lote tecnologico 944,"1060,69",20,Software
Monitor v945,Lote tecnologico 945,"1021,39",65,Servicios
SSD v946,Lote tecnologico 946,"268,59",99,Licencias
Monitor v947,Lote tecnologico 947,1209,163,Servicios
Monitor v948,Lote tecnologico 948,"1457,98",5,Servicios
Laptop v949,Lote tecnologico 949,"1451,81",195,Licencias
Monitor v950,Lote tecnologico 950,"60,4",147,Servicios
SSD v951,Lote tecnologico 951,"665,08",82,Hardware
Laptop v952,Lote tecnologico 952,"622,65",49,Licencias
Teclado v953,Lote tecnologico 953,"620,68",84,Servicios
SSD v954,Lote tecnologico 954,"540,36",108,Servicios
Mouse v955,Lote tecnologico 955,"769,52",108,Software
Monitor v956,Lote tecnologico 956,"166,37",171,Hardware
Monitor v957,Lote tecnologico 957,"658,32",41,Hardware
SSD v958,Lote tecnologico 958,"864,11",66,Licencias
Teclado v959,Lote tecnologico 959,"1488,2",48,Hardware
Laptop v960,Lote tecnologico 960,"1434,76",194,Software
SSD v961,Lote tecnologico 961,"753,43",55,Hardware
SSD v962,Lote tecnologico 962,"1240,61",127,Hardware
Teclado v963,Lote tecnologico 963,"420,01",105,Servicios
Laptop v964,Lote tecnologico 964,"244,92",37,Servicios
Teclado v965,Lote tecnologico 965,"1110,27",147,Hardware
Laptop v966,Lote tecnologico 966,"1218,83",75,Licencias
RAM v967,Lote tecnologico 967,"1015,37",112,Software
Teclado v968,Lote tecnologico 968,"190,76",61,Software
Laptop v969,Lote tecnologico 969,"917,22",20,Software
Laptop v970,Lote tecnologico 970,"1223,71",171,Software
Teclado v971,Lote tecnologico 971,"1224,39",196,Software
Teclado v972,Lote tecnologico 972,"1161,56",177,Licencias
Laptop v973,Lote tecnologico 973,"844,43",187,Hardware
Laptop v974,Lote tecnologico 974,"224,95",95,Licencias
SSD v975,Lote tecnologico 975,"303,47",145,Hardware
Mouse v976,Lote tecnologico 976,"947,13",180,Servicios
Laptop v977,Lote tecnologico 977,"364,77",58,Hardware
Teclado v978,Lote tecnologico 978,"1247,55",178,Servicios
RAM v979,Lote tecnologico 979,"248,45",33,Hardware
Monitor v980,Lote tecnologico 980,"723,1",141,Licencias
Monitor v981,Lote tecnologico 981,"915,5",134,Hardware
Monitor v982,Lote tecnologico 982,"1256,85",77,Servicios
Mouse v983,Lote tecnologico 983,"594,2",172,Licencias
SSD v984,Lote tecnologico 984,"933,26",113,Servicios
RAM v985,Lote tecnologico 985,"417,61",23,Software
Mouse v986,Lote tecnologico 986,"1380,68",198,Licencias
Mouse v987,Lote tecnologico 987,"1138,34",39,Servicios
SSD v988,Lote tecnologico 988,"1462,66",0,Software
Teclado v989,Lote tecnologico 989,"517,45",51,Hardware
Teclado v990,Lote tecnologico 990,"562,69",97,Software
Teclado v991,Lote tecnologico 991,"750,32",176,Licencias
Monitor v992,Lote tecnologico 992,"764,15",78,Hardware
Mouse v993,Lote tecnologico 993,"1088,26",154,Hardware
SSD v994,Lote tecnologico 994,"516,47",179,Software
Monitor v995,Lote tecnologico 995,"732,45",192,Licencias
Mouse v996,Lote tecnologico 996,"975,83",138,Servicios
Teclado v997,Lote tecnologico 997,"536,28",94,Software
Laptop v998,Lote tecnologico 998,"132,04",115,Hardware
SSD v999,Lote tecnologico 999,"601,59",82,Licencias
Laptop v1000,Lote tecnologico 1000,"630,24",66,Software
Mouse v1001,Lote tecnologico 1001,"937,22",54,Servicios
Laptop v1002,Lote tecnologico 1002,"1082,57",179,Licencias
RAM v1003,Lote tecnologico 1003,"133,36",165,Servicios
Mouse v1004,Lote tecnologico 1004,"478,56",86,Servicios
RAM v1005,Lote tecnologico 1005,"1414,1",180,Software
Laptop v1006,Lote tecnologico 1006,"995,06",143,Licencias
Teclado v1007,Lote tecnologico 1007,"226,44",90,Hardware
Laptop v1008,Lote tecnologico 1008,"867,34",144,Servicios
RAM v1009,Lote tecnologico 1009,"555,96",64,Hardware
Laptop v1010,Lote tecnologico 1010,"1247,25",36,Hardware
RAM v1011,Lote tecnologico 1011,"166,26",13,Software
SSD v1012,Lote tecnologico 1012,"767,74",134,Servicios
SSD v1013,Lote tecnologico 1013,"1073,93",39,Hardware
RAM v1014,Lote tecnologico 1014,"478,65",5,Software
RAM v1015,Lote tecnologico 1015,"939,78",6,Software
Monitor v1016,Lote tecnologico 1016,"1187,53",34,Licencias
Mouse v1017,Lote tecnologico 1017,"1421,16",1,Servicios
RAM v1018,Lote tecnologico 1018,"81,38",131,Licencias
Mouse v1019,Lote tecnologico 1019,"1379,37",38,Licencias
Laptop v1020,Lote tecnologico 1020,"435,16",8,Servicios
RAM v1021,Lote tecnologico 1021,"103,47",83,Licencias
Monitor v1022,Lote tecnologico 1022,"1056,06",129,Software
Monitor v1023,Lote tecnologico 1023,"1424,82",42,Software
Teclado v1024,Lote tecnologico 1024,"1426,21",81,Hardware
Monitor v1025,Lote tecnologico 1025,"1481,81",143,Hardware
Monitor v1026,Lote tecnologico 1026,"1285,6",87,Licencias
Monitor v1027,Lote tecnologico 1027,"1489,27",122,Licencias
Mouse v1028,Lote tecnologico 1028,"580,53",1,Hardware
RAM v1029,Lote tecnologico 1029,"1387,37",125,Servicios
Laptop v1030,Lote tecnologico 1030,"515,9",29,Servicios
RAM v1031,Lote tecnologico 1031,"1216,23",92,Servicios
Mouse v1032,Lote tecnologico 1032,"186,62",91,Servicios
Mouse v1033,Lote tecnologico 1033,"631,56",39,Servicios
Teclado v1034,Lote tecnologico 1034,"672,32",128,Software
Teclado v1035,Lote tecnologico 1035,"596,57",78,Software
Teclado v1036,Lote tecnologico 1036,"765,93",31,Software
SSD v1037,Lote tecnologico 1037,"1193,67",1,Licencias
Teclado v1038,Lote tecnologico 1038,"923,99",155,Software
SSD v1039,Lote tecnologico 1039,"1143,27",116,Licencias
RAM v1040,Lote tecnologico 1040,"351,21",161,Software
Mouse v1041,Lote tecnologico 1041,"571,14",100,Servicios
Laptop v1042,Lote tecnologico 1042,"1031,42",38,Servicios
SSD v1043,Lote tecnologico 1043,"994,2",167,Hardware
Teclado v1044,Lote tecnologico 1044,"1404,41",189,Hardware
SSD v1045,Lote tecnologico 1045,"908,97",13,Hardware
Monitor v1046,Lote tecnologico 1046,"687,26",128,Hardware
Laptop v1047,Lote tecnologico 1047,"1358,84",110,Hardware
Mouse v1048,Lote tecnologico 1048,"964,26",33,Servicios
Teclado v1049,Lote tecnologico 1049,"804,82",113,Software
Mouse v1050,Lote tecnologico 1050,"180,14",118,Licencias
Laptop v1051,Lote tecnologico 1051,"180,31",130,Hardware
RAM v1052,Lote tecnologico 1052,"768,46",64,Software
Laptop v1053,Lote tecnologico 1053,"341,73",164,Hardware
Teclado v1054,Lote tecnologico 1054,"713,27",185,Servicios
SSD v1055,Lote tecnologico 1055,"430,42",150,Software
Laptop v1056,Lote tecnologico 1056,"658,02",122,Hardware
Laptop v1057,Lote tecnologico 1057,"654,79",128,Licencias
RAM v1058,Lote tecnologico 1058,"810,11",16,Software
SSD v1059,Lote tecnologico 1059,"1231,07",24,Licencias
Monitor v1060,Lote tecnologico 1060,"114,59",4,Servicios
Laptop v1061,Lote tecnologico 1061,"803,57",20,Servicios
RAM v1062,Lote tecnologico 1062,"1115,99",171,Software
Monitor v1063,Lote tecnologico 1063,"1001,27",10,Software
Laptop v1064,Lote tecnologico 1064,"1104,54",9,Servicios
RAM v1065,Lote tecnologico 1065,"947,24",80,Hardware
Mouse v1066,Lote tecnologico 1066,"844,77",69,Hardware
Mouse v1067,Lote tecnologico 1067,"365,79",128,Licencias
Laptop v1068,Lote tecnologico 1068,"833,5",187,Hardware
Mouse v1069,Lote tecnologico 1069,"694,07",136,Hardware
Teclado v1070,Lote tecnologico 1070,"351,6",126,Servicios
SSD v1071,Lote tecnologico 1071,"831,13",61,Hardware
SSD v1072,Lote tecnologico 1072,"747,85",187,Servicios
Mouse v1073,Lote tecnologico 1073,"720,01",65,Servicios
Mouse v1074,Lote tecnologico 1074,"1290,77",8,Hardware
SSD v1075,Lote tecnologico 1075,"384,75",35,Hardware
RAM v1076,Lote tecnologico 1076,"223,78",84,Licencias
Teclado v1077,Lote tecnologico 1077,"283,38",169,Software
RAM v1078,Lote tecnologico 1078,"1346,1",73,Servicios
Mouse v1079,Lote tecnologico 1079,"1070,2",184,Hardware
Teclado v1080,Lote tecnologico 1080,"1007,55",73,Hardware
RAM v1081,Lote tecnologico 1081,"672,7",29,Hardware
RAM v1082,Lote tecnologico 1082,"601,9",165,Servicios
RAM v1083,Lote tecnologico 1083,"287,98",65,Software
Teclado v1084,Lote tecnologico 1084,"328,59",139,Software
Laptop v1085,Lote tecnologico 1085,"1190,24",131,Hardware
RAM v1086,Lote tecnologico 1086,"1124,54",140,Hardware
Monitor v1087,Lote tecnologico 1087,"807,93",46,Licencias
RAM v1088,Lote tecnologico 1088,"1406,44",139,Software
Laptop v1089,Lote tecnologico 1089,"998,02",149,Licencias
SSD v1090,Lote tecnologico 1090,"357,31",12,Servicios
Monitor v1091,Lote tecnologico 1091,"608,32",105,Software
Mouse v1092,Lote tecnologico 1092,"873,13",198,Software
Teclado v1093,Lote tecnologico 1093,"733,06",15,Servicios
Monitor v1094,Lote tecnologico 1094,"678,28",23,Software
Teclado v1095,Lote tecnologico 1095,"367,29",121,Servicios
Monitor v1096,Lote tecnologico 1096,"115,21",177,Servicios
Teclado v1097,Lote tecnologico 1097,"905,34",124,Servicios
Teclado v1098,Lote tecnologico 1098,"179,3",18,Hardware
Monitor v1099,Lote tecnologico 1099,"125,04",124,Software
Laptop v1100,Lote tecnologico 1100,"242,62",152,Software
Laptop v1101,Lote tecnologico 1101,"340,32",116,Servicios
RAM v1102,Lote tecnologico 1102,118,142,Software
RAM v1103,Lote tecnologico 1103,"1229,71",152,Software
RAM v1104,Lote tecnologico 1104,"1483,85",1,Licencias
SSD v1105,Lote tecnologico 1105,"792,84",153,Hardware
Monitor v1106,Lote tecnologico 1106,"745,78",54,Hardware
Monitor v1107,Lote tecnologico 1107,"613,96",117,Software
Teclado v1108,Lote tecnologico 1108,"226,5",193,Software
Mouse v1109,Lote tecnologico 1109,"714,73",52,Licencias
Teclado v1110,Lote tecnologico 1110,"1054,44",138,Servicios
Laptop v1111,Lote tecnologico 1111,"964,56",143,Software
Mouse v1112,Lote tecnologico 1112,"1160,06",112,Hardware
Monitor v1113,Lote tecnologico 1113,"132,41",39,Licencias
RAM v1114,Lote tecnologico 1114,245,141,Licencias
Teclado v1115,Lote tecnologico 1115,"586,03",156,Hardware
Mouse v1116,Lote tecnologico 1116,"977,28",111,Software
Laptop v1117,Lote tecnologico 1117,"661,1",41,Servicios
Monitor v1118,Lote tecnologico 1118,"1453,36",45,Servicios
Mouse v1119,Lote tecnologico 1119,"92,55",0,Servicios
Laptop v1120,Lote tecnologico 1120,"928,28",29,Hardware
Teclado v1121,Lote tecnologico 1121,"91,77",34,Software
Monitor v1122,Lote tecnologico 1122,"281,94",12,Software
Mouse v1123,Lote tecnologico 1123,"588,42",129,Licencias
Laptop v1124,Lote tecnologico 1124,"134,47",68,Hardware
RAM v1125,Lote tecnologico 1125,"634,46",116,Software
Laptop v1126,Lote tecnologico 1126,"1053,84",104,Software
Teclado v1127,Lote tecnologico 1127,"179,36",73,Hardware
Mouse v1128,Lote tecnologico 1128,"699,77",178,Licencias
SSD v1129,Lote tecnologico 1129,"653,7",33,Licencias
Teclado v1130,Lote tecnologico 1130,"778,4",29,Software
RAM v1131,Lote tecnologico 1131,"1410,83",111,Servicios
Monitor v1132,Lote tecnologico 1132,"554,78",102,Licencias
SSD v1133,Lote tecnologico 1133,"643,49",167,Software
RAM v1134,Lote tecnologico 1134,"154,7",62,Servicios
RAM v1135,Lote tecnologico 1135,"1328,38",37,Servicios
Teclado v1136,Lote tecnologico 1136,"1118,99",14,Licencias
Monitor v1137,Lote tecnologico 1137,"1091,67",51,Hardware
Mouse v1138,Lote tecnologico 1138,"1024,77",115,Software
Mouse v1139,Lote tecnologico 1139,"1099,31",32,Hardware
Laptop v1140,Lote tecnologico 1140,"1160,2",175,Licencias
SSD v1141,Lote tecnologico 1141,"191,11",98,Servicios
Teclado v1142,Lote tecnologico 1142,"204,3",16,Licencias
RAM v1143,Lote tecnologico 1143,"356,67",168,Licencias
Laptop v1144,Lote tecnologico 1144,"733,9",193,Software
RAM v1145,Lote tecnologico 1145,"1036,11",193,Software
Teclado v1146,Lote tecnologico 1146,"835,07",73,Software
RAM v1147,Lote tecnologico 1147,"533,53",122,Licencias
RAM v1148,Lote tecnologico 1148,"885,55",186,Software
Monitor v1149,Lote tecnologico 1149,"139,29",97,Servicios
Laptop v1150,Lote tecnologico 1150,"591,99",83,Software
Laptop v1151,Lote tecnologico 1151,"671,83",48,Software
RAM v1152,Lote tecnologico 1152,"325,75",183,Licencias
RAM v1153,Lote tecnologico 1153,"727,79",126,Software
SSD v1154,Lote tecnologico 1154,"891,92",188,Hardware
RAM v1155,Lote tecnologico 1155,"1493,7",45,Hardware
Laptop v1156,Lote tecnologico 1156,"1051,28",29,Servicios
Monitor v1157,Lote tecnologico 1157,"1277,72",118,Licencias
Monitor v1158,Lote tecnologico 1158,"376,83",56,Software
RAM v1159,Lote tecnologico 1159,"523,41",171,Hardware
RAM v1160,Lote tecnologico 1160,"1420,41",195,Software
Mouse v1161,Lote tecnologico 1161,"924,88",135,Servicios
Monitor v1162,Lote tecnologico 1162,"886,28",168,Licencias
SSD v1163,Lote tecnologico 1163,"1209,62",127,Licencias
Monitor v1164,Lote tecnologico 1164,"343,14",141,Licencias
Mouse v1165,Lote tecnologico 1165,"460,41",73,Software
Mouse v1166,Lote tecnologico 1166,"266,32",145,Servicios
RAM v1167,Lote tecnologico 1167,"459,82",29,Hardware
Laptop v1168,Lote tecnologico 1168,"590,51",91,Software
SSD v1169,Lote tecnologico 1169,"355,48",181,Software
Mouse v1170,Lote tecnologico 1170,"226,25",70,Software
SSD v1171,Lote tecnologico 1171,"590,03",44,Servicios
RAM v1172,Lote tecnologico 1172,"456,52",20,Hardware
SSD v1173,Lote tecnologico 1173,"1483,56",0,Software
Mouse v1174,Lote tecnologico 1174,"1351,79",17,Hardware
Teclado v1175,Lote tecnologico 1175,"52,27",166,Licencias
SSD v1176,Lote tecnologico 1176,"1478,88",142,Software
Teclado v1177,Lote tecnologico 1177,"582,15",99,Hardware
Teclado v1178,Lote tecnologico 1178,"753,76",130,Hardware
Laptop v1179,Lote tecnologico 1179,"1350,84",58,Servicios
Laptop v1180,Lote tecnologico 1180,"1149,82",122,Software
Teclado v1181,Lote tecnologico 1181,"1267,45",41,Software
Monitor v1182,Lote tecnologico 1182,"150,04",85,Hardware
Teclado v1183,Lote tecnologico 1183,"726,79",72,Hardware
SSD v1184,Lote tecnologico 1184,"732,98",61,Licencias
RAM v1185,Lote tecnologico 1185,"520,03",178,Licencias
Monitor v1186,Lote tecnologico 1186,"1293,1",95,Software
Teclado v1187,Lote tecnologico 1187,"1472,68",74,Servicios
RAM v1188,Lote tecnologico 1188,"816,55",179,Hardware
Monitor v1189,Lote tecnologico 1189,"365,16",190,Licencias
Monitor v1190,Lote tecnologico 1190,"540,86",37,Hardware
RAM v1191,Lote tecnologico 1191,"803,67",166,Servicios
Laptop v1192,Lote tecnologico 1192,"1159,03",87,Software
Teclado v1193,Lote tecnologico 1193,"801,57",77,Software
Laptop v1194,Lote tecnologico 1194,"94,54",165,Hardware
Teclado v1195,Lote tecnologico 1195,"576,8",91,Servicios
Monitor v1196,Lote tecnologico 1196,"949,26",110,Software
Monitor v1197,Lote tecnologico 1197,"817,35",159,Software
Monitor v1198,Lote tecnologico 1198,"725,1",66,Hardware
RAM v1199,Lote tecnologico 1199,"393,51",195,Hardware
Laptop v1200,Lote tecnologico 1200,"1335,52",167,Licencias
Mouse v1201,Lote tecnologico 1201,"1478,26",43,Software
SSD v1202,Lote tecnologico 1202,"320,66",41,Licencias
Teclado v1203,Lote tecnologico 1203,"195,97",176,Software
Monitor v1204,Lote tecnologico 1204,"586,27",117,Software
Laptop v1205,Lote tecnologico 1205,"617,25",190,Servicios
RAM v1206,Lote tecnologico 1206,"426,04",79,Software
Teclado v1207,Lote tecnologico 1207,"246,59",42,Hardware
Mouse v1208,Lote tecnologico 1208,"649,93",192,Software
Mouse v1209,Lote tecnologico 1209,"960,23",115,Hardware
Laptop v1210,Lote tecnologico 1210,"291,7",29,Licencias
Mouse v1211,Lote tecnologico 1211,"865,14",169,Hardware
SSD v1212,Lote tecnologico 1212,"963,83",42,Licencias
SSD v1213,Lote tecnologico 1213,"1020,79",148,Hardware
RAM v1214,Lote tecnologico 1214,"1244,13",140,Hardware
Teclado v1215,Lote tecnologico 1215,"78,23",22,Licencias
SSD v1216,Lote tecnologico 1216,"116,53",6,Servicios
SSD v1217,Lote tecnologico 1217,"1334,27",156,Servicios
Monitor v1218,Lote tecnologico 1218,"182,93",135,Hardware
RAM v1219,Lote tecnologico 1219,"532,12",61,Hardware
Monitor v1220,Lote tecnologico 1220,"1253,7",96,Hardware
Teclado v1221,Lote tecnologico 1221,"123,63",9,Servicios
Laptop v1222,Lote tecnologico 1222,"89,96",187,Licencias
Mouse v1223,Lote tecnologico 1223,"1439,7",65,Licencias
Mouse v1224,Lote tecnologico 1224,"1222,57",107,Software
Laptop v1225,Lote tecnologico 1225,"771,96",99,Licencias
SSD v1226,Lote tecnologico 1226,"1426,93",124,Hardware
Mouse v1227,Lote tecnologico 1227,"290,41",144,Hardware
RAM v1228,Lote tecnologico 1228,"523,42",30,Hardware
Mouse v1229,Lote tecnologico 1229,"1285,4",60,Software
Laptop v1230,Lote tecnologico 1230,"691,57",89,Licencias
Mouse v1231,Lote tecnologico 1231,"1343,01",110,Hardware
Laptop v1232,Lote tecnologico 1232,"97,19",125,Hardware
RAM v1233,Lote tecnologico 1233,"701,95",56,Servicios
Mouse v1234,Lote tecnologico 1234,"135,38",184,Software
RAM v1235,Lote tecnologico 1235,"1269,15",70,Hardware
Monitor v1236,Lote tecnologico 1236,"1238,87",120,Software
RAM v1237,Lote tecnologico 1237,"124,35",170,Servicios
Mouse v1238,Lote tecnologico 1238,"1406,63",124,Servicios
Mouse v1239,Lote tecnologico 1239,"852,16",45,Software
Mouse v1240,Lote tecnologico 1240,"223,9",4,Software
Mouse v1241,Lote tecnologico 1241,"896,7",111,Hardware
Laptop v1242,Lote tecnologico 1242,"1113,16",101,Licencias
Monitor v1243,Lote tecnologico 1243,"148,26",187,Hardware
Mouse v1244,Lote tecnologico 1244,"68,13",125,Licencias
Laptop v1245,Lote tecnologico 1245,"311,62",139,Licencias
SSD v1246,Lote tecnologico 1246,"97,29",10,Licencias
RAM v1247,Lote tecnologico 1247,"789,38",156,Software
Laptop v1248,Lote tecnologico 1248,"1454,16",59,Licencias
Mouse v1249,Lote tecnologico 1249,"147,18",131,Licencias
Monitor v1250,Lote tecnologico 1250,"1431,96",164,Servicios
Laptop v1251,Lote tecnologico 1251,"266,06",11,Licencias
Laptop v1252,Lote tecnologico 1252,"1240,43",149,Servicios
Mouse v1253,Lote tecnologico 1253,"556,45",192,Hardware
Monitor v1254,Lote tecnologico 1254,"678,84",96,Licencias
Monitor v1255,Lote tecnologico 1255,"1320,07",9,Software
Teclado v1256,Lote tecnologico 1256,"781,56",42,Servicios
Mouse v1257,Lote tecnologico 1257,"538,5",37,Licencias
Teclado v1258,Lote tecnologico 1258,"1073,19",118,Hardware
Laptop v1259,Lote tecnologico 1259,"469,89",189,Servicios
Monitor v1260,Lote tecnologico 1260,"1196,12",74,Hardware
Laptop v1261,Lote tecnologico 1261,"847,72",5,Servicios
Mouse v1262,Lote tecnologico 1262,"659,4",128,Servicios
Teclado v1263,Lote tecnologico 1263,"1145,9",11,Servicios
RAM v1264,Lote tecnologico 1264,"1363,47",54,Software
SSD v1265,Lote tecnologico 1265,"864,72",144,Licencias
SSD v1266,Lote tecnologico 1266,"818,81",78,Hardware
SSD v1267,Lote tecnologico 1267,"1483,15",178,Hardware
Mouse v1268,Lote tecnologico 1268,"1182,1",148,Software
Laptop v1269,Lote tecnologico 1269,"648,61",50,Software
SSD v1270,Lote tecnologico 1270,"275,65",63,Hardware
Monitor v1271,Lote tecnologico 1271,"658,2",173,Servicios
Laptop v1272,Lote tecnologico 1272,"418,51",168,Licencias
Laptop v1273,Lote tecnologico 1273,"1228,99",71,Software
RAM v1274,Lote tecnologico 1274,"526,37",158,Hardware
Monitor v1275,Lote tecnologico 1275,"1218,81",193,Licencias
SSD v1276,Lote tecnologico 1276,"794,73",54,Licencias
Monitor v1277,Lote tecnologico 1277,"925,02",12,Software
Monitor v1278,Lote tecnologico 1278,"245,19",95,Licencias
Mouse v1279,Lote tecnologico 1279,"619,48",100,Servicios
SSD v1280,Lote tecnologico 1280,"306,23",30,Hardware
SSD v1281,Lote tecnologico 1281,"1441,22",12,Hardware
Mouse v1282,Lote tecnologico 1282,"1093,23",104,Servicios
RAM v1283,Lote tecnologico 1283,"255,22",112,Servicios
SSD v1284,Lote tecnologico 1284,"340,88",55,Software
Laptop v1285,Lote tecnologico 1285,"310,52",120,Software
Monitor v1286,Lote tecnologico 1286,"1232,3",110,Licencias
Monitor v1287,Lote tecnologico 1287,"841,79",14,Software
Monitor v1288,Lote tecnologico 1288,"826,42",82,Hardware
RAM v1289,Lote tecnologico 1289,"1049,93",57,Hardware
Teclado v1290,Lote tecnologico 1290,"874,61",139,Hardware
Laptop v1291,Lote tecnologico 1291,"391,86",189,Servicios
Mouse v1292,Lote tecnologico 1292,"549,74",106,Licencias
Laptop v1293,Lote tecnologico 1293,"99,08",24,Servicios
Mouse v1294,Lote tecnologico 1294,"294,09",116,Licencias
RAM v1295,Lote tecnologico 1295,"1163,05",69,Hardware
Teclado v1296,Lote tecnologico 1296,"1050,31",126,Software
Mouse v1297,Lote tecnologico 1297,"1171,84",73,Hardware
Teclado v1298,Lote tecnologico 1298,"254,37",155,Software
Mouse v1299,Lote tecnologico 1299,"443,84",110,Servicios
Laptop v1300,Lote tecnologico 1300,"468,97",63,Licencias
Monitor v1301,Lote tecnologico 1301,"647,15",139,Software
Monitor v1302,Lote tecnologico 1302,"1286,87",20,Software
Monitor v1303,Lote tecnologico 1303,"340,16",61,Licencias
Monitor v1304,Lote tecnologico 1304,"974,6",184,Software
Teclado v1305,Lote tecnologico 1305,"684,19",61,Software
Laptop v1306,Lote tecnologico 1306,"1151,4",95,Software
Monitor v1307,Lote tecnologico 1307,"933,91",89,Servicios
Monitor v1308,Lote tecnologico 1308,"907,01",188,Software
Mouse v1309,Lote tecnologico 1309,"558,37",14,Licencias
Mouse v1310,Lote tecnologico 1310,"415,7",107,Licencias
Monitor v1311,Lote tecnologico 1311,"262,49",158,Licencias
Monitor v1312,Lote tecnologico 1312,"1439,32",101,Servicios
Monitor v1313,Lote tecnologico 1313,"125,75",73,Hardware
Mouse v1314,Lote tecnologico 1314,"1352,4",67,Licencias
Mouse v1315,Lote tecnologico 1315,"375,37",147,Software
Laptop v1316,Lote tecnologico 1316,"1184,95",158,Software
Mouse v1317,Lote tecnologico 1317,"1438,87",33,Software
Mouse v1318,Lote tecnologico 1318,"386,96",32,Software
Monitor v1319,Lote tecnologico 1319,"340,83",23,Licencias
Mouse v1320,Lote tecnologico 1320,"1391,82",81,Software
Mouse v1321,Lote tecnologico 1321,"213,69",74,Licencias
RAM v1322,Lote tecnologico 1322,"807,33",166,Servicios
RAM v1323,Lote tecnologico 1323,"1481,59",25,Licencias
Mouse v1324,Lote tecnologico 1324,"1498,49",16,Software
SSD v1325,Lote tecnologico 1325,"462,07",93,Licencias
SSD v1326,Lote tecnologico 1326,"1101,16",90,Licencias
Monitor v1327,Lote tecnologico 1327,"253,13",103,Licencias
Monitor v1328,Lote tecnologico 1328,"344,44",47,Hardware
SSD v1329,Lote tecnologico 1329,"1434,32",11,Hardware
RAM v1330,Lote tecnologico 1330,"66,85",86,Software
Teclado v1331,Lote tecnologico 1331,"1362,85",2,Software
Teclado v1332,Lote tecnologico 1332,"185,79",129,Licencias
Mouse v1333,Lote tecnologico 1333,"1044,78",105,Licencias
Mouse v1334,Lote tecnologico 1334,"1233,99",64,Licencias
Mouse v1335,Lote tecnologico 1335,"1065,84",131,Licencias
Mouse v1336,Lote tecnologico 1336,"809,36",32,Licencias
SSD v1337,Lote tecnologico 1337,"976,04",155,Servicios
SSD v1338,Lote tecnologico 1338,"108,98",80,Servicios
Laptop v1339,Lote tecnologico 1339,"915,38",18,Servicios
Monitor v1340,Lote tecnologico 1340,"495,19",199,Software
Laptop v1341,Lote tecnologico 1341,"431,83",167,Licencias
Mouse v1342,Lote tecnologico 1342,"1274,64",102,Servicios
RAM v1343,Lote tecnologico 1343,"126,48",176,Software
RAM v1344,Lote tecnologico 1344,"650,28",130,Servicios
Mouse v1345,Lote tecnologico 1345,"128,99",109,Servicios
Monitor v1346,Lote tecnologico 1346,"765,68",99,Hardware
Teclado v1347,Lote tecnologico 1347,"802,25",90,Software
Laptop v1348,Lote tecnologico 1348,"1452,26",120,Servicios
SSD v1349,Lote tecnologico 1349,"1079,33",162,Licencias
SSD v1350,Lote tecnologico 1350,"1151,4",10,Hardware
Laptop v1351,Lote tecnologico 1351,"1393,62",130,Servicios
Laptop v1352,Lote tecnologico 1352,"1161,8",89,Licencias
Mouse v1353,Lote tecnologico 1353,"508,77",144,Servicios
Monitor v1354,Lote tecnologico 1354,"1178,71",40,Licencias
Monitor v1355,Lote tecnologico 1355,"409,38",131,Software
Laptop v1356,Lote tecnologico 1356,"556,82",129,Licencias
SSD v1357,Lote tecnologico 1357,"747,38",175,Servicios
SSD v1358,Lote tecnologico 1358,"1425,27",185,Servicios
Mouse v1359,Lote tecnologico 1359,"1334,23",147,Servicios
RAM v1360,Lote tecnologico 1360,"387,39",156,Servicios
Mouse v1361,Lote tecnologico 1361,764,168,Licencias
Laptop v1362,Lote tecnologico 1362,"883,09",129,Hardware
Mouse v1363,Lote tecnologico 1363,"1343,67",168,Licencias
Monitor v1364,Lote tecnologico 1364,"1148,36",197,Software
Monitor v1365,Lote tecnologico 1365,"515,69",158,Software
SSD v1366,Lote tecnologico 1366,"57,29",119,Licencias
RAM v1367,Lote tecnologico 1367,"659,82",70,Licencias
SSD v1368,Lote tecnologico 1368,"295,06",119,Licencias
SSD v1369,Lote tecnologico 1369,"1366,54",195,Software
Teclado v1370,Lote tecnologico 1370,"1441,84",111,Servicios
Teclado v1371,Lote tecnologico 1371,"1367,98",81,Servicios
Teclado v1372,Lote tecnologico 1372,"748,11",55,Hardware
SSD v1373,Lote tecnologico 1373,"1274,03",33,Servicios
RAM v1374,Lote tecnologico 1374,"598,24",91,Hardware
RAM v1375,Lote tecnologico 1375,"976,92",84,Hardware
Laptop v1376,Lote tecnologico 1376,"556,3",142,Servicios
Monitor v1377,Lote tecnologico 1377,"319,52",87,Licencias
RAM v1378,Lote tecnologico 1378,"903,58",17,Hardware
Monitor v1379,Lote tecnologico 1379,"191,31",94,Licencias
Monitor v1380,Lote tecnologico 1380,"973,84",34,Hardware
Teclado v1381,Lote tecnologico 1381,"519,94",165,Servicios
Teclado v1382,Lote tecnologico 1382,"195,67",6,Servicios
Teclado v1383,Lote tecnologico 1383,"349,52",119,Licencias
SSD v1384,Lote tecnologico 1384,"113,42",136,Software
SSD v1385,Lote tecnologico 1385,"709,22",177,Servicios
Mouse v1386,Lote tecnologico 1386,"1196,36",55,Licencias
Mouse v1387,Lote tecnologico 1387,"569,34",156,Servicios
SSD v1388,Lote tecnologico 1388,"1330,71",166,Hardware
Laptop v1389,Lote tecnologico 1389,"472,07",131,Servicios
Laptop v1390,Lote tecnologico 1390,"998,85",182,Licencias
Mouse v1391,Lote tecnologico 1391,"1058,58",89,Hardware
RAM v1392,Lote tecnologico 1392,"1367,47",122,Servicios
Teclado v1393,Lote tecnologico 1393,"1204,42",172,Software
Monitor v1394,Lote tecnologico 1394,"216,63",20,Hardware
Teclado v1395,Lote tecnologico 1395,"684,22",12,Software
SSD v1396,Lote tecnologico 1396,"225,7",28,Hardware
SSD v1397,Lote tecnologico 1397,"1202,04",32,Licencias
Teclado v1398,Lote tecnologico 1398,"1341,73",47,Software
RAM v1399,Lote tecnologico 1399,"1258,47",195,Licencias
Laptop v1400,Lote tecnologico 1400,"271,34",97,Software
RAM v1401,Lote tecnologico 1401,"1103,92",33,Hardware
Teclado v1402,Lote tecnologico 1402,"1453,48",60,Hardware
Monitor v1403,Lote tecnologico 1403,"359,2",197,Software
Monitor v1404,Lote tecnologico 1404,"910,67",22,Servicios
RAM v1405,Lote tecnologico 1405,"648,4",87,Software
Mouse v1406,Lote tecnologico 1406,"1250,92",9,Hardware
SSD v1407,Lote tecnologico 1407,"461,58",142,Servicios
Laptop v1408,Lote tecnologico 1408,"55,21",169,Hardware
Monitor v1409,Lote tecnologico 1409,"954,31",42,Servicios
Monitor v1410,Lote tecnologico 1410,"1338,1",87,Licencias
Laptop v1411,Lote tecnologico 1411,"298,42",7,Software
Monitor v1412,Lote tecnologico 1412,"1154,64",129,Servicios
RAM v1413,Lote tecnologico 1413,"590,11",36,Software
SSD v1414,Lote tecnologico 1414,"144,72",104,Software
SSD v1415,Lote tecnologico 1415,"1370,07",63,Licencias
RAM v1416,Lote tecnologico 1416,"840,39",163,Servicios
Teclado v1417,Lote tecnologico 1417,"1382,57",183,Licencias
RAM v1418,Lote tecnologico 1418,"437,3",133,Hardware
RAM v1419,Lote tecnologico 1419,"561,47",190,Licencias
Monitor v1420,Lote tecnologico 1420,"453,98",52,Servicios
Teclado v1421,Lote tecnologico 1421,"919,78",161,Servicios
SSD v1422,Lote tecnologico 1422,"442,87",74,Licencias
Teclado v1423,Lote tecnologico 1423,"687,39",118,Software
Mouse v1424,Lote tecnologico 1424,"421,87",30,Software
RAM v1425,Lote tecnologico 1425,"279,97",82,Servicios
Monitor v1426,Lote tecnologico 1426,"269,41",165,Servicios
SSD v1427,Lote tecnologico 1427,"1083,1",107,Servicios
SSD v1428,Lote tecnologico 1428,"918,91",8,Licencias
Teclado v1429,Lote tecnologico 1429,"1440,82",192,Licencias
SSD v1430,Lote tecnologico 1430,"783,59",85,Licencias
Monitor v1431,Lote tecnologico 1431,"175,55",153,Licencias
RAM v1432,Lote tecnologico 1432,"1385,38",12,Servicios
SSD v1433,Lote tecnologico 1433,"1150,81",127,Software
Mouse v1434,Lote tecnologico 1434,"932,49",110,Licencias
Laptop v1435,Lote tecnologico 1435,"351,25",114,Software
Laptop v1436,Lote tecnologico 1436,"986,56",190,Hardware
SSD v1437,Lote tecnologico 1437,"223,77",6,Software
SSD v1438,Lote tecnologico 1438,"450,58",115,Licencias
Teclado v1439,Lote tecnologico 1439,"879,16",131,Licencias
Teclado v1440,Lote tecnologico 1440,"1117,3",69,Hardware
SSD v1441,Lote tecnologico 1441,"990,8",109,Hardware
Monitor v1442,Lote tecnologico 1442,"665,8",126,Hardware
RAM v1443,Lote tecnologico 1443,"920,41",147,Licencias
Laptop v1444,Lote tecnologico 1444,"380,58",170,Licencias
SSD v1445,Lote tecnologico 1445,"523,47",23,Licencias
Monitor v1446,Lote tecnologico 1446,"824,13",127,Software
RAM v1447,Lote tecnologico 1447,"1444,51",20,Hardware
RAM v1448,Lote tecnologico 1448,"161,23",189,Software
Teclado v1449,Lote tecnologico 1449,"1035,67",72,Software
Teclado v1450,Lote tecnologico 1450,"507,19",68,Hardware
SSD v1451,Lote tecnologico 1451,"1401,15",132,Licencias
Laptop v1452,Lote tecnologico 1452,"877,04",157,Software
Monitor v1453,Lote tecnologico 1453,"854,12",79,Hardware
Laptop v1454,Lote tecnologico 1454,"984,04",89,Hardware
SSD v1455,Lote tecnologico 1455,"1436,01",29,Licencias
Teclado v1456,Lote tecnologico 1456,"711,63",66,Software
SSD v1457,Lote tecnologico 1457,"609,77",85,Licencias
RAM v1458,Lote tecnologico 1458,"53,75",161,Hardware
RAM v1459,Lote tecnologico 1459,"635,41",152,Licencias
Laptop v1460,Lote tecnologico 1460,"970,64",75,Hardware
Monitor v1461,Lote tecnologico 1461,"408,11",158,Software
RAM v1462,Lote tecnologico 1462,"881,92",122,Licencias
Mouse v1463,Lote tecnologico 1463,"1032,94",100,Servicios
Monitor v1464,Lote tecnologico 1464,"814,54",18,Servicios
Laptop v1465,Lote tecnologico 1465,"1387,62",37,Licencias
RAM v1466,Lote tecnologico 1466,"373,32",39,Licencias
RAM v1467,Lote tecnologico 1467,"341,29",125,Software
RAM v1468,Lote tecnologico 1468,"66,45",12,Hardware
SSD v1469,Lote tecnologico 1469,"1053,95",87,Servicios
RAM v1470,Lote tecnologico 1470,"1148,59",5,Software
Laptop v1471,Lote tecnologico 1471,"1346,13",185,Software
Teclado v1472,Lote tecnologico 1472,"784,93",8,Software
RAM v1473,Lote tecnologico 1473,"142,08",116,Servicios
SSD v1474,Lote tecnologico 1474,"241,1",21,Servicios
SSD v1475,Lote tecnologico 1475,"1424,51",195,Servicios
Mouse v1476,Lote tecnologico 1476,"577,71",113,Hardware
Monitor v1477,Lote tecnologico 1477,"204,17",63,Licencias
Laptop v1478,Lote tecnologico 1478,"891,2",192,Hardware
Mouse v1479,Lote tecnologico 1479,1404,42,Hardware
Mouse v1480,Lote tecnologico 1480,962,43,Licencias
Mouse v1481,Lote tecnologico 1481,"817,17",129,Licencias
RAM v1482,Lote tecnologico 1482,"74,04",64,Licencias
Mouse v1483,Lote tecnologico 1483,"1438,46",197,Servicios
Monitor v1484,Lote tecnologico 1484,"933,3",165,Servicios
SSD v1485,Lote tecnologico 1485,"83,78",21,Licencias
Laptop v1486,Lote tecnologico 1486,"394,82",97,Licencias
Monitor v1487,Lote tecnologico 1487,"1193,05",171,Hardware
Teclado v1488,Lote tecnologico 1488,"1334,54",161,Hardware
Monitor v1489,Lote tecnologico 1489,"1431,88",40,Licencias
Laptop v1490,Lote tecnologico 1490,"513,25",64,Servicios
Mouse v1491,Lote tecnologico 1491,"1382,2",169,Software
RAM v1492,Lote tecnologico 1492,"50,74",111,Servicios
Monitor v1493,Lote tecnologico 1493,"833,31",134,Servicios
Teclado v1494,Lote tecnologico 1494,"1129,96",174,Hardware
RAM v1495,Lote tecnologico 1495,"862,08",188,Hardware
Laptop v1496,Lote tecnologico 1496,"538,16",89,Licencias
Laptop v1497,Lote tecnologico 1497,"776,11",90,Hardware
Laptop v1498,Lote tecnologico 1498,"867,01",5,Licencias
RAM v1499,Lote tecnologico 1499,"1171,44",181,Software
Monitor v1500,Lote tecnologico 1500,"1464,91",138,Software
RAM v1501,Lote tecnologico 1501,"858,01",6,Licencias
Monitor v1502,Lote tecnologico 1502,"843,54",110,Hardware
Mouse v1503,Lote tecnologico 1503,"1002,14",52,Hardware
RAM v1504,Lote tecnologico 1504,"1319,23",46,Servicios
Teclado v1505,Lote tecnologico 1505,"876,5",160,Hardware
Mouse v1506,Lote tecnologico 1506,"469,98",163,Hardware
SSD v1507,Lote tecnologico 1507,"764,45",156,Software
Teclado v1508,Lote tecnologico 1508,"519,71",150,Hardware
Mouse v1509,Lote tecnologico 1509,"1267,6",27,Hardware
RAM v1510,Lote tecnologico 1510,"1181,64",46,Servicios
Laptop v1511,Lote tecnologico 1511,"903,02",85,Servicios
SSD v1512,Lote tecnologico 1512,"1037,72",146,Servicios
Mouse v1513,Lote tecnologico 1513,"947,7",134,Hardware
SSD v1514,Lote tecnologico 1514,"652,17",176,Servicios
SSD v1515,Lote tecnologico 1515,"806,67",76,Software
Monitor v1516,Lote tecnologico 1516,"1440,65",84,Licencias
RAM v1517,Lote tecnologico 1517,"1150,14",56,Licencias
Mouse v1518,Lote tecnologico 1518,"605,77",145,Software
Mouse v1519,Lote tecnologico 1519,"913,11",150,Software
RAM v1520,Lote tecnologico 1520,"426,43",52,Licencias
Laptop v1521,Lote tecnologico 1521,"420,28",177,Hardware
Monitor v1522,Lote tecnologico 1522,"1197,66",52,Software
RAM v1523,Lote tecnologico 1523,"199,82",169,Software
RAM v1524,Lote tecnologico 1524,"1461,43",10,Hardware
Mouse v1525,Lote tecnologico 1525,"1314,9",62,Licencias
RAM v1526,Lote tecnologico 1526,"984,41",182,Hardware
Mouse v1527,Lote tecnologico 1527,"482,73",198,Software
Teclado v1528,Lote tecnologico 1528,"1219,92",122,Servicios
Teclado v1529,Lote tecnologico 1529,"616,41",193,Hardware
SSD v1530,Lote tecnologico 1530,"453,09",115,Servicios
Teclado v1531,Lote tecnologico 1531,"530,72",86,Licencias
SSD v1532,Lote tecnologico 1532,"1291,49",169,Servicios
Mouse v1533,Lote tecnologico 1533,"1188,47",98,Software
Teclado v1534,Lote tecnologico 1534,"947,6",54,Licencias
Laptop v1535,Lote tecnologico 1535,"996,95",102,Servicios
Laptop v1536,Lote tecnologico 1536,"827,31",179,Servicios
Monitor v1537,Lote tecnologico 1537,"1341,9",39,Licencias
SSD v1538,Lote tecnologico 1538,"541,58",122,Servicios
Teclado v1539,Lote tecnologico 1539,"83,62",8,Servicios
SSD v1540,Lote tecnologico 1540,"154,46",81,Servicios
RAM v1541,Lote tecnologico 1541,"1478,65",169,Software
Laptop v1542,Lote tecnologico 1542,"650,04",50,Hardware
Mouse v1543,Lote tecnologico 1543,"656,96",61,Software
Mouse v1544,Lote tecnologico 1544,"554,61",132,Software
RAM v1545,Lote tecnologico 1545,"1001,95",45,Hardware
Mouse v1546,Lote tecnologico 1546,"1083,65",146,Licencias
Monitor v1547,Lote tecnologico 1547,"71,28",57,Software
Teclado v1548,Lote tecnologico 1548,"1217,62",125,Servicios
RAM v1549,Lote tecnologico 1549,"194,61",112,Licencias
Mouse v1550,Lote tecnologico 1550,"1454,61",157,Hardware
Teclado v1551,Lote tecnologico 1551,"956,79",144,Servicios
Laptop v1552,Lote tecnologico 1552,"1378,04",100,Servicios
Monitor v1553,Lote tecnologico 1553,"449,73",68,Software
Teclado v1554,Lote tecnologico 1554,"836,78",46,Hardware
RAM v1555,Lote tecnologico 1555,"1421,6",122,Hardware
Teclado v1556,Lote tecnologico 1556,"534,37",21,Servicios
RAM v1557,Lote tecnologico 1557,"196,3",113,Licencias
Mouse v1558,Lote tecnologico 1558,"104,91",39,Hardware
Laptop v1559,Lote tecnologico 1559,"111,31",18,Hardware
Teclado v1560,Lote tecnologico 1560,"1030,97",8,Hardware
RAM v1561,Lote tecnologico 1561,"924,75",17,Licencias
Mouse v1562,Lote tecnologico 1562,"89,53",72,Licencias
RAM v1563,Lote tecnologico 1563,"923,19",148,Licencias
RAM v1564,Lote tecnologico 1564,"217,09",17,Software
Monitor v1565,Lote tecnologico 1565,"1199,59",5,Hardware
Monitor v1566,Lote tecnologico 1566,"893,38",153,Servicios
Monitor v1567,Lote tecnologico 1567,788,37,Licencias
Mouse v1568,Lote tecnologico 1568,"1205,71",126,Servicios
RAM v1569,Lote tecnologico 1569,"815,31",46,Licencias
Mouse v1570,Lote tecnologico 1570,"548,34",40,Servicios
Laptop v1571,Lote tecnologico 1571,"342,05",124,Licencias
Mouse v1572,Lote tecnologico 1572,"1274,04",46,Servicios
Monitor v1573,Lote tecnologico 1573,"1248,42",104,Software
Laptop v1574,Lote tecnologico 1574,"389,4",83,Servicios
Laptop v1575,Lote tecnologico 1575,"224,37",22,Servicios
Laptop v1576,Lote tecnologico 1576,"549,45",90,Servicios
Mouse v1577,Lote tecnologico 1577,"1204,19",196,Hardware
Monitor v1578,Lote tecnologico 1578,"526,85",93,Licencias
Laptop v1579,Lote tecnologico 1579,"113,89",178,Licencias
Mouse v1580,Lote tecnologico 1580,"611,3",95,Software
Monitor v1581,Lote tecnologico 1581,"906,52",0,Software
Teclado v1582,Lote tecnologico 1582,"1321,24",86,Licencias
RAM v1583,Lote tecnologico 1583,"209,34",144,Hardware
Mouse v1584,Lote tecnologico 1584,"874,88",109,Software
Teclado v1585,Lote tecnologico 1585,"794,14",152,Licencias
SSD v1586,Lote tecnologico 1586,"480,97",67,Hardware
Teclado v1587,Lote tecnologico 1587,"1335,33",64,Software
SSD v1588,Lote tecnologico 1588,"147,29",46,Licencias
Mouse v1589,Lote tecnologico 1589,"353,55",3,Hardware
Monitor v1590,Lote tecnologico 1590,"481,7",6,Software
RAM v1591,Lote tecnologico 1591,"751,83",54,Software
Teclado v1592,Lote tecnologico 1592,"1097,41",138,Hardware
Monitor v1593,Lote tecnologico 1593,"1139,32",56,Hardware
Teclado v1594,Lote tecnologico 1594,"1498,4",59,Servicios
SSD v1595,Lote tecnologico 1595,"449,24",69,Licencias
Teclado v1596,Lote tecnologico 1596,"171,12",87,Servicios
SSD v1597,Lote tecnologico 1597,"591,37",146,Software
SSD v1598,Lote tecnologico 1598,"1282,31",68,Licencias
SSD v1599,Lote tecnologico 1599,"813,44",101,Software
Teclado v1600,Lote tecnologico 1600,"368,58",168,Licencias
SSD v1601,Lote tecnologico 1601,"177,17",60,Servicios
Teclado v1602,Lote tecnologico 1602,"203,55",84,Licencias
Mouse v1603,Lote tecnologico 1603,"1479,12",63,Software
Teclado v1604,Lote tecnologico 1604,"113,67",187,Servicios
Mouse v1605,Lote tecnologico 1605,"564,29",63,Hardware
Mouse v1606,Lote tecnologico 1606,"187,32",11,Hardware
SSD v1607,Lote tecnologico 1607,"1182,25",149,Licencias
Mouse v1608,Lote tecnologico 1608,"1161,33",167,Servicios
Mouse v1609,Lote tecnologico 1609,"179,69",89,Software
Teclado v1610,Lote tecnologico 1610,"191,74",127,Licencias
RAM v1611,Lote tecnologico 1611,"963,22",160,Hardware
Teclado v1612,Lote tecnologico 1612,"531,05",166,Hardware
SSD v1613,Lote tecnologico 1613,"968,78",115,Software
Mouse v1614,Lote tecnologico 1614,"775,93",1,Hardware
Laptop v1615,Lote tecnologico 1615,"720,84",87,Hardware
Monitor v1616,Lote tecnologico 1616,"1356,58",108,Licencias
SSD v1617,Lote tecnologico 1617,"367,22",182,Hardware
RAM v1618,Lote tecnologico 1618,"1426,36",133,Hardware
Laptop v1619,Lote tecnologico 1619,"583,6",171,Software
Monitor v1620,Lote tecnologico 1620,"460,74",136,Licencias
Teclado v1621,Lote tecnologico 1621,"571,86",136,Hardware
SSD v1622,Lote tecnologico 1622,"284,63",18,Software
Teclado v1623,Lote tecnologico 1623,"540,35",113,Software
Laptop v1624,Lote tecnologico 1624,"592,97",97,Servicios
Mouse v1625,Lote tecnologico 1625,"377,87",1,Servicios
Monitor v1626,Lote tecnologico 1626,"758,4",196,Servicios
Mouse v1627,Lote tecnologico 1627,"1194,94",198,Hardware
Teclado v1628,Lote tecnologico 1628,"1336,93",35,Licencias
SSD v1629,Lote tecnologico 1629,"738,08",31,Licencias
SSD v1630,Lote tecnologico 1630,"78,64",0,Licencias
Mouse v1631,Lote tecnologico 1631,"1245,76",16,Hardware
RAM v1632,Lote tecnologico 1632,"76,66",0,Servicios
Teclado v1633,Lote tecnologico 1633,"290,35",145,Software
SSD v1634,Lote tecnologico 1634,"984,2",31,Hardware
SSD v1635,Lote tecnologico 1635,"1248,73",31,Servicios
SSD v1636,Lote tecnologico 1636,"56,52",73,Licencias
Laptop v1637,Lote tecnologico 1637,"713,72",54,Hardware
Teclado v1638,Lote tecnologico 1638,"1487,63",123,Hardware
Mouse v1639,Lote tecnologico 1639,"728,19",9,Servicios
SSD v1640,Lote tecnologico 1640,"828,55",143,Licencias
RAM v1641,Lote tecnologico 1641,"355,46",181,Servicios
Teclado v1642,Lote tecnologico 1642,"178,2",36,Licencias
Laptop v1643,Lote tecnologico 1643,"991,13",0,Hardware
RAM v1644,Lote tecnologico 1644,"1453,84",158,Licencias
RAM v1645,Lote tecnologico 1645,"485,06",60,Servicios
Monitor v1646,Lote tecnologico 1646,"159,77",186,Servicios
SSD v1647,Lote tecnologico 1647,"929,46",62,Hardware
RAM v1648,Lote tecnologico 1648,"1054,83",173,Servicios
RAM v1649,Lote tecnologico 1649,"733,6",154,Licencias
SSD v1650,Lote tecnologico 1650,"860,8",142,Hardware
SSD v1651,Lote tecnologico 1651,"1250,47",137,Software
RAM v1652,Lote tecnologico 1652,"1404,27",93,Hardware
Teclado v1653,Lote tecnologico 1653,"559,56",22,Software
Teclado v1654,Lote tecnologico 1654,"360,6",84,Hardware
RAM v1655,Lote tecnologico 1655,"167,78",127,Hardware
Teclado v1656,Lote tecnologico 1656,"399,83",47,Servicios
RAM v1657,Lote tecnologico 1657,"1073,88",116,Software
Mouse v1658,Lote tecnologico 1658,"596,5",164,Software
Monitor v1659,Lote tecnologico 1659,"863,34",155,Hardware
Mouse v1660,Lote tecnologico 1660,"1267,85",41,Hardware
Mouse v1661,Lote tecnologico 1661,"781,55",154,Licencias
SSD v1662,Lote tecnologico 1662,"382,94",114,Hardware
Laptop v1663,Lote tecnologico 1663,"296,27",130,Licencias
Teclado v1664,Lote tecnologico 1664,"608,12",181,Software
Monitor v1665,Lote tecnologico 1665,"1269,44",17,Hardware
RAM v1666,Lote tecnologico 1666,"463,38",191,Hardware
Laptop v1667,Lote tecnologico 1667,"746,31",32,Servicios
Teclado v1668,Lote tecnologico 1668,"186,72",55,Software
Monitor v1669,Lote tecnologico 1669,"204,47",61,Hardware
RAM v1670,Lote tecnologico 1670,"1335,48",172,Licencias
Laptop v1671,Lote tecnologico 1671,"1314,7",133,Hardware
Laptop v1672,Lote tecnologico 1672,"223,55",186,Licencias
Monitor v1673,Lote tecnologico 1673,"502,22",33,Software
Mouse v1674,Lote tecnologico 1674,"959,69",179,Hardware
Monitor v1675,Lote tecnologico 1675,"474,42",195,Servicios
SSD v1676,Lote tecnologico 1676,"833,8",109,Software
Laptop v1677,Lote tecnologico 1677,"604,88",147,Servicios
Monitor v1678,Lote tecnologico 1678,"602,05",123,Licencias
Mouse v1679,Lote tecnologico 1679,"574,27",175,Software
Mouse v1680,Lote tecnologico 1680,"394,54",57,Hardware
Monitor v1681,Lote tecnologico 1681,"465,89",105,Software
RAM v1682,Lote tecnologico 1682,"653,06",191,Hardware
Monitor v1683,Lote tecnologico 1683,"794,75",48,Servicios
Teclado v1684,Lote tecnologico 1684,"1214,12",7,Servicios
RAM v1685,Lote tecnologico 1685,"364,93",134,Software
SSD v1686,Lote tecnologico 1686,"1275,32",185,Servicios
Laptop v1687,Lote tecnologico 1687,"1200,21",107,Servicios
Teclado v1688,Lote tecnologico 1688,"1143,81",83,Hardware
Monitor v1689,Lote tecnologico 1689,"294,24",169,Licencias
Teclado v1690,Lote tecnologico 1690,"1169,53",0,Hardware
Mouse v1691,Lote tecnologico 1691,"929,14",104,Licencias
RAM v1692,Lote tecnologico 1692,"1435,54",47,Licencias
RAM v1693,Lote tecnologico 1693,"752,74",10,Licencias
SSD v1694,Lote tecnologico 1694,"235,66",116,Hardware
Mouse v1695,Lote tecnologico 1695,"1373,03",67,Servicios
RAM v1696,Lote tecnologico 1696,"1435,81",146,Software
Mouse v1697,Lote tecnologico 1697,"863,01",97,Licencias
Monitor v1698,Lote tecnologico 1698,"1013,89",3,Software
Mouse v1699,Lote tecnologico 1699,"928,89",40,Software
Teclado v1700,Lote tecnologico 1700,"553,95",36,Servicios
RAM v1701,Lote tecnologico 1701,"1005,06",54,Software
Mouse v1702,Lote tecnologico 1702,"1346,63",28,Servicios
Mouse v1703,Lote tecnologico 1703,"1204,26",153,Hardware
Teclado v1704,Lote tecnologico 1704,"1023,75",151,Servicios
Laptop v1705,Lote tecnologico 1705,"468,98",88,Licencias
Mouse v1706,Lote tecnologico 1706,"1329,65",80,Servicios
Monitor v1707,Lote tecnologico 1707,"251,71",152,Hardware
RAM v1708,Lote tecnologico 1708,"1062,9",19,Hardware
SSD v1709,Lote tecnologico 1709,"112,38",162,Software
Laptop v1710,Lote tecnologico 1710,"116,35",66,Software
SSD v1711,Lote tecnologico 1711,"511,36",41,Servicios
Teclado v1712,Lote tecnologico 1712,"670,66",102,Servicios
Teclado v1713,Lote tecnologico 1713,"102,73",165,Software
Monitor v1714,Lote tecnologico 1714,"488,92",15,Hardware
Monitor v1715,Lote tecnologico 1715,"822,08",14,Servicios
Mouse v1716,Lote tecnologico 1716,"464,25",189,Software
Monitor v1717,Lote tecnologico 1717,"753,32",21,Licencias
RAM v1718,Lote tecnologico 1718,"399,93",7,Licencias
Mouse v1719,Lote tecnologico 1719,"1219,26",30,Licencias
Mouse v1720,Lote tecnologico 1720,"440,54",119,Licencias
SSD v1721,Lote tecnologico 1721,"1080,07",175,Software
Teclado v1722,Lote tecnologico 1722,"832,67",151,Software
RAM v1723,Lote tecnologico 1723,"1469,86",41,Servicios
Monitor v1724,Lote tecnologico 1724,"146,17",95,Licencias
Teclado v1725,Lote tecnologico 1725,"1166,49",4,Hardware
Mouse v1726,Lote tecnologico 1726,"712,82",20,Software
Teclado v1727,Lote tecnologico 1727,"803,4",83,Software
Laptop v1728,Lote tecnologico 1728,"1441,35",120,Servicios
Monitor v1729,Lote tecnologico 1729,"1319,16",167,Hardware
Monitor v1730,Lote tecnologico 1730,"676,81",10,Hardware
SSD v1731,Lote tecnologico 1731,"957,89",99,Software
Teclado v1732,Lote tecnologico 1732,"568,87",109,Licencias
RAM v1733,Lote tecnologico 1733,"509,59",196,Software
Mouse v1734,Lote tecnologico 1734,"851,64",165,Licencias
RAM v1735,Lote tecnologico 1735,"1368,44",154,Servicios
RAM v1736,Lote tecnologico 1736,"736,53",190,Licencias
RAM v1737,Lote tecnologico 1737,"1075,72",81,Servicios
Teclado v1738,Lote tecnologico 1738,"80,42",186,Licencias
Monitor v1739,Lote tecnologico 1739,"158,55",183,Hardware
SSD v1740,Lote tecnologico 1740,"375,55",149,Servicios
Monitor v1741,Lote tecnologico 1741,"1185,46",185,Licencias
Monitor v1742,Lote tecnologico 1742,"573,91",0,Licencias
RAM v1743,Lote tecnologico 1743,"978,56",121,Software
RAM v1744,Lote tecnologico 1744,"57,66",5,Software
Laptop v1745,Lote tecnologico 1745,"568,55",190,Hardware
Laptop v1746,Lote tecnologico 1746,"310,35",190,Licencias
RAM v1747,Lote tecnologico 1747,"520,22",152,Software
Mouse v1748,Lote tecnologico 1748,"1212,28",134,Licencias
SSD v1749,Lote tecnologico 1749,"633,58",198,Licencias
RAM v1750,Lote tecnologico 1750,"85,63",19,Servicios
Laptop v1751,Lote tecnologico 1751,"134,95",77,Licencias
Monitor v1752,Lote tecnologico 1752,"64,36",65,Software
SSD v1753,Lote tecnologico 1753,"1024,15",124,Hardware
SSD v1754,Lote tecnologico 1754,"553,63",137,Licencias
SSD v1755,Lote tecnologico 1755,"407,24",74,Software
Laptop v1756,Lote tecnologico 1756,"196,74",94,Hardware
Laptop v1757,Lote tecnologico 1757,"630,27",178,Software
Teclado v1758,Lote tecnologico 1758,"433,61",10,Servicios
RAM v1759,Lote tecnologico 1759,"480,45",14,Software
Monitor v1760,Lote tecnologico 1760,"1028,2",75,Licencias
Laptop v1761,Lote tecnologico 1761,"1270,24",71,Servicios
Monitor v1762,Lote tecnologico 1762,"553,09",193,Servicios
RAM v1763,Lote tecnologico 1763,"425,44",188,Licencias
RAM v1764,Lote tecnologico 1764,"223,68",181,Hardware
Monitor v1765,Lote tecnologico 1765,"273,86",37,Software
SSD v1766,Lote tecnologico 1766,"1008,47",15,Servicios
Mouse v1767,Lote tecnologico 1767,"162,19",21,Licencias
Teclado v1768,Lote tecnologico 1768,"197,12",66,Software
Teclado v1769,Lote tecnologico 1769,"1129,19",150,Software
Monitor v1770,Lote tecnologico 1770,"1471,81",130,Hardware
SSD v1771,Lote tecnologico 1771,"590,49",11,Hardware
Laptop v1772,Lote tecnologico 1772,"369,25",147,Software
Mouse v1773,Lote tecnologico 1773,"455,49",61,Licencias
Laptop v1774,Lote tecnologico 1774,"1131,2",44,Software
Monitor v1775,Lote tecnologico 1775,"98,66",61,Servicios
Monitor v1776,Lote tecnologico 1776,"1084,9",81,Hardware
RAM v1777,Lote tecnologico 1777,"1273,94",175,Hardware
Mouse v1778,Lote tecnologico 1778,"81,82",130,Servicios
SSD v1779,Lote tecnologico 1779,"208,33",152,Licencias
SSD v1780,Lote tecnologico 1780,"1097,8",5,Servicios
SSD v1781,Lote tecnologico 1781,"1324,26",180,Licencias
Mouse v1782,Lote tecnologico 1782,"1091,54",117,Licencias
RAM v1783,Lote tecnologico 1783,"625,92",49,Servicios
Monitor v1784,Lote tecnologico 1784,"760,7",53,Licencias
Monitor v1785,Lote tecnologico 1785,"960,79",96,Servicios
Monitor v1786,Lote tecnologico 1786,"303,2",133,Servicios
SSD v1787,Lote tecnologico 1787,"494,54",174,Licencias
RAM v1788,Lote tecnologico 1788,"1166,31",57,Servicios
Monitor v1789,Lote tecnologico 1789,"149,44",24,Licencias
Monitor v1790,Lote tecnologico 1790,"657,9",177,Servicios
Teclado v1791,Lote tecnologico 1791,"603,06",145,Software
Laptop v1792,Lote tecnologico 1792,"210,03",133,Hardware
Monitor v1793,Lote tecnologico 1793,"258,76",82,Licencias
Laptop v1794,Lote tecnologico 1794,"1330,61",189,Software
Teclado v1795,Lote tecnologico 1795,"329,76",61,Servicios
Monitor v1796,Lote tecnologico 1796,"1153,14",92,Software
Teclado v1797,Lote tecnologico 1797,"117,67",191,Hardware
Monitor v1798,Lote tecnologico 1798,"562,2",43,Licencias
SSD v1799,Lote tecnologico 1799,"412,29",21,Servicios
Mouse v1800,Lote tecnologico 1800,"673,3",40,Licencias
RAM v1801,Lote tecnologico 1801,"98,07",79,Hardware
Monitor v1802,Lote tecnologico 1802,"932,96",100,Software
Laptop v1803,Lote tecnologico 1803,"450,76",84,Licencias
Monitor v1804,Lote tecnologico 1804,"132,73",36,Software
Monitor v1805,Lote tecnologico 1805,"291,65",174,Software
Monitor v1806,Lote tecnologico 1806,"917,97",9,Servicios
Teclado v1807,Lote tecnologico 1807,"522,29",82,Software
SSD v1808,Lote tecnologico 1808,"921,9",78,Licencias
Laptop v1809,Lote tecnologico 1809,"137,47",51,Software
Monitor v1810,Lote tecnologico 1810,"612,57",59,Software
RAM v1811,Lote tecnologico 1811,"199,93",173,Servicios
Laptop v1812,Lote tecnologico 1812,"1235,28",133,Servicios
Mouse v1813,Lote tecnologico 1813,"606,93",66,Servicios
Mouse v1814,Lote tecnologico 1814,"1414,49",25,Hardware
SSD v1815,Lote tecnologico 1815,"292,1",193,Licencias
Laptop v1816,Lote tecnologico 1816,"522,28",151,Hardware
RAM v1817,Lote tecnologico 1817,"168,41",104,Software
RAM v1818,Lote tecnologico 1818,"1361,55",128,Licencias
Laptop v1819,Lote tecnologico 1819,"635,47",30,Servicios
Monitor v1820,Lote tecnologico 1820,"1320,97",71,Hardware
Mouse v1821,Lote tecnologico 1821,"618,44",18,Servicios
Mouse v1822,Lote tecnologico 1822,"170,74",190,Servicios
SSD v1823,Lote tecnologico 1823,"437,12",36,Servicios
Laptop v1824,Lote tecnologico 1824,"352,82",139,Licencias
RAM v1825,Lote tecnologico 1825,"921,62",17,Servicios
Monitor v1826,Lote tecnologico 1826,"801,44",120,Licencias
RAM v1827,Lote tecnologico 1827,"97,32",141,Servicios
Teclado v1828,Lote tecnologico 1828,"1371,04",198,Servicios
Teclado v1829,Lote tecnologico 1829,"1080,97",159,Hardware
Mouse v1830,Lote tecnologico 1830,"460,45",5,Hardware
Teclado v1831,Lote tecnologico 1831,"802,01",48,Hardware
Laptop v1832,Lote tecnologico 1832,"1366,63",30,Hardware
Mouse v1833,Lote tecnologico 1833,"1285,84",1,Hardware
RAM v1834,Lote tecnologico 1834,"1035,13",63,Software
Laptop v1835,Lote tecnologico 1835,"53,72",122,Licencias
RAM v1836,Lote tecnologico 1836,"135,38",43,Licencias
Laptop v1837,Lote tecnologico 1837,"1080,97",29,Servicios
Monitor v1838,Lote tecnologico 1838,"805,46",139,Licencias
Mouse v1839,Lote tecnologico 1839,"1425,2",190,Licencias
RAM v1840,Lote tecnologico 1840,"258,26",198,Servicios
RAM v1841,Lote tecnologico 1841,"1420,88",109,Servicios
SSD v1842,Lote tecnologico 1842,"1448,79",36,Licencias
Mouse v1843,Lote tecnologico 1843,"713,83",139,Licencias
Monitor v1844,Lote tecnologico 1844,"144,96",124,Software
Monitor v1845,Lote tecnologico 1845,597,39,Licencias
SSD v1846,Lote tecnologico 1846,"1347,96",26,Servicios
Laptop v1847,Lote tecnologico 1847,"906,14",1,Software
SSD v1848,Lote tecnologico 1848,"860,63",34,Licencias
SSD v1849,Lote tecnologico 1849,"857,6",127,Hardware
Laptop v1850,Lote tecnologico 1850,"694,99",128,Servicios
Teclado v1851,Lote tecnologico 1851,"918,34",25,Software
Teclado v1852,Lote tecnologico 1852,"632,47",97,Licencias
SSD v1853,Lote tecnologico 1853,"457,39",7,Software
RAM v1854,Lote tecnologico 1854,"517,43",128,Software
RAM v1855,Lote tecnologico 1855,"195,25",87,Licencias
RAM v1856,Lote tecnologico 1856,"1212,74",170,Software
Laptop v1857,Lote tecnologico 1857,"105,99",42,Licencias
RAM v1858,Lote tecnologico 1858,"1322,85",34,Hardware
Laptop v1859,Lote tecnologico 1859,"1047,43",84,Servicios
Monitor v1860,Lote tecnologico 1860,"1480,47",131,Servicios
Teclado v1861,Lote tecnologico 1861,"960,84",33,Hardware
Laptop v1862,Lote tecnologico 1862,"483,98",101,Servicios
Teclado v1863,Lote tecnologico 1863,"914,18",197,Hardware
RAM v1864,Lote tecnologico 1864,"1288,52",59,Software
Laptop v1865,Lote tecnologico 1865,"888,33",153,Servicios
Teclado v1866,Lote tecnologico 1866,"1335,93",18,Licencias
SSD v1867,Lote tecnologico 1867,"626,96",49,Servicios
Mouse v1868,Lote tecnologico 1868,"218,26",46,Software
Laptop v1869,Lote tecnologico 1869,"981,81",145,Servicios
Mouse v1870,Lote tecnologico 1870,"79,55",40,Software
SSD v1871,Lote tecnologico 1871,"1057,52",20,Hardware
Mouse v1872,Lote tecnologico 1872,"1090,34",41,Licencias
Teclado v1873,Lote tecnologico 1873,"206,23",149,Hardware
Laptop v1874,Lote tecnologico 1874,"280,79",44,Servicios
Mouse v1875,Lote tecnologico 1875,"1186,39",84,Software
Monitor v1876,Lote tecnologico 1876,"445,86",94,Servicios
RAM v1877,Lote tecnologico 1877,"759,36",129,Licencias
Teclado v1878,Lote tecnologico 1878,670,79,Servicios
Laptop v1879,Lote tecnologico 1879,"510,55",197,Servicios
Teclado v1880,Lote tecnologico 1880,"1411,57",93,Licencias
Teclado v1881,Lote tecnologico 1881,"175,8",196,Licencias
RAM v1882,Lote tecnologico 1882,"565,94",97,Servicios
Laptop v1883,Lote tecnologico 1883,"436,56",149,Software
Mouse v1884,Lote tecnologico 1884,"647,5",60,Licencias
Teclado v1885,Lote tecnologico 1885,"1218,67",91,Servicios
Laptop v1886,Lote tecnologico 1886,"1065,73",46,Software
SSD v1887,Lote tecnologico 1887,"1374,96",36,Servicios
Teclado v1888,Lote tecnologico 1888,"214,05",146,Software
RAM v1889,Lote tecnologico 1889,"438,41",38,Servicios
SSD v1890,Lote tecnologico 1890,"845,46",131,Hardware
RAM v1891,Lote tecnologico 1891,"160,9",170,Hardware
Mouse v1892,Lote tecnologico 1892,"458,74",181,Servicios
RAM v1893,Lote tecnologico 1893,"1039,73",147,Hardware
Monitor v1894,Lote tecnologico 1894,"350,87",51,Hardware
Monitor v1895,Lote tecnologico 1895,"765,56",147,Software
RAM v1896,Lote tecnologico 1896,"115,29",138,Software
RAM v1897,Lote tecnologico 1897,"1087,32",40,Servicios
RAM v1898,Lote tecnologico 1898,"558,35",54,Software
SSD v1899,Lote tecnologico 1899,"246,34",36,Licencias
RAM v1900,Lote tecnologico 1900,"1255,57",67,Servicios
Teclado v1901,Lote tecnologico 1901,"946,71",100,Software
RAM v1902,Lote tecnologico 1902,"431,97",119,Servicios
SSD v1903,Lote tecnologico 1903,"373,21",132,Licencias
Laptop v1904,Lote tecnologico 1904,"170,73",135,Hardware
Mouse v1905,Lote tecnologico 1905,"217,81",123,Software
SSD v1906,Lote tecnologico 1906,"515,73",123,Servicios
Mouse v1907,Lote tecnologico 1907,"291,08",92,Software
Monitor v1908,Lote tecnologico 1908,"922,87",47,Hardware
Teclado v1909,Lote tecnologico 1909,"356,16",64,Licencias
RAM v1910,Lote tecnologico 1910,"1455,37",117,Hardware
Monitor v1911,Lote tecnologico 1911,"1091,93",105,Hardware
Monitor v1912,Lote tecnologico 1912,"685,57",182,Servicios
Teclado v1913,Lote tecnologico 1913,"851,89",87,Servicios
Monitor v1914,Lote tecnologico 1914,"883,96",131,Servicios
Teclado v1915,Lote tecnologico 1915,"742,68",100,Software
RAM v1916,Lote tecnologico 1916,"475,47",139,Servicios
Mouse v1917,Lote tecnologico 1917,"1197,64",9,Software
Monitor v1918,Lote tecnologico 1918,"1468,67",129,Software
Teclado v1919,Lote tecnologico 1919,"1100,36",58,Hardware
Monitor v1920,Lote tecnologico 1920,"496,29",187,Software
Monitor v1921,Lote tecnologico 1921,"619,9",122,Hardware
RAM v1922,Lote tecnologico 1922,"792,84",2,Hardware
Teclado v1923,Lote tecnologico 1923,"822,39",167,Software
SSD v1924,Lote tecnologico 1924,"339,49",11,Hardware
SSD v1925,Lote tecnologico 1925,"648,21",84,Hardware
RAM v1926,Lote tecnologico 1926,"487,46",43,Software
Teclado v1927,Lote tecnologico 1927,"1482,39",186,Licencias
SSD v1928,Lote tecnologico 1928,"155,25",3,Software
Laptop v1929,Lote tecnologico 1929,"173,8",88,Hardware
Laptop v1930,Lote tecnologico 1930,"393,11",183,Servicios
Mouse v1931,Lote tecnologico 1931,"1043,21",164,Hardware
SSD v1932,Lote tecnologico 1932,"1336,46",159,Servicios
Monitor v1933,Lote tecnologico 1933,"565,19",177,Servicios
Laptop v1934,Lote tecnologico 1934,"428,32",3,Hardware
RAM v1935,Lote tecnologico 1935,"911,42",103,Servicios
Mouse v1936,Lote tecnologico 1936,"217,81",96,Hardware
RAM v1937,Lote tecnologico 1937,"1213,21",12,Software
RAM v1938,Lote tecnologico 1938,"673,43",101,Software
SSD v1939,Lote tecnologico 1939,"1391,21",9,Licencias
RAM v1940,Lote tecnologico 1940,"1374,4",85,Hardware
Mouse v1941,Lote tecnologico 1941,"973,39",72,Servicios
SSD v1942,Lote tecnologico 1942,"1118,94",39,Servicios
RAM v1943,Lote tecnologico 1943,"150,91",45,Licencias
Laptop v1944,Lote tecnologico 1944,"1339,24",11,Licencias
SSD v1945,Lote tecnologico 1945,"762,96",79,Servicios
Laptop v1946,Lote tecnologico 1946,"1049,2",153,Hardware
Teclado v1947,Lote tecnologico 1947,"997,41",190,Servicios
RAM v1948,Lote tecnologico 1948,"301,96",61,Hardware
Laptop v1949,Lote tecnologico 1949,"324,5",14,Software
SSD v1950,Lote tecnologico 1950,"1304,19",9,Software
Laptop v1951,Lote tecnologico 1951,"647,55",163,Hardware
Laptop v1952,Lote tecnologico 1952,"497,74",189,Software
Laptop v1953,Lote tecnologico 1953,"1250,62",78,Servicios
Teclado v1954,Lote tecnologico 1954,"1329,19",129,Hardware
SSD v1955,Lote tecnologico 1955,"739,63",98,Software
RAM v1956,Lote tecnologico 1956,"1474,12",100,Servicios
Monitor v1957,Lote tecnologico 1957,"1491,74",85,Servicios
SSD v1958,Lote tecnologico 1958,"1268,75",78,Hardware
RAM v1959,Lote tecnologico 1959,"1034,25",46,Software
Mouse v1960,Lote tecnologico 1960,"1431,86",24,Hardware
Monitor v1961,Lote tecnologico 1961,"93,35",13,Hardware
Mouse v1962,Lote tecnologico 1962,"238,39",187,Servicios
Teclado v1963,Lote tecnologico 1963,"980,85",84,Software
Laptop v1964,Lote tecnologico 1964,"1395,98",99,Servicios
SSD v1965,Lote tecnologico 1965,"1364,55",47,Hardware
RAM v1966,Lote tecnologico 1966,"410,98",198,Licencias
Mouse v1967,Lote tecnologico 1967,"969,43",137,Hardware
Monitor v1968,Lote tecnologico 1968,"1179,18",72,Hardware
Monitor v1969,Lote tecnologico 1969,"1324,41",112,Servicios
Monitor v1970,Lote tecnologico 1970,"779,02",83,Servicios
RAM v1971,Lote tecnologico 1971,"954,55",175,Servicios
RAM v1972,Lote tecnologico 1972,"1026,85",107,Licencias
Mouse v1973,Lote tecnologico 1973,"317,93",98,Servicios
Mouse v1974,Lote tecnologico 1974,"671,03",105,Licencias
Mouse v1975,Lote tecnologico 1975,"502,91",132,Hardware
SSD v1976,Lote tecnologico 1976,"1336,61",93,Licencias
RAM v1977,Lote tecnologico 1977,"1149,79",159,Licencias
SSD v1978,Lote tecnologico 1978,"1036,06",178,Licencias
Monitor v1979,Lote tecnologico 1979,"1055,17",50,Servicios
Teclado v1980,Lote tecnologico 1980,"434,63",136,Licencias
Teclado v1981,Lote tecnologico 1981,"775,6",6,Hardware
Monitor v1982,Lote tecnologico 1982,"573,83",139,Licencias
Teclado v1983,Lote tecnologico 1983,"1111,78",145,Licencias
Monitor v1984,Lote tecnologico 1984,"1455,74",8,Servicios
SSD v1985,Lote tecnologico 1985,"1305,76",106,Software
Mouse v1986,Lote tecnologico 1986,"1013,33",28,Software
Mouse v1987,Lote tecnologico 1987,"416,77",172,Servicios
RAM v1988,Lote tecnologico 1988,"872,15",42,Servicios
Monitor v1989,Lote tecnologico 1989,"1027,35",41,Software
Laptop v1990,Lote tecnologico 1990,"1357,94",28,Software
Mouse v1991,Lote tecnologico 1991,"429,37",180,Hardware
RAM v1992,Lote tecnologico 1992,"945,54",2,Hardware
Monitor v1993,Lote tecnologico 1993,"1145,17",189,Servicios
Teclado v1994,Lote tecnologico 1994,"495,85",192,Servicios
SSD v1995,Lote tecnologico 1995,"1020,94",71,Licencias
Mouse v1996,Lote tecnologico 1996,"1397,82",194,Servicios
Monitor v1997,Lote tecnologico 1997,"451,11",25,Licencias
Monitor v1998,Lote tecnologico 1998,"1229,45",140,Software
Laptop v1999,Lote tecnologico 1999,"1304,06",85,Servicios
Monitor v2000,Lote tecnologico 2000,"1168,31",159,Hardware
Laptop v2001,Lote tecnologico 2001,"1440,44",128,Licencias
Laptop v2002,Lote tecnologico 2002,"1097,01",123,Licencias
Teclado v2003,Lote tecnologico 2003,"1429,26",154,Licencias
SSD v2004,Lote tecnologico 2004,"919,07",134,Hardware
RAM v2005,Lote tecnologico 2005,"958,82",192,Licencias
Teclado v2006,Lote tecnologico 2006,"895,3",5,Licencias
Mouse v2007,Lote tecnologico 2007,"1241,43",179,Servicios
Mouse v2008,Lote tecnologico 2008,"532,03",176,Servicios
Monitor v2009,Lote tecnologico 2009,"701,23",108,Servicios
RAM v2010,Lote tecnologico 2010,"1476,25",130,Hardware
SSD v2011,Lote tecnologico 2011,"706,46",96,Software
SSD v2012,Lote tecnologico 2012,"658,65",142,Hardware
SSD v2013,Lote tecnologico 2013,"1443,45",166,Servicios
Laptop v2014,Lote tecnologico 2014,"305,36",190,Hardware
Laptop v2015,Lote tecnologico 2015,"1057,63",12,Servicios
Monitor v2016,Lote tecnologico 2016,"780,44",77,Licencias
Monitor v2017,Lote tecnologico 2017,"541,08",58,Licencias
Monitor v2018,Lote tecnologico 2018,"616,79",130,Servicios
Monitor v2019,Lote tecnologico 2019,"633,43",11,Hardware
Laptop v2020,Lote tecnologico 2020,"1202,5",31,Hardware
Laptop v2021,Lote tecnologico 2021,"1034,1",81,Servicios
Teclado v2022,Lote tecnologico 2022,"947,06",108,Hardware
Teclado v2023,Lote tecnologico 2023,"735,42",2,Hardware
SSD v2024,Lote tecnologico 2024,"638,74",165,Licencias
Mouse v2025,Lote tecnologico 2025,"334,19",136,Software
Monitor v2026,Lote tecnologico 2026,"377,51",73,Software
Laptop v2027,Lote tecnologico 2027,"417,87",9,Licencias
Laptop v2028,Lote tecnologico 2028,"1449,6",75,Licencias
SSD v2029,Lote tecnologico 2029,"1023,91",120,Hardware
Mouse v2030,Lote tecnologico 2030,"1131,51",6,Licencias
Laptop v2031,Lote tecnologico 2031,"803,99",3,Hardware
Teclado v2032,Lote tecnologico 2032,"162,17",100,Servicios
SSD v2033,Lote tecnologico 2033,"866,98",120,Servicios
Mouse v2034,Lote tecnologico 2034,"183,22",90,Licencias
Teclado v2035,Lote tecnologico 2035,"1465,54",25,Servicios
Mouse v2036,Lote tecnologico 2036,"184,28",7,Servicios
SSD v2037,Lote tecnologico 2037,"659,13",132,Servicios
RAM v2038,Lote tecnologico 2038,"241,85",112,Licencias
Mouse v2039,Lote tecnologico 2039,"1130,21",197,Licencias
Mouse v2040,Lote tecnologico 2040,"114,86",40,Licencias
RAM v2041,Lote tecnologico 2041,"1324,45",5,Hardware
Teclado v2042,Lote tecnologico 2042,"1310,64",170,Hardware
Monitor v2043,Lote tecnologico 2043,"100,4",164,Servicios
Monitor v2044,Lote tecnologico 2044,"565,44",147,Software
Monitor v2045,Lote tecnologico 2045,"1148,42",47,Software
Monitor v2046,Lote tecnologico 2046,"974,48",67,Servicios
SSD v2047,Lote tecnologico 2047,"244,21",95,Hardware
Teclado v2048,Lote tecnologico 2048,"1413,8",87,Software
Monitor v2049,Lote tecnologico 2049,"584,94",75,Software
Laptop v2050,Lote tecnologico 2050,"1258,86",29,Servicios
RAM v2051,Lote tecnologico 2051,"419,01",189,Software
RAM v2052,Lote tecnologico 2052,"1305,09",73,Servicios
Mouse v2053,Lote tecnologico 2053,"1375,57",103,Software
Teclado v2054,Lote tecnologico 2054,"487,44",189,Hardware
Teclado v2055,Lote tecnologico 2055,"1189,18",130,Software
SSD v2056,Lote tecnologico 2056,"1043,18",185,Hardware
RAM v2057,Lote tecnologico 2057,"703,85",22,Licencias
SSD v2058,Lote tecnologico 2058,"1280,07",83,Software
Teclado v2059,Lote tecnologico 2059,"282,47",151,Licencias
RAM v2060,Lote tecnologico 2060,"173,1",30,Licencias
SSD v2061,Lote tecnologico 2061,"1383,39",176,Software
Teclado v2062,Lote tecnologico 2062,"205,63",37,Software
Teclado v2063,Lote tecnologico 2063,"413,69",187,Software
Teclado v2064,Lote tecnologico 2064,"1364,01",155,Hardware
RAM v2065,Lote tecnologico 2065,"187,5",116,Servicios
RAM v2066,Lote tecnologico 2066,"389,36",30,Hardware
Mouse v2067,Lote tecnologico 2067,"542,53",151,Licencias
Monitor v2068,Lote tecnologico 2068,"735,27",66,Licencias
Monitor v2069,Lote tecnologico 2069,"1337,96",56,Licencias
SSD v2070,Lote tecnologico 2070,"980,46",53,Software
SSD v2071,Lote tecnologico 2071,"998,99",141,Licencias
SSD v2072,Lote tecnologico 2072,"701,3",157,Licencias
RAM v2073,Lote tecnologico 2073,"1396,48",170,Licencias
Laptop v2074,Lote tecnologico 2074,"863,32",179,Servicios
Laptop v2075,Lote tecnologico 2075,"697,22",1,Hardware
Monitor v2076,Lote tecnologico 2076,"731,88",84,Servicios
Laptop v2077,Lote tecnologico 2077,"1216,01",128,Hardware
Teclado v2078,Lote tecnologico 2078,"683,25",52,Software
Mouse v2079,Lote tecnologico 2079,"1260,54",72,Hardware
SSD v2080,Lote tecnologico 2080,"535,94",112,Software
Teclado v2081,Lote tecnologico 2081,"1386,98",26,Servicios
SSD v2082,Lote tecnologico 2082,"1106,91",176,Licencias
Laptop v2083,Lote tecnologico 2083,"1297,75",43,Servicios
Teclado v2084,Lote tecnologico 2084,"329,42",70,Servicios
SSD v2085,Lote tecnologico 2085,"724,94",67,Hardware
Laptop v2086,Lote tecnologico 2086,"863,26",7,Servicios
SSD v2087,Lote tecnologico 2087,"567,12",117,Hardware
SSD v2088,Lote tecnologico 2088,"667,74",20,Licencias
SSD v2089,Lote tecnologico 2089,"446,02",102,Hardware
RAM v2090,Lote tecnologico 2090,"1118,76",199,Hardware
SSD v2091,Lote tecnologico 2091,"481,76",177,Software
Monitor v2092,Lote tecnologico 2092,"462,68",181,Licencias
SSD v2093,Lote tecnologico 2093,"653,67",48,Licencias
Mouse v2094,Lote tecnologico 2094,"112,39",194,Software
Mouse v2095,Lote tecnologico 2095,"169,21",19,Servicios
Mouse v2096,Lote tecnologico 2096,"486,68",153,Software
Laptop v2097,Lote tecnologico 2097,"295,62",42,Hardware
RAM v2098,Lote tecnologico 2098,"828,45",172,Software
Laptop v2099,Lote tecnologico 2099,"1327,49",52,Licencias
Monitor v2100,Lote tecnologico 2100,"975,47",152,Licencias
SSD v2101,Lote tecnologico 2101,"474,99",192,Servicios
Monitor v2102,Lote tecnologico 2102,"1031,87",189,Hardware
Teclado v2103,Lote tecnologico 2103,"891,08",164,Software
Monitor v2104,Lote tecnologico 2104,"1047,71",63,Software
Teclado v2105,Lote tecnologico 2105,"1470,81",165,Servicios
RAM v2106,Lote tecnologico 2106,"823,27",63,Servicios
RAM v2107,Lote tecnologico 2107,"326,46",147,Servicios
RAM v2108,Lote tecnologico 2108,"989,59",175,Software
Monitor v2109,Lote tecnologico 2109,"829,55",145,Hardware
SSD v2110,Lote tecnologico 2110,"595,32",191,Servicios
RAM v2111,Lote tecnologico 2111,"645,55",73,Servicios
Monitor v2112,Lote tecnologico 2112,"775,36",183,Software
Mouse v2113,Lote tecnologico 2113,"69,03",129,Licencias
SSD v2114,Lote tecnologico 2114,"425,48",34,Hardware
Laptop v2115,Lote tecnologico 2115,"964,23",58,Licencias
Monitor v2116,Lote tecnologico 2116,"77,75",128,Licencias
Monitor v2117,Lote tecnologico 2117,"194,69",11,Licencias
Mouse v2118,Lote tecnologico 2118,"1271,42",31,Licencias
Laptop v2119,Lote tecnologico 2119,"262,05",152,Hardware
Teclado v2120,Lote tecnologico 2120,"1000,88",103,Licencias
SSD v2121,Lote tecnologico 2121,"457,3",191,Hardware
SSD v2122,Lote tecnologico 2122,"878,46",195,Hardware
Monitor v2123,Lote tecnologico 2123,"608,17",135,Hardware
SSD v2124,Lote tecnologico 2124,"1196,5",60,Hardware
Laptop v2125,Lote tecnologico 2125,"795,43",196,Hardware
SSD v2126,Lote tecnologico 2126,"892,96",99,Licencias
RAM v2127,Lote tecnologico 2127,"1176,62",21,Licencias
Monitor v2128,Lote tecnologico 2128,"555,6",18,Hardware
Laptop v2129,Lote tecnologico 2129,"1155,45",174,Hardware
RAM v2130,Lote tecnologico 2130,"416,98",154,Servicios
SSD v2131,Lote tecnologico 2131,"726,46",66,Servicios
Teclado v2132,Lote tecnologico 2132,"302,12",143,Software
Laptop v2133,Lote tecnologico 2133,"668,03",54,Licencias
Laptop v2134,Lote tecnologico 2134,"1366,77",199,Software
Teclado v2135,Lote tecnologico 2135,"251,59",185,Hardware
Monitor v2136,Lote tecnologico 2136,"1432,73",183,Servicios
Mouse v2137,Lote tecnologico 2137,"1212,08",15,Licencias
SSD v2138,Lote tecnologico 2138,"886,06",60,Software
Teclado v2139,Lote tecnologico 2139,"165,45",177,Software
SSD v2140,Lote tecnologico 2140,"1413,37",15,Servicios
Laptop v2141,Lote tecnologico 2141,"383,37",125,Hardware
Mouse v2142,Lote tecnologico 2142,"89,65",179,Servicios
Teclado v2143,Lote tecnologico 2143,"825,73",93,Licencias
Teclado v2144,Lote tecnologico 2144,"593,71",123,Licencias
Mouse v2145,Lote tecnologico 2145,"861,5",29,Software
Teclado v2146,Lote tecnologico 2146,"1318,28",6,Licencias
Monitor v2147,Lote tecnologico 2147,"927,72",3,Hardware
RAM v2148,Lote tecnologico 2148,"1221,58",137,Software
Teclado v2149,Lote tecnologico 2149,"62,03",29,Software
Monitor v2150,Lote tecnologico 2150,"1337,07",49,Servicios
Teclado v2151,Lote tecnologico 2151,"1477,42",130,Servicios
Laptop v2152,Lote tecnologico 2152,"830,51",154,Software
Monitor v2153,Lote tecnologico 2153,"173,48",16,Servicios
SSD v2154,Lote tecnologico 2154,"303,95",24,Software
Laptop v2155,Lote tecnologico 2155,"1038,06",59,Hardware
Teclado v2156,Lote tecnologico 2156,"950,68",65,Licencias
RAM v2157,Lote tecnologico 2157,"602,94",75,Hardware
Mouse v2158,Lote tecnologico 2158,"676,61",77,Licencias
RAM v2159,Lote tecnologico 2159,"391,53",160,Software
RAM v2160,Lote tecnologico 2160,"1497,38",136,Hardware
RAM v2161,Lote tecnologico 2161,"1329,95",57,Hardware
Teclado v2162,Lote tecnologico 2162,"376,13",51,Licencias
SSD v2163,Lote tecnologico 2163,"1321,3",51,Hardware
Monitor v2164,Lote tecnologico 2164,"1471,57",185,Servicios
Monitor v2165,Lote tecnologico 2165,"686,01",102,Software
Laptop v2166,Lote tecnologico 2166,"866,41",18,Licencias
SSD v2167,Lote tecnologico 2167,"1267,51",191,Servicios
RAM v2168,Lote tecnologico 2168,"914,62",189,Hardware
SSD v2169,Lote tecnologico 2169,"239,62",70,Licencias
Teclado v2170,Lote tecnologico 2170,"323,48",139,Hardware
Teclado v2171,Lote tecnologico 2171,"1326,51",122,Software
Mouse v2172,Lote tecnologico 2172,"420,51",58,Hardware
Mouse v2173,Lote tecnologico 2173,"1031,73",188,Licencias
Laptop v2174,Lote tecnologico 2174,"270,34",75,Hardware
RAM v2175,Lote tecnologico 2175,"1292,34",3,Hardware
RAM v2176,Lote tecnologico 2176,"926,6",12,Hardware
SSD v2177,Lote tecnologico 2177,"1307,23",95,Hardware
Monitor v2178,Lote tecnologico 2178,"995,71",150,Licencias
Monitor v2179,Lote tecnologico 2179,"720,81",12,Hardware
RAM v2180,Lote tecnologico 2180,"452,67",198,Licencias
SSD v2181,Lote tecnologico 2181,"1095,44",173,Licencias
Mouse v2182,Lote tecnologico 2182,"605,42",30,Software
Mouse v2183,Lote tecnologico 2183,"189,9",175,Software
SSD v2184,Lote tecnologico 2184,"409,62",24,Software
SSD v2185,Lote tecnologico 2185,"1202,72",67,Licencias
Laptop v2186,Lote tecnologico 2186,"146,53",98,Licencias
Monitor v2187,Lote tecnologico 2187,"951,2",166,Software
Laptop v2188,Lote tecnologico 2188,"1371,37",163,Hardware
Monitor v2189,Lote tecnologico 2189,"249,77",48,Licencias
RAM v2190,Lote tecnologico 2190,"576,04",126,Licencias
Mouse v2191,Lote tecnologico 2191,"1260,78",22,Software
Teclado v2192,Lote tecnologico 2192,"293,09",187,Software
Monitor v2193,Lote tecnologico 2193,"1274,04",194,Licencias
Mouse v2194,Lote tecnologico 2194,"303,18",54,Licencias
Mouse v2195,Lote tecnologico 2195,"1226,32",15,Licencias
Mouse v2196,Lote tecnologico 2196,"1019,32",53,Licencias
Mouse v2197,Lote tecnologico 2197,"1288,2",150,Hardware
SSD v2198,Lote tecnologico 2198,"144,53",175,Licencias
Laptop v2199,Lote tecnologico 2199,"1003,18",188,Servicios
Laptop v2200,Lote tecnologico 2200,"607,61",20,Servicios
Teclado v2201,Lote tecnologico 2201,"269,4",63,Servicios
RAM v2202,Lote tecnologico 2202,"1223,26",115,Servicios
Teclado v2203,Lote tecnologico 2203,"554,81",56,Servicios
Mouse v2204,Lote tecnologico 2204,"1209,83",2,Licencias
Laptop v2205,Lote tecnologico 2205,"824,38",2,Licencias
Laptop v2206,Lote tecnologico 2206,"1198,77",114,Software
Mouse v2207,Lote tecnologico 2207,"125,72",17,Licencias
Laptop v2208,Lote tecnologico 2208,"553,32",24,Hardware
SSD v2209,Lote tecnologico 2209,"85,56",148,Servicios
Mouse v2210,Lote tecnologico 2210,"315,9",145,Hardware
Laptop v2211,Lote tecnologico 2211,"504,73",47,Servicios
SSD v2212,Lote tecnologico 2212,"708,38",34,Hardware
Laptop v2213,Lote tecnologico 2213,"1491,28",119,Licencias
Teclado v2214,Lote tecnologico 2214,"394,69",116,Hardware
SSD v2215,Lote tecnologico 2215,"1144,14",105,Software
Laptop v2216,Lote tecnologico 2216,"466,27",87,Servicios
Monitor v2217,Lote tecnologico 2217,"411,55",4,Servicios
SSD v2218,Lote tecnologico 2218,"1379,99",134,Hardware
Monitor v2219,Lote tecnologico 2219,"991,54",68,Licencias
RAM v2220,Lote tecnologico 2220,"1110,02",99,Servicios
SSD v2221,Lote tecnologico 2221,"486,13",98,Licencias
Teclado v2222,Lote tecnologico 2222,"1223,47",126,Software
RAM v2223,Lote tecnologico 2223,"1357,53",43,Servicios
Laptop v2224,Lote tecnologico 2224,"1208,75",163,Hardware
Mouse v2225,Lote tecnologico 2225,"146,48",185,Servicios
Laptop v2226,Lote tecnologico 2226,"118,99",143,Hardware
RAM v2227,Lote tecnologico 2227,"388,96",87,Servicios
RAM v2228,Lote tecnologico 2228,"569,14",114,Licencias
Monitor v2229,Lote tecnologico 2229,268,50,Servicios
Mouse v2230,Lote tecnologico 2230,"892,67",177,Software
Laptop v2231,Lote tecnologico 2231,"701,2",34,Hardware
Laptop v2232,Lote tecnologico 2232,"827,71",116,Hardware
Monitor v2233,Lote tecnologico 2233,"75,95",120,Licencias
Teclado v2234,Lote tecnologico 2234,"1056,02",154,Licencias
Monitor v2235,Lote tecnologico 2235,"1130,52",188,Licencias
Teclado v2236,Lote tecnologico 2236,"854,51",172,Licencias
Monitor v2237,Lote tecnologico 2237,"1255,82",84,Servicios
Monitor v2238,Lote tecnologico 2238,"77,54",118,Servicios
RAM v2239,Lote tecnologico 2239,"600,06",191,Hardware
Teclado v2240,Lote tecnologico 2240,"117,55",96,Software
Monitor v2241,Lote tecnologico 2241,"1029,07",105,Software
SSD v2242,Lote tecnologico 2242,"1339,03",123,Software
Mouse v2243,Lote tecnologico 2243,"1445,21",148,Servicios
Laptop v2244,Lote tecnologico 2244,"1432,64",125,Hardware
Laptop v2245,Lote tecnologico 2245,"869,85",58,Licencias
Mouse v2246,Lote tecnologico 2246,"343,95",14,Licencias
Laptop v2247,Lote tecnologico 2247,"874,95",147,Servicios
RAM v2248,Lote tecnologico 2248,"338,67",30,Hardware
Teclado v2249,Lote tecnologico 2249,"888,87",155,Licencias
Teclado v2250,Lote tecnologico 2250,"830,78",52,Software
Laptop v2251,Lote tecnologico 2251,"354,99",87,Servicios
SSD v2252,Lote tecnologico 2252,"498,28",117,Software
Monitor v2253,Lote tecnologico 2253,"1041,89",132,Software
Mouse v2254,Lote tecnologico 2254,"115,87",135,Hardware
Monitor v2255,Lote tecnologico 2255,"492,68",169,Servicios
Mouse v2256,Lote tecnologico 2256,"255,69",10,Licencias
Laptop v2257,Lote tecnologico 2257,"1152,68",77,Software
RAM v2258,Lote tecnologico 2258,"663,9",18,Software
Mouse v2259,Lote tecnologico 2259,"861,99",29,Servicios
Mouse v2260,Lote tecnologico 2260,"859,63",37,Servicios
Mouse v2261,Lote tecnologico 2261,"1096,87",112,Software
Laptop v2262,Lote tecnologico 2262,"458,74",197,Hardware
SSD v2263,Lote tecnologico 2263,"1012,41",148,Licencias
RAM v2264,Lote tecnologico 2264,"962,1",50,Servicios
RAM v2265,Lote tecnologico 2265,"1183,18",0,Software
Laptop v2266,Lote tecnologico 2266,"92,64",146,Software
Mouse v2267,Lote tecnologico 2267,"701,37",23,Servicios
Laptop v2268,Lote tecnologico 2268,"788,45",17,Licencias
RAM v2269,Lote tecnologico 2269,"1425,46",19,Software
Monitor v2270,Lote tecnologico 2270,"511,41",156,Software
SSD v2271,Lote tecnologico 2271,"514,43",72,Licencias
RAM v2272,Lote tecnologico 2272,"880,39",157,Software
RAM v2273,Lote tecnologico 2273,"556,2",129,Licencias
RAM v2274,Lote tecnologico 2274,"1397,82",152,Hardware
Teclado v2275,Lote tecnologico 2275,"919,58",178,Licencias
Teclado v2276,Lote tecnologico 2276,"135,78",164,Hardware
Teclado v2277,Lote tecnologico 2277,"415,36",25,Hardware
Monitor v2278,Lote tecnologico 2278,"1176,33",4,Hardware
Mouse v2279,Lote tecnologico 2279,"279,1",118,Software
RAM v2280,Lote tecnologico 2280,"1354,58",11,Hardware
SSD v2281,Lote tecnologico 2281,"620,34",110,Licencias
Mouse v2282,Lote tecnologico 2282,"1347,43",90,Software
Teclado v2283,Lote tecnologico 2283,"261,05",190,Hardware
SSD v2284,Lote tecnologico 2284,"608,73",40,Licencias
RAM v2285,Lote tecnologico 2285,"548,79",180,Servicios
SSD v2286,Lote tecnologico 2286,"404,49",42,Hardware
Mouse v2287,Lote tecnologico 2287,"1045,14",51,Hardware
Monitor v2288,Lote tecnologico 2288,"1314,37",35,Software
Teclado v2289,Lote tecnologico 2289,"654,47",188,Hardware
Monitor v2290,Lote tecnologico 2290,"458,83",133,Software
Mouse v2291,Lote tecnologico 2291,"589,06",163,Servicios
Teclado v2292,Lote tecnologico 2292,"425,13",138,Servicios
Teclado v2293,Lote tecnologico 2293,"1408,53",194,Hardware
Mouse v2294,Lote tecnologico 2294,"1386,7",116,Licencias
Mouse v2295,Lote tecnologico 2295,281,93,Servicios
Mouse v2296,Lote tecnologico 2296,"373,38",193,Software
SSD v2297,Lote tecnologico 2297,"1499,95",192,Servicios
Laptop v2298,Lote tecnologico 2298,"454,24",127,Hardware
SSD v2299,Lote tecnologico 2299,"723,6",128,Servicios
Mouse v2300,Lote tecnologico 2300,"729,71",51,Servicios
RAM v2301,Lote tecnologico 2301,"1226,97",119,Licencias
RAM v2302,Lote tecnologico 2302,"476,18",85,Servicios
Teclado v2303,Lote tecnologico 2303,"459,7",9,Servicios
SSD v2304,Lote tecnologico 2304,"1150,3",76,Servicios
Monitor v2305,Lote tecnologico 2305,"430,86",119,Hardware
SSD v2306,Lote tecnologico 2306,"1089,2",111,Servicios
SSD v2307,Lote tecnologico 2307,"982,89",141,Hardware
RAM v2308,Lote tecnologico 2308,"554,1",31,Servicios
Mouse v2309,Lote tecnologico 2309,"1200,55",153,Servicios
Mouse v2310,Lote tecnologico 2310,"244,16",45,Software
Teclado v2311,Lote tecnologico 2311,"628,19",175,Servicios
Mouse v2312,Lote tecnologico 2312,"481,76",29,Software
SSD v2313,Lote tecnologico 2313,"1046,34",39,Software
Laptop v2314,Lote tecnologico 2314,"1017,5",146,Servicios
Teclado v2315,Lote tecnologico 2315,"1389,37",47,Servicios
Monitor v2316,Lote tecnologico 2316,"1196,37",108,Hardware
Teclado v2317,Lote tecnologico 2317,"65,1",103,Software
Monitor v2318,Lote tecnologico 2318,"874,24",111,Licencias
SSD v2319,Lote tecnologico 2319,"524,36",197,Software
RAM v2320,Lote tecnologico 2320,"571,61",155,Hardware
RAM v2321,Lote tecnologico 2321,"245,77",0,Servicios
Teclado v2322,Lote tecnologico 2322,"85,98",82,Licencias
Mouse v2323,Lote tecnologico 2323,"533,95",70,Licencias
Laptop v2324,Lote tecnologico 2324,"856,67",178,Servicios
Teclado v2325,Lote tecnologico 2325,"1291,97",61,Servicios
Laptop v2326,Lote tecnologico 2326,"284,5",143,Licencias
SSD v2327,Lote tecnologico 2327,"279,03",197,Hardware
Laptop v2328,Lote tecnologico 2328,"1449,68",180,Software
Monitor v2329,Lote tecnologico 2329,"525,48",189,Licencias
Mouse v2330,Lote tecnologico 2330,"948,64",34,Hardware
Laptop v2331,Lote tecnologico 2331,"1128,09",156,Servicios
Teclado v2332,Lote tecnologico 2332,"56,15",172,Hardware
RAM v2333,Lote tecnologico 2333,"1406,13",162,Licencias
Laptop v2334,Lote tecnologico 2334,"366,63",89,Software
Laptop v2335,Lote tecnologico 2335,"1355,59",157,Servicios
Monitor v2336,Lote tecnologico 2336,"1039,82",190,Software
Teclado v2337,Lote tecnologico 2337,"1302,82",92,Servicios
SSD v2338,Lote tecnologico 2338,"1265,7",98,Hardware
SSD v2339,Lote tecnologico 2339,"1461,21",16,Servicios
SSD v2340,Lote tecnologico 2340,"880,55",126,Servicios
Mouse v2341,Lote tecnologico 2341,"753,15",35,Servicios
Laptop v2342,Lote tecnologico 2342,"980,78",30,Servicios
RAM v2343,Lote tecnologico 2343,"944,05",44,Hardware
SSD v2344,Lote tecnologico 2344,"1334,01",156,Licencias
SSD v2345,Lote tecnologico 2345,"968,06",10,Licencias
Laptop v2346,Lote tecnologico 2346,"272,54",194,Servicios
SSD v2347,Lote tecnologico 2347,"1092,03",87,Licencias
Teclado v2348,Lote tecnologico 2348,"382,48",17,Servicios
Laptop v2349,Lote tecnologico 2349,"1206,7",149,Software
Teclado v2350,Lote tecnologico 2350,"832,06",87,Hardware
Mouse v2351,Lote tecnologico 2351,"791,32",120,Servicios
RAM v2352,Lote tecnologico 2352,"894,92",11,Servicios
Laptop v2353,Lote tecnologico 2353,128,12,Hardware
Monitor v2354,Lote tecnologico 2354,"825,28",25,Servicios
Monitor v2355,Lote tecnologico 2355,"350,33",5,Software
Mouse v2356,Lote tecnologico 2356,"1492,5",139,Licencias
Teclado v2357,Lote tecnologico 2357,"123,76",198,Software
Mouse v2358,Lote tecnologico 2358,"1256,04",20,Hardware
SSD v2359,Lote tecnologico 2359,"1164,69",44,Hardware
RAM v2360,Lote tecnologico 2360,"455,53",82,Hardware
Laptop v2361,Lote tecnologico 2361,"162,21",60,Licencias
Laptop v2362,Lote tecnologico 2362,"694,08",23,Licencias
Laptop v2363,Lote tecnologico 2363,"356,47",24,Hardware
Laptop v2364,Lote tecnologico 2364,"791,36",85,Licencias
SSD v2365,Lote tecnologico 2365,"553,3",49,Servicios
Laptop v2366,Lote tecnologico 2366,"1024,76",117,Software
Monitor v2367,Lote tecnologico 2367,"521,63",87,Servicios
RAM v2368,Lote tecnologico 2368,"1190,69",26,Licencias
Mouse v2369,Lote tecnologico 2369,"635,68",24,Servicios
RAM v2370,Lote tecnologico 2370,"961,38",147,Hardware
Teclado v2371,Lote tecnologico 2371,"83,42",22,Software
Monitor v2372,Lote tecnologico 2372,"1440,91",136,Servicios
RAM v2373,Lote tecnologico 2373,"1262,88",115,Hardware
Laptop v2374,Lote tecnologico 2374,"644,85",189,Servicios
Laptop v2375,Lote tecnologico 2375,"333,15",87,Software
Laptop v2376,Lote tecnologico 2376,"769,35",21,Hardware
Laptop v2377,Lote tecnologico 2377,"1258,4",183,Licencias
Mouse v2378,Lote tecnologico 2378,"1043,98",160,Licencias
SSD v2379,Lote tecnologico 2379,"242,16",169,Software
Monitor v2380,Lote tecnologico 2380,"545,56",158,Hardware
RAM v2381,Lote tecnologico 2381,"995,2",26,Hardware
Laptop v2382,Lote tecnologico 2382,"1272,3",72,Software
Mouse v2383,Lote tecnologico 2383,"1094,37",154,Servicios
RAM v2384,Lote tecnologico 2384,"1034,23",178,Hardware
Monitor v2385,Lote tecnologico 2385,"587,71",86,Licencias
RAM v2386,Lote tecnologico 2386,"1443,04",146,Software
RAM v2387,Lote tecnologico 2387,"452,17",152,Software
Teclado v2388,Lote tecnologico 2388,"134,29",63,Licencias
RAM v2389,Lote tecnologico 2389,"1170,47",133,Hardware
Mouse v2390,Lote tecnologico 2390,"229,82",139,Hardware
Laptop v2391,Lote tecnologico 2391,"612,21",164,Servicios
Mouse v2392,Lote tecnologico 2392,"1421,48",167,Licencias
Laptop v2393,Lote tecnologico 2393,"390,35",164,Licencias
SSD v2394,Lote tecnologico 2394,"1216,17",147,Hardware
Teclado v2395,Lote tecnologico 2395,"876,64",180,Licencias
Monitor v2396,Lote tecnologico 2396,370,192,Servicios
Monitor v2397,Lote tecnologico 2397,"992,57",105,Licencias
Laptop v2398,Lote tecnologico 2398,"608,32",126,Licencias
RAM v2399,Lote tecnologico 2399,"247,01",114,Hardware
Teclado v2400,Lote tecnologico 2400,"721,57",110,Servicios
RAM v2401,Lote tecnologico 2401,"341,74",33,Hardware
RAM v2402,Lote tecnologico 2402,"340,24",189,Hardware
Teclado v2403,Lote tecnologico 2403,"876,04",126,Hardware
Monitor v2404,Lote tecnologico 2404,"790,99",175,Software
Laptop v2405,Lote tecnologico 2405,"1099,55",188,Hardware
RAM v2406,Lote tecnologico 2406,"343,04",114,Licencias
Laptop v2407,Lote tecnologico 2407,"1281,36",96,Hardware
Teclado v2408,Lote tecnologico 2408,"74,76",15,Software
SSD v2409,Lote tecnologico 2409,"405,06",125,Hardware
SSD v2410,Lote tecnologico 2410,"557,72",169,Licencias
SSD v2411,Lote tecnologico 2411,"678,55",171,Software
Monitor v2412,Lote tecnologico 2412,"367,56",81,Hardware
SSD v2413,Lote tecnologico 2413,"977,09",166,Servicios
SSD v2414,Lote tecnologico 2414,"1489,94",33,Software
RAM v2415,Lote tecnologico 2415,"1432,36",0,Licencias
Teclado v2416,Lote tecnologico 2416,"1187,36",94,Hardware
Mouse v2417,Lote tecnologico 2417,"1458,5",84,Hardware
Teclado v2418,Lote tecnologico 2418,"1462,43",96,Software
Teclado v2419,Lote tecnologico 2419,"1369,93",148,Hardware
Teclado v2420,Lote tecnologico 2420,"525,38",36,Hardware
Monitor v2421,Lote tecnologico 2421,"190,54",106,Hardware
Teclado v2422,Lote tecnologico 2422,"343,07",54,Licencias
Monitor v2423,Lote tecnologico 2423,"909,17",195,Servicios
Monitor v2424,Lote tecnologico 2424,"1147,69",51,Servicios
Laptop v2425,Lote tecnologico 2425,"1004,68",15,Software
Monitor v2426,Lote tecnologico 2426,"1169,37",103,Software
RAM v2427,Lote tecnologico 2427,"918,51",73,Licencias
Teclado v2428,Lote tecnologico 2428,"250,5",178,Servicios
SSD v2429,Lote tecnologico 2429,497,145,Licencias
RAM v2430,Lote tecnologico 2430,"817,72",21,Servicios
SSD v2431,Lote tecnologico 2431,"215,64",47,Servicios
Mouse v2432,Lote tecnologico 2432,"1268,11",139,Servicios
Mouse v2433,Lote tecnologico 2433,"128,65",191,Hardware
SSD v2434,Lote tecnologico 2434,"1242,98",15,Licencias
Monitor v2435,Lote tecnologico 2435,"298,34",103,Software
Monitor v2436,Lote tecnologico 2436,"792,29",185,Software
RAM v2437,Lote tecnologico 2437,"1130,93",157,Servicios
Mouse v2438,Lote tecnologico 2438,"558,54",101,Licencias
RAM v2439,Lote tecnologico 2439,"585,37",32,Servicios
RAM v2440,Lote tecnologico 2440,"85,97",105,Licencias
SSD v2441,Lote tecnologico 2441,"691,25",32,Software
Laptop v2442,Lote tecnologico 2442,"961,89",178,Licencias
Teclado v2443,Lote tecnologico 2443,"462,86",77,Licencias
Monitor v2444,Lote tecnologico 2444,"175,35",183,Software
Monitor v2445,Lote tecnologico 2445,"833,17",78,Licencias
Mouse v2446,Lote tecnologico 2446,"1031,18",179,Hardware
Teclado v2447,Lote tecnologico 2447,"1390,55",141,Hardware
Mouse v2448,Lote tecnologico 2448,"259,99",68,Hardware
Monitor v2449,Lote tecnologico 2449,"709,39",180,Licencias
Laptop v2450,Lote tecnologico 2450,"934,98",142,Servicios
Monitor v2451,Lote tecnologico 2451,"594,62",24,Software
SSD v2452,Lote tecnologico 2452,"1403,84",154,Licencias
Laptop v2453,Lote tecnologico 2453,"1240,97",21,Hardware
Monitor v2454,Lote tecnologico 2454,"1251,71",175,Hardware
SSD v2455,Lote tecnologico 2455,1174,97,Software
Teclado v2456,Lote tecnologico 2456,"1221,59",35,Servicios
Teclado v2457,Lote tecnologico 2457,"897,52",72,Hardware
SSD v2458,Lote tecnologico 2458,"905,53",159,Hardware
SSD v2459,Lote tecnologico 2459,"1269,05",100,Software
Monitor v2460,Lote tecnologico 2460,"883,24",85,Servicios
SSD v2461,Lote tecnologico 2461,"830,13",10,Software
SSD v2462,Lote tecnologico 2462,"831,82",89,Hardware
RAM v2463,Lote tecnologico 2463,"1171,95",144,Hardware
Monitor v2464,Lote tecnologico 2464,"633,5",168,Software
Teclado v2465,Lote tecnologico 2465,"104,18",5,Hardware
RAM v2466,Lote tecnologico 2466,"132,22",151,Licencias
Monitor v2467,Lote tecnologico 2467,"1108,01",1,Servicios
RAM v2468,Lote tecnologico 2468,"1342,38",14,Servicios
Monitor v2469,Lote tecnologico 2469,"938,45",35,Hardware
Mouse v2470,Lote tecnologico 2470,"1341,22",160,Servicios
Mouse v2471,Lote tecnologico 2471,"596,82",183,Servicios
Laptop v2472,Lote tecnologico 2472,"401,82",121,Licencias
Laptop v2473,Lote tecnologico 2473,"662,87",116,Servicios
Monitor v2474,Lote tecnologico 2474,"239,81",67,Licencias
Teclado v2475,Lote tecnologico 2475,"1071,16",6,Hardware
Monitor v2476,Lote tecnologico 2476,"723,27",147,Software
SSD v2477,Lote tecnologico 2477,"122,17",184,Software
Teclado v2478,Lote tecnologico 2478,"1088,01",162,Software
Teclado v2479,Lote tecnologico 2479,"1328,39",199,Licencias
Mouse v2480,Lote tecnologico 2480,"764,28",82,Licencias
Mouse v2481,Lote tecnologico 2481,"849,52",148,Licencias
Laptop v2482,Lote tecnologico 2482,"1125,52",131,Servicios
Laptop v2483,Lote tecnologico 2483,"1446,4",172,Hardware
Teclado v2484,Lote tecnologico 2484,"525,36",176,Servicios
Teclado v2485,Lote tecnologico 2485,"661,93",33,Hardware
Laptop v2486,Lote tecnologico 2486,"1035,36",118,Software
Monitor v2487,Lote tecnologico 2487,"1011,59",143,Servicios
SSD v2488,Lote tecnologico 2488,"183,83",187,Software
Teclado v2489,Lote tecnologico 2489,"857,11",152,Licencias
Monitor v2490,Lote tecnologico 2490,"817,37",101,Servicios
SSD v2491,Lote tecnologico 2491,"926,98",41,Hardware
RAM v2492,Lote tecnologico 2492,"408,39",22,Licencias
RAM v2493,Lote tecnologico 2493,"783,5",6,Software
Teclado v2494,Lote tecnologico 2494,"206,14",143,Licencias
Teclado v2495,Lote tecnologico 2495,"1203,79",129,Servicios
Teclado v2496,Lote tecnologico 2496,"1132,52",114,Servicios
Monitor v2497,Lote tecnologico 2497,"339,51",51,Hardware
Mouse v2498,Lote tecnologico 2498,"1083,51",120,Servicios
RAM v2499,Lote tecnologico 2499,"718,45",94,Servicios
Monitor v2500,Lote tecnologico 2500,"231,04",153,Licencias
Monitor v2501,Lote tecnologico 2501,"1441,6",195,Servicios
Monitor v2502,Lote tecnologico 2502,"344,16",101,Hardware
Mouse v2503,Lote tecnologico 2503,"260,68",159,Servicios
Monitor v2504,Lote tecnologico 2504,"410,19",112,Software
Monitor v2505,Lote tecnologico 2505,"1243,54",106,Hardware
Mouse v2506,Lote tecnologico 2506,"389,99",136,Hardware
Teclado v2507,Lote tecnologico 2507,"722,59",35,Servicios
Monitor v2508,Lote tecnologico 2508,"647,09",87,Servicios
Laptop v2509,Lote tecnologico 2509,"1413,59",42,Servicios
RAM v2510,Lote tecnologico 2510,"899,23",76,Hardware
SSD v2511,Lote tecnologico 2511,"866,83",106,Licencias
Teclado v2512,Lote tecnologico 2512,"587,47",109,Licencias
Laptop v2513,Lote tecnologico 2513,"496,43",147,Software
Laptop v2514,Lote tecnologico 2514,"282,69",25,Software
RAM v2515,Lote tecnologico 2515,"1302,18",66,Servicios
RAM v2516,Lote tecnologico 2516,"1187,33",80,Software
SSD v2517,Lote tecnologico 2517,"1200,36",111,Servicios
Laptop v2518,Lote tecnologico 2518,"1115,37",104,Hardware
Teclado v2519,Lote tecnologico 2519,"884,77",164,Licencias
SSD v2520,Lote tecnologico 2520,"1002,62",115,Software
Monitor v2521,Lote tecnologico 2521,"593,49",41,Licencias
Monitor v2522,Lote tecnologico 2522,"227,07",180,Servicios
Mouse v2523,Lote tecnologico 2523,"925,54",25,Servicios
Teclado v2524,Lote tecnologico 2524,"913,28",56,Hardware
Mouse v2525,Lote tecnologico 2525,"303,79",198,Servicios
RAM v2526,Lote tecnologico 2526,"1316,8",89,Software
SSD v2527,Lote tecnologico 2527,"541,39",110,Software
SSD v2528,Lote tecnologico 2528,549,62,Licencias
Monitor v2529,Lote tecnologico 2529,"850,73",175,Licencias
Teclado v2530,Lote tecnologico 2530,"1424,3",70,Software
RAM v2531,Lote tecnologico 2531,"1245,85",29,Hardware
Mouse v2532,Lote tecnologico 2532,"686,34",134,Hardware
Mouse v2533,Lote tecnologico 2533,"1481,12",153,Software
Laptop v2534,Lote tecnologico 2534,"334,69",140,Licencias
Laptop v2535,Lote tecnologico 2535,"887,18",173,Licencias
Teclado v2536,Lote tecnologico 2536,"1321,3",71,Software
Monitor v2537,Lote tecnologico 2537,"136,83",53,Hardware
Mouse v2538,Lote tecnologico 2538,"1203,55",179,Licencias
Laptop v2539,Lote tecnologico 2539,"100,56",36,Licencias
SSD v2540,Lote tecnologico 2540,"585,15",106,Servicios
Laptop v2541,Lote tecnologico 2541,"953,56",86,Licencias
Teclado v2542,Lote tecnologico 2542,"785,23",169,Software
RAM v2543,Lote tecnologico 2543,"61,99",193,Software
Monitor v2544,Lote tecnologico 2544,"1272,51",179,Servicios
Mouse v2545,Lote tecnologico 2545,"1495,23",88,Hardware
Laptop v2546,Lote tecnologico 2546,"169,29",102,Hardware
RAM v2547,Lote tecnologico 2547,"941,08",77,Licencias
Laptop v2548,Lote tecnologico 2548,"822,67",184,Licencias
Laptop v2549,Lote tecnologico 2549,"81,73",182,Licencias
SSD v2550,Lote tecnologico 2550,"1010,99",162,Licencias
SSD v2551,Lote tecnologico 2551,"964,44",101,Servicios
Mouse v2552,Lote tecnologico 2552,"628,56",76,Software
SSD v2553,Lote tecnologico 2553,"952,98",165,Licencias
RAM v2554,Lote tecnologico 2554,"256,68",183,Licencias
RAM v2555,Lote tecnologico 2555,"882,94",121,Licencias
Laptop v2556,Lote tecnologico 2556,"307,2",195,Hardware
Teclado v2557,Lote tecnologico 2557,"1428,22",180,Software
RAM v2558,Lote tecnologico 2558,"439,08",133,Software
SSD v2559,Lote tecnologico 2559,"824,03",122,Servicios
RAM v2560,Lote tecnologico 2560,"598,43",66,Servicios
Teclado v2561,Lote tecnologico 2561,"1494,73",148,Hardware
Laptop v2562,Lote tecnologico 2562,"487,1",144,Software
Monitor v2563,Lote tecnologico 2563,"505,85",126,Licencias
Monitor v2564,Lote tecnologico 2564,"712,38",71,Licencias
SSD v2565,Lote tecnologico 2565,"1270,52",16,Servicios
Teclado v2566,Lote tecnologico 2566,"1304,72",151,Hardware
Mouse v2567,Lote tecnologico 2567,"711,25",107,Hardware
SSD v2568,Lote tecnologico 2568,"226,64",152,Hardware
Mouse v2569,Lote tecnologico 2569,"857,76",181,Hardware
Monitor v2570,Lote tecnologico 2570,"121,96",185,Servicios
Mouse v2571,Lote tecnologico 2571,"1190,15",78,Servicios
SSD v2572,Lote tecnologico 2572,"1102,06",71,Hardware
Monitor v2573,Lote tecnologico 2573,"1022,59",185,Licencias
Mouse v2574,Lote tecnologico 2574,"739,81",164,Servicios
Monitor v2575,Lote tecnologico 2575,"123,66",42,Servicios
RAM v2576,Lote tecnologico 2576,"1297,55",25,Hardware
SSD v2577,Lote tecnologico 2577,"191,37",42,Licencias
Laptop v2578,Lote tecnologico 2578,"638,77",49,Software
Laptop v2579,Lote tecnologico 2579,"966,62",127,Software
Laptop v2580,Lote tecnologico 2580,"1385,55",39,Hardware
SSD v2581,Lote tecnologico 2581,"224,09",129,Hardware
Teclado v2582,Lote tecnologico 2582,"868,83",58,Software
SSD v2583,Lote tecnologico 2583,"935,39",116,Hardware
Teclado v2584,Lote tecnologico 2584,"185,32",47,Software
Teclado v2585,Lote tecnologico 2585,"529,26",120,Servicios
Monitor v2586,Lote tecnologico 2586,"584,79",143,Software
Monitor v2587,Lote tecnologico 2587,"363,29",162,Licencias
Laptop v2588,Lote tecnologico 2588,"1043,24",178,Servicios
Laptop v2589,Lote tecnologico 2589,"1110,09",98,Licencias
RAM v2590,Lote tecnologico 2590,"1351,12",176,Servicios
Laptop v2591,Lote tecnologico 2591,"638,9",16,Software
RAM v2592,Lote tecnologico 2592,"944,95",154,Servicios
Mouse v2593,Lote tecnologico 2593,"136,15",98,Servicios
Laptop v2594,Lote tecnologico 2594,"998,61",77,Servicios
Mouse v2595,Lote tecnologico 2595,"850,6",117,Hardware
Monitor v2596,Lote tecnologico 2596,"1158,93",125,Hardware
SSD v2597,Lote tecnologico 2597,"609,25",184,Hardware
RAM v2598,Lote tecnologico 2598,"431,75",192,Licencias
Mouse v2599,Lote tecnologico 2599,"351,1",16,Licencias
Mouse v2600,Lote tecnologico 2600,"285,7",114,Servicios
Teclado v2601,Lote tecnologico 2601,"1393,97",196,Licencias
Mouse v2602,Lote tecnologico 2602,"1154,7",31,Servicios
Mouse v2603,Lote tecnologico 2603,"461,5",135,Licencias
Teclado v2604,Lote tecnologico 2604,"874,45",32,Servicios
SSD v2605,Lote tecnologico 2605,"538,7",35,Servicios
Monitor v2606,Lote tecnologico 2606,"1238,52",79,Licencias
Monitor v2607,Lote tecnologico 2607,"797,34",165,Software
RAM v2608,Lote tecnologico 2608,"603,79",99,Licencias
SSD v2609,Lote tecnologico 2609,"941,54",133,Servicios
Laptop v2610,Lote tecnologico 2610,"1140,87",180,Hardware
Mouse v2611,Lote tecnologico 2611,"134,24",66,Software
Laptop v2612,Lote tecnologico 2612,"1493,45",67,Licencias
Monitor v2613,Lote tecnologico 2613,"1339,24",104,Servicios
Monitor v2614,Lote tecnologico 2614,"618,46",134,Licencias
RAM v2615,Lote tecnologico 2615,"1168,19",173,Hardware
Mouse v2616,Lote tecnologico 2616,"1232,54",195,Software
Laptop v2617,Lote tecnologico 2617,"881,35",25,Licencias
SSD v2618,Lote tecnologico 2618,"1483,22",84,Licencias
Teclado v2619,Lote tecnologico 2619,"805,52",39,Servicios
Laptop v2620,Lote tecnologico 2620,"201,25",99,Software
Monitor v2621,Lote tecnologico 2621,"253,46",136,Software
Laptop v2622,Lote tecnologico 2622,"463,9",93,Hardware
Teclado v2623,Lote tecnologico 2623,"1456,64",58,Hardware
Monitor v2624,Lote tecnologico 2624,"1333,38",161,Hardware
Teclado v2625,Lote tecnologico 2625,"349,52",85,Licencias
SSD v2626,Lote tecnologico 2626,"782,41",71,Servicios
Monitor v2627,Lote tecnologico 2627,"1203,88",96,Servicios
Monitor v2628,Lote tecnologico 2628,"128,23",196,Licencias
Laptop v2629,Lote tecnologico 2629,"1083,52",70,Servicios
Teclado v2630,Lote tecnologico 2630,"1415,42",16,Licencias
Laptop v2631,Lote tecnologico 2631,"1103,15",64,Licencias
Laptop v2632,Lote tecnologico 2632,"1445,4",78,Software
RAM v2633,Lote tecnologico 2633,"1369,37",147,Hardware
Mouse v2634,Lote tecnologico 2634,"1428,43",112,Licencias
RAM v2635,Lote tecnologico 2635,"911,82",166,Servicios
RAM v2636,Lote tecnologico 2636,"1071,3",12,Software
Monitor v2637,Lote tecnologico 2637,"1145,99",163,Licencias
Mouse v2638,Lote tecnologico 2638,"144,36",198,Hardware
Teclado v2639,Lote tecnologico 2639,"62,85",15,Licencias
SSD v2640,Lote tecnologico 2640,"724,45",58,Software
Mouse v2641,Lote tecnologico 2641,"679,15",167,Hardware
Monitor v2642,Lote tecnologico 2642,"707,17",25,Hardware
RAM v2643,Lote tecnologico 2643,"723,5",109,Licencias
Mouse v2644,Lote tecnologico 2644,"1086,96",86,Hardware
Laptop v2645,Lote tecnologico 2645,"882,02",4,Servicios
Mouse v2646,Lote tecnologico 2646,"782,6",67,Licencias
Teclado v2647,Lote tecnologico 2647,"950,59",61,Hardware
Mouse v2648,Lote tecnologico 2648,"322,85",187,Software
RAM v2649,Lote tecnologico 2649,"1477,72",125,Hardware
Laptop v2650,Lote tecnologico 2650,"538,6",194,Licencias
Laptop v2651,Lote tecnologico 2651,"242,34",20,Licencias
Mouse v2652,Lote tecnologico 2652,"1068,63",57,Licencias
Teclado v2653,Lote tecnologico 2653,"226,4",80,Servicios
RAM v2654,Lote tecnologico 2654,"1009,11",153,Software
Mouse v2655,Lote tecnologico 2655,"926,45",43,Software
Teclado v2656,Lote tecnologico 2656,"786,92",193,Licencias
RAM v2657,Lote tecnologico 2657,"726,68",55,Software
Laptop v2658,Lote tecnologico 2658,"1074,13",59,Licencias
Laptop v2659,Lote tecnologico 2659,"886,7",117,Software
Monitor v2660,Lote tecnologico 2660,"878,11",36,Servicios
Teclado v2661,Lote tecnologico 2661,"1468,23",159,Hardware
Teclado v2662,Lote tecnologico 2662,"1451,4",25,Servicios
Laptop v2663,Lote tecnologico 2663,"1312,41",119,Servicios
SSD v2664,Lote tecnologico 2664,"307,71",156,Servicios
RAM v2665,Lote tecnologico 2665,"1323,35",136,Hardware
Laptop v2666,Lote tecnologico 2666,"1027,09",15,Software
Laptop v2667,Lote tecnologico 2667,"858,71",101,Servicios
Teclado v2668,Lote tecnologico 2668,"348,17",133,Software
Teclado v2669,Lote tecnologico 2669,"657,57",46,Servicios
Monitor v2670,Lote tecnologico 2670,"317,61",153,Hardware
Monitor v2671,Lote tecnologico 2671,"1387,22",127,Licencias
Laptop v2672,Lote tecnologico 2672,"1397,9",85,Servicios
RAM v2673,Lote tecnologico 2673,"216,25",103,Licencias
SSD v2674,Lote tecnologico 2674,"519,95",189,Hardware
Laptop v2675,Lote tecnologico 2675,"644,06",122,Servicios
SSD v2676,Lote tecnologico 2676,"410,56",11,Software
Laptop v2677,Lote tecnologico 2677,"51,92",5,Licencias
SSD v2678,Lote tecnologico 2678,"1166,22",48,Software
Laptop v2679,Lote tecnologico 2679,"284,62",31,Servicios
SSD v2680,Lote tecnologico 2680,"1185,82",120,Hardware
Laptop v2681,Lote tecnologico 2681,"913,69",19,Hardware
RAM v2682,Lote tecnologico 2682,"1076,43",26,Servicios
Monitor v2683,Lote tecnologico 2683,"432,27",192,Software
Laptop v2684,Lote tecnologico 2684,"1216,77",42,Licencias
Mouse v2685,Lote tecnologico 2685,"1121,36",183,Servicios
RAM v2686,Lote tecnologico 2686,"1229,46",129,Software
Monitor v2687,Lote tecnologico 2687,"347,62",160,Licencias
Teclado v2688,Lote tecnologico 2688,"1463,01",170,Licencias
SSD v2689,Lote tecnologico 2689,"553,54",117,Software
Mouse v2690,Lote tecnologico 2690,"1473,41",104,Servicios
Monitor v2691,Lote tecnologico 2691,"1054,8",66,Software
Teclado v2692,Lote tecnologico 2692,"1375,15",23,Hardware
SSD v2693,Lote tecnologico 2693,"105,07",109,Servicios
Laptop v2694,Lote tecnologico 2694,"952,92",46,Servicios
Teclado v2695,Lote tecnologico 2695,"423,99",23,Licencias
Teclado v2696,Lote tecnologico 2696,"241,94",26,Hardware
Teclado v2697,Lote tecnologico 2697,"684,24",29,Servicios
Laptop v2698,Lote tecnologico 2698,"961,74",61,Software
SSD v2699,Lote tecnologico 2699,"730,76",168,Software
RAM v2700,Lote tecnologico 2700,"992,59",32,Servicios
SSD v2701,Lote tecnologico 2701,"1058,92",96,Servicios
RAM v2702,Lote tecnologico 2702,"1248,9",191,Licencias
RAM v2703,Lote tecnologico 2703,"75,82",18,Hardware
Laptop v2704,Lote tecnologico 2704,"983,34",33,Hardware
SSD v2705,Lote tecnologico 2705,"162,62",125,Software
Mouse v2706,Lote tecnologico 2706,"832,63",46,Licencias
SSD v2707,Lote tecnologico 2707,"1020,37",188,Licencias
Teclado v2708,Lote tecnologico 2708,"1091,04",53,Hardware
Laptop v2709,Lote tecnologico 2709,"1115,92",191,Software
Mouse v2710,Lote tecnologico 2710,"98,91",9,Hardware
RAM v2711,Lote tecnologico 2711,"1290,85",24,Software
Teclado v2712,Lote tecnologico 2712,"949,85",92,Software
RAM v2713,Lote tecnologico 2713,"566,1",0,Hardware
Mouse v2714,Lote tecnologico 2714,"1215,21",194,Servicios
Monitor v2715,Lote tecnologico 2715,"1311,59",49,Servicios
Monitor v2716,Lote tecnologico 2716,"322,69",102,Hardware
RAM v2717,Lote tecnologico 2717,"1179,28",4,Software
SSD v2718,Lote tecnologico 2718,"1173,31",96,Software
Monitor v2719,Lote tecnologico 2719,"629,47",60,Hardware
Teclado v2720,Lote tecnologico 2720,"1071,39",121,Hardware
Mouse v2721,Lote tecnologico 2721,"1409,91",196,Licencias
Laptop v2722,Lote tecnologico 2722,"338,62",19,Licencias
Mouse v2723,Lote tecnologico 2723,"770,67",180,Servicios
Mouse v2724,Lote tecnologico 2724,"155,7",192,Servicios
SSD v2725,Lote tecnologico 2725,"928,35",167,Software
SSD v2726,Lote tecnologico 2726,"141,76",27,Licencias
RAM v2727,Lote tecnologico 2727,"578,97",117,Hardware
RAM v2728,Lote tecnologico 2728,"535,65",164,Servicios
RAM v2729,Lote tecnologico 2729,"1475,53",128,Licencias
RAM v2730,Lote tecnologico 2730,"1333,27",125,Servicios
Mouse v2731,Lote tecnologico 2731,"623,13",28,Licencias
SSD v2732,Lote tecnologico 2732,"166,85",1,Hardware
Laptop v2733,Lote tecnologico 2733,"963,37",65,Licencias
Mouse v2734,Lote tecnologico 2734,"1158,44",169,Servicios
Monitor v2735,Lote tecnologico 2735,"360,68",188,Servicios
RAM v2736,Lote tecnologico 2736,"1303,39",17,Hardware
SSD v2737,Lote tecnologico 2737,"646,52",37,Software
Mouse v2738,Lote tecnologico 2738,"224,95",1,Software
SSD v2739,Lote tecnologico 2739,"323,65",122,Software
Teclado v2740,Lote tecnologico 2740,"801,79",17,Software
Laptop v2741,Lote tecnologico 2741,"99,09",10,Licencias
Monitor v2742,Lote tecnologico 2742,"349,4",132,Hardware
Monitor v2743,Lote tecnologico 2743,"677,03",115,Licencias
Monitor v2744,Lote tecnologico 2744,"468,79",177,Software
Teclado v2745,Lote tecnologico 2745,"235,55",196,Hardware
Mouse v2746,Lote tecnologico 2746,"1188,46",96,Hardware
Monitor v2747,Lote tecnologico 2747,"598,41",114,Software
Laptop v2748,Lote tecnologico 2748,"704,88",130,Software
SSD v2749,Lote tecnologico 2749,"1034,6",16,Servicios
Laptop v2750,Lote tecnologico 2750,"1127,62",166,Hardware
RAM v2751,Lote tecnologico 2751,"1305,54",153,Hardware
SSD v2752,Lote tecnologico 2752,"589,96",108,Servicios
Monitor v2753,Lote tecnologico 2753,"1252,56",55,Servicios
Mouse v2754,Lote tecnologico 2754,"1210,92",3,Hardware
SSD v2755,Lote tecnologico 2755,"1358,21",61,Hardware
Laptop v2756,Lote tecnologico 2756,"204,64",197,Software
Mouse v2757,Lote tecnologico 2757,"1381,08",42,Hardware
RAM v2758,Lote tecnologico 2758,"441,05",134,Hardware
Mouse v2759,Lote tecnologico 2759,"1339,95",16,Licencias
Mouse v2760,Lote tecnologico 2760,"554,36",77,Servicios
SSD v2761,Lote tecnologico 2761,"678,24",46,Software
SSD v2762,Lote tecnologico 2762,"934,46",178,Hardware
Mouse v2763,Lote tecnologico 2763,"1193,05",57,Licencias
Mouse v2764,Lote tecnologico 2764,"887,79",59,Licencias
RAM v2765,Lote tecnologico 2765,"1475,93",30,Licencias
Laptop v2766,Lote tecnologico 2766,"896,85",85,Software
SSD v2767,Lote tecnologico 2767,"416,58",67,Hardware
Monitor v2768,Lote tecnologico 2768,"294,49",138,Licencias
Laptop v2769,Lote tecnologico 2769,"903,38",138,Hardware
Teclado v2770,Lote tecnologico 2770,"849,97",55,Servicios
RAM v2771,Lote tecnologico 2771,"562,47",123,Hardware
Monitor v2772,Lote tecnologico 2772,"714,84",36,Software
RAM v2773,Lote tecnologico 2773,"1399,8",88,Hardware
RAM v2774,Lote tecnologico 2774,"409,18",60,Software
Monitor v2775,Lote tecnologico 2775,"393,81",3,Hardware
SSD v2776,Lote tecnologico 2776,"1185,35",166,Servicios
Laptop v2777,Lote tecnologico 2777,"169,41",34,Licencias
Mouse v2778,Lote tecnologico 2778,"628,1",17,Software
Laptop v2779,Lote tecnologico 2779,"158,33",147,Licencias
Monitor v2780,Lote tecnologico 2780,"860,23",80,Hardware
SSD v2781,Lote tecnologico 2781,"396,04",66,Licencias
RAM v2782,Lote tecnologico 2782,"960,93",40,Software
Teclado v2783,Lote tecnologico 2783,"1284,62",177,Licencias
Laptop v2784,Lote tecnologico 2784,"69,15",73,Servicios
RAM v2785,Lote tecnologico 2785,"986,47",94,Software
SSD v2786,Lote tecnologico 2786,"1043,61",192,Hardware
RAM v2787,Lote tecnologico 2787,"585,66",144,Software
RAM v2788,Lote tecnologico 2788,"156,18",140,Servicios
Teclado v2789,Lote tecnologico 2789,"848,48",68,Servicios
Teclado v2790,Lote tecnologico 2790,"518,11",179,Licencias
Mouse v2791,Lote tecnologico 2791,"460,52",9,Servicios
Mouse v2792,Lote tecnologico 2792,"1079,96",130,Hardware
Teclado v2793,Lote tecnologico 2793,"1380,04",140,Licencias
RAM v2794,Lote tecnologico 2794,"1290,5",144,Servicios
Teclado v2795,Lote tecnologico 2795,"1173,83",52,Hardware
RAM v2796,Lote tecnologico 2796,"245,35",54,Servicios
Teclado v2797,Lote tecnologico 2797,"1265,4",45,Hardware
Monitor v2798,Lote tecnologico 2798,"1069,63",117,Servicios
RAM v2799,Lote tecnologico 2799,"828,34",141,Servicios
Mouse v2800,Lote tecnologico 2800,"969,75",169,Servicios
RAM v2801,Lote tecnologico 2801,"722,42",62,Software
Mouse v2802,Lote tecnologico 2802,"1092,97",126,Software
Teclado v2803,Lote tecnologico 2803,"927,17",173,Servicios
SSD v2804,Lote tecnologico 2804,"1401,76",183,Hardware
Mouse v2805,Lote tecnologico 2805,"76,5",145,Software
SSD v2806,Lote tecnologico 2806,"432,78",120,Hardware
Monitor v2807,Lote tecnologico 2807,"640,3",34,Software
Teclado v2808,Lote tecnologico 2808,"1465,54",51,Licencias
Monitor v2809,Lote tecnologico 2809,"1146,77",60,Software
Mouse v2810,Lote tecnologico 2810,"1193,47",126,Hardware
Teclado v2811,Lote tecnologico 2811,"884,61",97,Hardware
Laptop v2812,Lote tecnologico 2812,"802,93",133,Servicios
Laptop v2813,Lote tecnologico 2813,"826,99",50,Hardware
SSD v2814,Lote tecnologico 2814,"1353,31",156,Servicios
SSD v2815,Lote tecnologico 2815,"101,28",198,Licencias
Laptop v2816,Lote tecnologico 2816,"1467,44",10,Hardware
Monitor v2817,Lote tecnologico 2817,"757,36",120,Licencias
Laptop v2818,Lote tecnologico 2818,"181,37",119,Software
Monitor v2819,Lote tecnologico 2819,"1243,46",191,Servicios
Laptop v2820,Lote tecnologico 2820,"493,71",91,Software
Teclado v2821,Lote tecnologico 2821,"912,95",185,Servicios
SSD v2822,Lote tecnologico 2822,"823,33",179,Licencias
Laptop v2823,Lote tecnologico 2823,"294,59",148,Software
Monitor v2824,Lote tecnologico 2824,"244,76",30,Hardware
RAM v2825,Lote tecnologico 2825,"159,96",95,Hardware
RAM v2826,Lote tecnologico 2826,"607,29",65,Software
Mouse v2827,Lote tecnologico 2827,"175,39",83,Hardware
Teclado v2828,Lote tecnologico 2828,"234,23",84,Licencias
Mouse v2829,Lote tecnologico 2829,"104,58",153,Licencias
Mouse v2830,Lote tecnologico 2830,"691,86",78,Software
Monitor v2831,Lote tecnologico 2831,"575,64",22,Licencias
Laptop v2832,Lote tecnologico 2832,"1174,15",62,Software
Laptop v2833,Lote tecnologico 2833,"343,83",7,Hardware
Mouse v2834,Lote tecnologico 2834,"368,83",17,Licencias
Laptop v2835,Lote tecnologico 2835,"623,24",172,Hardware
Mouse v2836,Lote tecnologico 2836,"794,38",102,Licencias
Monitor v2837,Lote tecnologico 2837,"393,7",92,Servicios
Mouse v2838,Lote tecnologico 2838,"1298,29",184,Hardware
Laptop v2839,Lote tecnologico 2839,"172,6",95,Licencias
Teclado v2840,Lote tecnologico 2840,"289,85",152,Servicios
Teclado v2841,Lote tecnologico 2841,"1220,1",149,Hardware
Laptop v2842,Lote tecnologico 2842,"461,69",129,Software
Laptop v2843,Lote tecnologico 2843,"1143,28",33,Licencias
Laptop v2844,Lote tecnologico 2844,"1166,19",182,Servicios
Teclado v2845,Lote tecnologico 2845,"1332,39",123,Licencias
Mouse v2846,Lote tecnologico 2846,"891,48",17,Hardware
SSD v2847,Lote tecnologico 2847,"290,52",180,Servicios
Mouse v2848,Lote tecnologico 2848,"682,17",95,Software
Laptop v2849,Lote tecnologico 2849,"534,79",126,Servicios
RAM v2850,Lote tecnologico 2850,"1393,78",199,Licencias
Laptop v2851,Lote tecnologico 2851,"1412,07",145,Hardware
Teclado v2852,Lote tecnologico 2852,"528,75",152,Software
SSD v2853,Lote tecnologico 2853,"900,7",160,Servicios
Monitor v2854,Lote tecnologico 2854,"998,93",6,Software
Monitor v2855,Lote tecnologico 2855,"1379,77",162,Software
SSD v2856,Lote tecnologico 2856,"893,16",79,Servicios
Mouse v2857,Lote tecnologico 2857,"79,45",199,Licencias
Monitor v2858,Lote tecnologico 2858,"420,38",99,Hardware
Laptop v2859,Lote tecnologico 2859,"734,69",77,Software
Mouse v2860,Lote tecnologico 2860,"679,58",14,Servicios
Mouse v2861,Lote tecnologico 2861,"1083,69",139,Hardware
RAM v2862,Lote tecnologico 2862,"134,22",6,Licencias
Laptop v2863,Lote tecnologico 2863,"71,09",5,Licencias
Laptop v2864,Lote tecnologico 2864,"1343,04",148,Licencias
SSD v2865,Lote tecnologico 2865,"144,64",120,Hardware
SSD v2866,Lote tecnologico 2866,"178,41",1,Licencias
RAM v2867,Lote tecnologico 2867,"846,24",98,Servicios
SSD v2868,Lote tecnologico 2868,"829,79",191,Licencias
Monitor v2869,Lote tecnologico 2869,"129,63",6,Servicios
Teclado v2870,Lote tecnologico 2870,"113,9",127,Hardware
Laptop v2871,Lote tecnologico 2871,"1129,32",156,Software
RAM v2872,Lote tecnologico 2872,"1213,2",27,Licencias
RAM v2873,Lote tecnologico 2873,"1460,25",140,Software
Monitor v2874,Lote tecnologico 2874,"867,1",144,Software
SSD v2875,Lote tecnologico 2875,"815,22",147,Software
SSD v2876,Lote tecnologico 2876,"1302,89",0,Servicios
Mouse v2877,Lote tecnologico 2877,"157,28",38,Software
Monitor v2878,Lote tecnologico 2878,"140,7",118,Licencias
RAM v2879,Lote tecnologico 2879,"727,1",195,Licencias
Laptop v2880,Lote tecnologico 2880,"236,3",74,Hardware
Laptop v2881,Lote tecnologico 2881,"764,01",99,Software
Teclado v2882,Lote tecnologico 2882,"560,63",72,Licencias
SSD v2883,Lote tecnologico 2883,"682,13",58,Hardware
RAM v2884,Lote tecnologico 2884,"95,44",114,Software
Teclado v2885,Lote tecnologico 2885,"724,06",72,Licencias
RAM v2886,Lote tecnologico 2886,"889,68",198,Hardware
Teclado v2887,Lote tecnologico 2887,"782,74",33,Licencias
Monitor v2888,Lote tecnologico 2888,"449,08",93,Hardware
Teclado v2889,Lote tecnologico 2889,"527,89",55,Licencias
Teclado v2890,Lote tecnologico 2890,"831,57",188,Software
Mouse v2891,Lote tecnologico 2891,"680,86",15,Servicios
SSD v2892,Lote tecnologico 2892,"383,28",108,Hardware
Teclado v2893,Lote tecnologico 2893,"155,46",187,Hardware
Monitor v2894,Lote tecnologico 2894,"312,5",145,Licencias
Teclado v2895,Lote tecnologico 2895,"58,16",124,Licencias
Teclado v2896,Lote tecnologico 2896,"411,74",137,Servicios
RAM v2897,Lote tecnologico 2897,"1041,18",12,Hardware
Teclado v2898,Lote tecnologico 2898,"1173,56",6,Hardware
Laptop v2899,Lote tecnologico 2899,"475,35",3,Hardware
RAM v2900,Lote tecnologico 2900,"1131,26",91,Licencias
Teclado v2901,Lote tecnologico 2901,"741,04",126,Software
RAM v2902,Lote tecnologico 2902,"1454,03",189,Licencias
Mouse v2903,Lote tecnologico 2903,"1376,21",30,Software
Teclado v2904,Lote tecnologico 2904,"784,09",117,Licencias
RAM v2905,Lote tecnologico 2905,"587,33",64,Software
Monitor v2906,Lote tecnologico 2906,"546,78",171,Servicios
Laptop v2907,Lote tecnologico 2907,"1234,63",159,Licencias
Mouse v2908,Lote tecnologico 2908,"425,56",20,Hardware
Mouse v2909,Lote tecnologico 2909,"1149,53",34,Software
SSD v2910,Lote tecnologico 2910,"693,12",117,Licencias
SSD v2911,Lote tecnologico 2911,"1310,4",77,Servicios
RAM v2912,Lote tecnologico 2912,"198,35",90,Hardware
RAM v2913,Lote tecnologico 2913,"881,78",36,Hardware
Monitor v2914,Lote tecnologico 2914,"1017,61",147,Servicios
Laptop v2915,Lote tecnologico 2915,"1285,09",196,Hardware
Monitor v2916,Lote tecnologico 2916,"713,22",7,Hardware
Teclado v2917,Lote tecnologico 2917,"522,87",73,Servicios
Teclado v2918,Lote tecnologico 2918,"120,75",108,Licencias
RAM v2919,Lote tecnologico 2919,"259,05",150,Licencias
Laptop v2920,Lote tecnologico 2920,"326,8",170,Hardware
Laptop v2921,Lote tecnologico 2921,"540,71",164,Servicios
Laptop v2922,Lote tecnologico 2922,"278,96",198,Software
Laptop v2923,Lote tecnologico 2923,"664,81",159,Software
Teclado v2924,Lote tecnologico 2924,"569,33",143,Servicios
Monitor v2925,Lote tecnologico 2925,"554,16",68,Software
Monitor v2926,Lote tecnologico 2926,"406,73",170,Hardware
RAM v2927,Lote tecnologico 2927,"824,28",22,Software
SSD v2928,Lote tecnologico 2928,"1388,99",62,Software
Monitor v2929,Lote tecnologico 2929,"1442,73",130,Software
RAM v2930,Lote tecnologico 2930,"1083,56",171,Licencias
SSD v2931,Lote tecnologico 2931,"1449,68",84,Software
Teclado v2932,Lote tecnologico 2932,"1128,72",56,Servicios
RAM v2933,Lote tecnologico 2933,"404,51",9,Servicios
Mouse v2934,Lote tecnologico 2934,"114,52",178,Hardware
Teclado v2935,Lote tecnologico 2935,"977,58",106,Servicios
Monitor v2936,Lote tecnologico 2936,"512,58",121,Servicios
Mouse v2937,Lote tecnologico 2937,"176,69",29,Servicios
Monitor v2938,Lote tecnologico 2938,"757,77",105,Software
Monitor v2939,Lote tecnologico 2939,"1486,49",12,Software
Mouse v2940,Lote tecnologico 2940,"1470,53",78,Hardware
Mouse v2941,Lote tecnologico 2941,"968,4",194,Licencias
Laptop v2942,Lote tecnologico 2942,"122,96",175,Software
SSD v2943,Lote tecnologico 2943,"923,3",173,Software
Teclado v2944,Lote tecnologico 2944,"482,26",142,Hardware
SSD v2945,Lote tecnologico 2945,"1282,78",195,Software
Teclado v2946,Lote tecnologico 2946,"1371,57",142,Software
SSD v2947,Lote tecnologico 2947,"271,96",71,Hardware
Laptop v2948,Lote tecnologico 2948,"60,94",171,Software
Monitor v2949,Lote tecnologico 2949,"551,66",41,Software
Laptop v2950,Lote tecnologico 2950,"1370,07",137,Licencias
Teclado v2951,Lote tecnologico 2951,"899,97",163,Hardware
RAM v2952,Lote tecnologico 2952,"767,72",16,Servicios
Laptop v2953,Lote tecnologico 2953,"1265,09",150,Hardware
Monitor v2954,Lote tecnologico 2954,"155,45",175,Software
Mouse v2955,Lote tecnologico 2955,"103,37",155,Hardware
RAM v2956,Lote tecnologico 2956,"1028,75",104,Licencias
RAM v2957,Lote tecnologico 2957,"1006,25",194,Software
Mouse v2958,Lote tecnologico 2958,"1406,22",121,Software
SSD v2959,Lote tecnologico 2959,"1411,85",162,Hardware
Teclado v2960,Lote tecnologico 2960,"764,18",44,Licencias
SSD v2961,Lote tecnologico 2961,"1243,19",10,Software
SSD v2962,Lote tecnologico 2962,"887,71",72,Software
SSD v2963,Lote tecnologico 2963,"263,77",11,Licencias
SSD v2964,Lote tecnologico 2964,"108,97",120,Servicios
Laptop v2965,Lote tecnologico 2965,"1208,82",68,Hardware
Laptop v2966,Lote tecnologico 2966,"488,35",165,Software
Monitor v2967,Lote tecnologico 2967,"1188,75",163,Software
Laptop v2968,Lote tecnologico 2968,"313,67",93,Servicios
Teclado v2969,Lote tecnologico 2969,"308,05",10,Hardware
Mouse v2970,Lote tecnologico 2970,"979,02",170,Software
Mouse v2971,Lote tecnologico 2971,"721,05",169,Servicios
RAM v2972,Lote tecnologico 2972,"388,82",186,Servicios
Monitor v2973,Lote tecnologico 2973,"545,35",51,Software
Mouse v2974,Lote tecnologico 2974,"1213,96",187,Software
Monitor v2975,Lote tecnologico 2975,"537,84",117,Servicios
RAM v2976,Lote tecnologico 2976,"1131,51",133,Licencias
SSD v2977,Lote tecnologico 2977,"333,32",156,Licencias
Mouse v2978,Lote tecnologico 2978,"686,31",29,Hardware
RAM v2979,Lote tecnologico 2979,"234,88",186,Hardware
Monitor v2980,Lote tecnologico 2980,"1199,54",158,Hardware
Teclado v2981,Lote tecnologico 2981,"754,66",4,Software
Teclado v2982,Lote tecnologico 2982,"821,2",28,Servicios
Teclado v2983,Lote tecnologico 2983,"1456,28",152,Licencias
Monitor v2984,Lote tecnologico 2984,"1348,79",50,Hardware
Teclado v2985,Lote tecnologico 2985,"373,7",8,Licencias
Monitor v2986,Lote tecnologico 2986,"845,91",185,Software
RAM v2987,Lote tecnologico 2987,"159,01",46,Servicios
Mouse v2988,Lote tecnologico 2988,"935,77",12,Hardware
Monitor v2989,Lote tecnologico 2989,"1332,84",28,Licencias
Laptop v2990,Lote tecnologico 2990,"597,13",70,Hardware
Mouse v2991,Lote tecnologico 2991,"323,25",90,Servicios
SSD v2992,Lote tecnologico 2992,"1039,6",79,Servicios
Laptop v2993,Lote tecnologico 2993,"291,73",65,Servicios
Teclado v2994,Lote tecnologico 2994,"217,53",133,Servicios
Teclado v2995,Lote tecnologico 2995,"80,44",102,Software
Mouse v2996,Lote tecnologico 2996,"61,65",19,Licencias
Laptop v2997,Lote tecnologico 2997,"841,6",166,Hardware
SSD v2998,Lote tecnologico 2998,"583,99",60,Hardware
Mouse v2999,Lote tecnologico 2999,"138,83",108,Hardware
RAM v3000,Lote tecnologico 3000,"1276,95",94,Software
Monitor v3001,Lote tecnologico 3001,"59,5",24,Hardware
Monitor v3002,Lote tecnologico 3002,"807,53",50,Licencias
SSD v3003,Lote tecnologico 3003,"816,77",39,Hardware
Laptop v3004,Lote tecnologico 3004,"408,27",199,Hardware
Laptop v3005,Lote tecnologico 3005,"605,31",65,Hardware
Teclado v3006,Lote tecnologico 3006,"534,62",44,Software
Laptop v3007,Lote tecnologico 3007,"188,37",56,Licencias
Mouse v3008,Lote tecnologico 3008,"869,46",141,Servicios
Teclado v3009,Lote tecnologico 3009,"1216,84",53,Software
Laptop v3010,Lote tecnologico 3010,"633,57",20,Hardware
Teclado v3011,Lote tecnologico 3011,"622,93",27,Licencias
Laptop v3012,Lote tecnologico 3012,"1346,21",125,Licencias
Teclado v3013,Lote tecnologico 3013,"675,26",117,Software
Laptop v3014,Lote tecnologico 3014,"1363,72",161,Servicios
Monitor v3015,Lote tecnologico 3015,"1302,33",31,Hardware
Monitor v3016,Lote tecnologico 3016,"1146,36",17,Hardware
SSD v3017,Lote tecnologico 3017,"354,43",109,Software
Teclado v3018,Lote tecnologico 3018,"932,75",166,Software
RAM v3019,Lote tecnologico 3019,"1118,47",35,Licencias
RAM v3020,Lote tecnologico 3020,"556,55",184,Licencias
Laptop v3021,Lote tecnologico 3021,"1412,66",137,Hardware
Mouse v3022,Lote tecnologico 3022,"896,71",141,Licencias
Laptop v3023,Lote tecnologico 3023,"948,32",180,Licencias
SSD v3024,Lote tecnologico 3024,"609,67",50,Hardware
Laptop v3025,Lote tecnologico 3025,"1439,96",126,Servicios
RAM v3026,Lote tecnologico 3026,"1220,75",84,Licencias
RAM v3027,Lote tecnologico 3027,"607,37",157,Servicios
Laptop v3028,Lote tecnologico 3028,"1302,36",7,Hardware
Mouse v3029,Lote tecnologico 3029,"602,99",25,Licencias
SSD v3030,Lote tecnologico 3030,"677,77",15,Hardware
Teclado v3031,Lote tecnologico 3031,"748,21",190,Hardware
Teclado v3032,Lote tecnologico 3032,"239,83",61,Licencias
Monitor v3033,Lote tecnologico 3033,"288,7",67,Software
Teclado v3034,Lote tecnologico 3034,"931,6",135,Software
Laptop v3035,Lote tecnologico 3035,"1479,64",184,Servicios
Monitor v3036,Lote tecnologico 3036,"1144,76",195,Software
Mouse v3037,Lote tecnologico 3037,"575,08",2,Licencias
Laptop v3038,Lote tecnologico 3038,"1372,62",125,Hardware
Laptop v3039,Lote tecnologico 3039,"710,69",36,Servicios
Laptop v3040,Lote tecnologico 3040,"564,77",186,Software
SSD v3041,Lote tecnologico 3041,"1161,43",27,Software
SSD v3042,Lote tecnologico 3042,"720,31",65,Licencias
SSD v3043,Lote tecnologico 3043,"602,15",51,Hardware
Laptop v3044,Lote tecnologico 3044,"539,84",22,Servicios
Laptop v3045,Lote tecnologico 3045,"1350,58",189,Servicios
RAM v3046,Lote tecnologico 3046,"159,04",110,Software
SSD v3047,Lote tecnologico 3047,"57,2",55,Hardware
RAM v3048,Lote tecnologico 3048,"1287,32",67,Servicios
RAM v3049,Lote tecnologico 3049,"334,76",59,Hardware
Monitor v3050,Lote tecnologico 3050,"792,88",85,Licencias
Laptop v3051,Lote tecnologico 3051,"571,08",130,Software
Mouse v3052,Lote tecnologico 3052,"189,98",101,Software
Teclado v3053,Lote tecnologico 3053,"399,66",125,Hardware
SSD v3054,Lote tecnologico 3054,"511,02",57,Servicios
SSD v3055,Lote tecnologico 3055,"63,55",1,Servicios
SSD v3056,Lote tecnologico 3056,"130,01",95,Hardware
Mouse v3057,Lote tecnologico 3057,"1142,33",71,Licencias
SSD v3058,Lote tecnologico 3058,"488,05",131,Licencias
Mouse v3059,Lote tecnologico 3059,"513,33",68,Licencias
SSD v3060,Lote tecnologico 3060,"200,24",98,Software
Monitor v3061,Lote tecnologico 3061,"936,09",118,Hardware
Laptop v3062,Lote tecnologico 3062,"255,23",30,Licencias
Monitor v3063,Lote tecnologico 3063,"426,25",51,Hardware
RAM v3064,Lote tecnologico 3064,"567,75",194,Licencias
Mouse v3065,Lote tecnologico 3065,"908,96",135,Licencias
Monitor v3066,Lote tecnologico 3066,"1127,89",20,Servicios
Teclado v3067,Lote tecnologico 3067,"1290,48",104,Software
Mouse v3068,Lote tecnologico 3068,"1024,8",116,Servicios
Teclado v3069,Lote tecnologico 3069,"919,84",30,Servicios
SSD v3070,Lote tecnologico 3070,"1033,19",146,Software
RAM v3071,Lote tecnologico 3071,"1346,44",195,Servicios
Mouse v3072,Lote tecnologico 3072,"78,73",23,Hardware
RAM v3073,Lote tecnologico 3073,"832,29",123,Licencias
Laptop v3074,Lote tecnologico 3074,"975,08",128,Hardware
RAM v3075,Lote tecnologico 3075,"1097,76",160,Licencias
RAM v3076,Lote tecnologico 3076,"505,56",140,Hardware
Mouse v3077,Lote tecnologico 3077,"442,89",29,Licencias
RAM v3078,Lote tecnologico 3078,"866,54",122,Servicios
RAM v3079,Lote tecnologico 3079,"833,39",90,Licencias
Mouse v3080,Lote tecnologico 3080,"1195,62",187,Hardware
Monitor v3081,Lote tecnologico 3081,"133,23",41,Software
Laptop v3082,Lote tecnologico 3082,"291,91",151,Hardware
SSD v3083,Lote tecnologico 3083,"210,8",19,Software
Teclado v3084,Lote tecnologico 3084,"805,43",48,Servicios
Mouse v3085,Lote tecnologico 3085,"187,72",158,Servicios
Monitor v3086,Lote tecnologico 3086,"265,64",9,Hardware
SSD v3087,Lote tecnologico 3087,"810,46",149,Licencias
Monitor v3088,Lote tecnologico 3088,"683,84",195,Licencias
SSD v3089,Lote tecnologico 3089,"188,3",176,Hardware
Monitor v3090,Lote tecnologico 3090,"52,71",77,Hardware
RAM v3091,Lote tecnologico 3091,"392,56",48,Licencias
Mouse v3092,Lote tecnologico 3092,"137,24",41,Hardware
RAM v3093,Lote tecnologico 3093,"1496,18",123,Hardware
Laptop v3094,Lote tecnologico 3094,"726,72",61,Hardware
Monitor v3095,Lote tecnologico 3095,"1131,06",168,Licencias
Mouse v3096,Lote tecnologico 3096,"1371,42",66,Software
Teclado v3097,Lote tecnologico 3097,"1239,1",112,Hardware
SSD v3098,Lote tecnologico 3098,"691,62",86,Hardware
SSD v3099,Lote tecnologico 3099,"1017,47",158,Licencias
Laptop v3100,Lote tecnologico 3100,"335,71",49,Servicios
Monitor v3101,Lote tecnologico 3101,"269,9",179,Hardware
Laptop v3102,Lote tecnologico 3102,"616,71",107,Software
RAM v3103,Lote tecnologico 3103,"565,55",168,Servicios
SSD v3104,Lote tecnologico 3104,"806,27",116,Hardware
Mouse v3105,Lote tecnologico 3105,"528,91",53,Hardware
Monitor v3106,Lote tecnologico 3106,"1036,56",113,Licencias
Monitor v3107,Lote tecnologico 3107,"1376,15",149,Software
RAM v3108,Lote tecnologico 3108,"1475,76",114,Hardware
RAM v3109,Lote tecnologico 3109,"1232,45",191,Hardware
Laptop v3110,Lote tecnologico 3110,"1480,64",64,Software
Teclado v3111,Lote tecnologico 3111,"1174,63",130,Licencias
Mouse v3112,Lote tecnologico 3112,"1332,97",110,Hardware
RAM v3113,Lote tecnologico 3113,"72,56",7,Hardware
Mouse v3114,Lote tecnologico 3114,"901,09",46,Licencias
Monitor v3115,Lote tecnologico 3115,"1374,2",187,Licencias
SSD v3116,Lote tecnologico 3116,"1199,49",165,Software
SSD v3117,Lote tecnologico 3117,"208,64",159,Software
Mouse v3118,Lote tecnologico 3118,"1010,96",64,Servicios
SSD v3119,Lote tecnologico 3119,"334,35",52,Licencias
Monitor v3120,Lote tecnologico 3120,"1042,09",186,Software
Laptop v3121,Lote tecnologico 3121,"450,22",152,Servicios
Monitor v3122,Lote tecnologico 3122,"1318,42",139,Licencias
RAM v3123,Lote tecnologico 3123,"111,17",136,Licencias
SSD v3124,Lote tecnologico 3124,"1067,98",85,Hardware
Mouse v3125,Lote tecnologico 3125,"1458,01",88,Servicios
Mouse v3126,Lote tecnologico 3126,"1479,1",37,Software
Mouse v3127,Lote tecnologico 3127,"218,9",49,Hardware
Monitor v3128,Lote tecnologico 3128,"975,55",36,Servicios
Laptop v3129,Lote tecnologico 3129,"80,63",61,Hardware
Teclado v3130,Lote tecnologico 3130,"670,7",195,Licencias
Monitor v3131,Lote tecnologico 3131,"501,9",168,Software
Mouse v3132,Lote tecnologico 3132,"751,84",145,Software
RAM v3133,Lote tecnologico 3133,"1255,85",113,Hardware
Mouse v3134,Lote tecnologico 3134,"1307,33",101,Servicios
SSD v3135,Lote tecnologico 3135,"1491,6",22,Servicios
Teclado v3136,Lote tecnologico 3136,"115,81",127,Software
Laptop v3137,Lote tecnologico 3137,"343,43",62,Licencias
Mouse v3138,Lote tecnologico 3138,"321,66",1,Software
Laptop v3139,Lote tecnologico 3139,"559,58",30,Software
Teclado v3140,Lote tecnologico 3140,"131,11",105,Software
Monitor v3141,Lote tecnologico 3141,"1283,49",115,Servicios
Monitor v3142,Lote tecnologico 3142,"1013,04",153,Hardware
Laptop v3143,Lote tecnologico 3143,"700,93",48,Licencias
SSD v3144,Lote tecnologico 3144,"232,81",96,Licencias
Mouse v3145,Lote tecnologico 3145,"843,05",67,Licencias
Laptop v3146,Lote tecnologico 3146,"370,72",114,Hardware
Mouse v3147,Lote tecnologico 3147,"955,9",177,Licencias
Laptop v3148,Lote tecnologico 3148,"745,46",148,Servicios
RAM v3149,Lote tecnologico 3149,"1068,32",81,Hardware
SSD v3150,Lote tecnologico 3150,"1301,36",152,Hardware
Teclado v3151,Lote tecnologico 3151,"1333,18",186,Servicios
Teclado v3152,Lote tecnologico 3152,"1279,96",163,Servicios
Monitor v3153,Lote tecnologico 3153,"480,33",170,Software
SSD v3154,Lote tecnologico 3154,"598,81",118,Hardware
Mouse v3155,Lote tecnologico 3155,"1044,45",64,Software
Laptop v3156,Lote tecnologico 3156,"823,71",98,Servicios
Laptop v3157,Lote tecnologico 3157,"195,52",2,Licencias
SSD v3158,Lote tecnologico 3158,"1218,39",131,Hardware
SSD v3159,Lote tecnologico 3159,"643,89",105,Licencias
SSD v3160,Lote tecnologico 3160,"126,41",44,Servicios
Mouse v3161,Lote tecnologico 3161,"976,69",47,Software
Mouse v3162,Lote tecnologico 3162,"711,08",30,Licencias
Teclado v3163,Lote tecnologico 3163,"1440,59",129,Servicios
RAM v3164,Lote tecnologico 3164,"960,44",119,Servicios
SSD v3165,Lote tecnologico 3165,"410,08",1,Servicios
SSD v3166,Lote tecnologico 3166,"193,43",75,Software
RAM v3167,Lote tecnologico 3167,"173,15",138,Software
RAM v3168,Lote tecnologico 3168,"1224,84",62,Software
Mouse v3169,Lote tecnologico 3169,"1031,2",69,Licencias
RAM v3170,Lote tecnologico 3170,"712,68",94,Servicios
Laptop v3171,Lote tecnologico 3171,"670,15",87,Servicios
SSD v3172,Lote tecnologico 3172,"1262,98",153,Licencias
Mouse v3173,Lote tecnologico 3173,"134,84",161,Software
RAM v3174,Lote tecnologico 3174,"943,56",75,Software
RAM v3175,Lote tecnologico 3175,"1496,87",5,Hardware
Mouse v3176,Lote tecnologico 3176,"1498,85",52,Licencias
Mouse v3177,Lote tecnologico 3177,"576,8",117,Servicios
Teclado v3178,Lote tecnologico 3178,"763,87",81,Servicios
Laptop v3179,Lote tecnologico 3179,"1455,88",60,Software
Mouse v3180,Lote tecnologico 3180,"463,43",150,Software
Laptop v3181,Lote tecnologico 3181,"155,4",124,Licencias
SSD v3182,Lote tecnologico 3182,"906,15",177,Licencias
Monitor v3183,Lote tecnologico 3183,"608,63",35,Software
RAM v3184,Lote tecnologico 3184,"267,97",157,Hardware
RAM v3185,Lote tecnologico 3185,"78,76",59,Servicios
Teclado v3186,Lote tecnologico 3186,"1448,66",48,Hardware
Mouse v3187,Lote tecnologico 3187,"276,42",163,Hardware
Mouse v3188,Lote tecnologico 3188,"227,69",171,Licencias
SSD v3189,Lote tecnologico 3189,"1361,68",193,Software
Laptop v3190,Lote tecnologico 3190,"830,03",181,Licencias
Monitor v3191,Lote tecnologico 3191,"579,48",132,Servicios
RAM v3192,Lote tecnologico 3192,"800,62",157,Servicios
Mouse v3193,Lote tecnologico 3193,"239,76",143,Hardware
RAM v3194,Lote tecnologico 3194,"1061,87",21,Servicios
Teclado v3195,Lote tecnologico 3195,"1404,28",96,Software
Laptop v3196,Lote tecnologico 3196,"53,17",178,Licencias
SSD v3197,Lote tecnologico 3197,"699,78",183,Licencias
SSD v3198,Lote tecnologico 3198,"518,19",133,Software
RAM v3199,Lote tecnologico 3199,"1463,35",170,Software
SSD v3200,Lote tecnologico 3200,"151,36",91,Software
RAM v3201,Lote tecnologico 3201,"953,43",36,Licencias
SSD v3202,Lote tecnologico 3202,"232,97",162,Hardware
SSD v3203,Lote tecnologico 3203,"199,86",175,Licencias
RAM v3204,Lote tecnologico 3204,"1031,73",50,Software
SSD v3205,Lote tecnologico 3205,"417,93",40,Software
Monitor v3206,Lote tecnologico 3206,"1196,36",168,Software
Monitor v3207,Lote tecnologico 3207,"1054,19",33,Hardware
SSD v3208,Lote tecnologico 3208,"464,69",83,Servicios
Teclado v3209,Lote tecnologico 3209,"160,06",174,Licencias
RAM v3210,Lote tecnologico 3210,"280,78",177,Licencias
RAM v3211,Lote tecnologico 3211,"1193,79",108,Servicios
RAM v3212,Lote tecnologico 3212,"587,93",61,Hardware
SSD v3213,Lote tecnologico 3213,"1167,6",28,Servicios
Teclado v3214,Lote tecnologico 3214,"596,27",154,Licencias
SSD v3215,Lote tecnologico 3215,"436,23",131,Licencias
Mouse v3216,Lote tecnologico 3216,"307,62",165,Software
Mouse v3217,Lote tecnologico 3217,"867,98",110,Hardware
Laptop v3218,Lote tecnologico 3218,"1370,2",37,Licencias
Teclado v3219,Lote tecnologico 3219,"736,83",113,Hardware
Mouse v3220,Lote tecnologico 3220,"870,65",194,Hardware
Monitor v3221,Lote tecnologico 3221,"1307,12",4,Hardware
RAM v3222,Lote tecnologico 3222,"1007,39",129,Licencias
Teclado v3223,Lote tecnologico 3223,"569,78",73,Hardware
Teclado v3224,Lote tecnologico 3224,"1237,99",85,Hardware
Mouse v3225,Lote tecnologico 3225,"753,36",55,Hardware
Monitor v3226,Lote tecnologico 3226,"398,96",199,Software
RAM v3227,Lote tecnologico 3227,"1217,72",159,Licencias
Monitor v3228,Lote tecnologico 3228,"1236,93",146,Servicios
Mouse v3229,Lote tecnologico 3229,"669,58",1,Hardware
Laptop v3230,Lote tecnologico 3230,"815,74",21,Hardware
SSD v3231,Lote tecnologico 3231,"1017,61",165,Servicios
RAM v3232,Lote tecnologico 3232,"621,05",63,Servicios
Laptop v3233,Lote tecnologico 3233,"1335,18",63,Software
Monitor v3234,Lote tecnologico 3234,"1077,61",154,Hardware
Teclado v3235,Lote tecnologico 3235,"1424,41",106,Hardware
Teclado v3236,Lote tecnologico 3236,"905,86",39,Servicios
RAM v3237,Lote tecnologico 3237,"89,63",79,Software
SSD v3238,Lote tecnologico 3238,"1482,33",40,Software
Mouse v3239,Lote tecnologico 3239,"920,74",25,Licencias
Teclado v3240,Lote tecnologico 3240,"911,59",49,Licencias
Teclado v3241,Lote tecnologico 3241,"485,75",137,Software
SSD v3242,Lote tecnologico 3242,"366,19",167,Licencias
RAM v3243,Lote tecnologico 3243,"1016,95",165,Servicios
Monitor v3244,Lote tecnologico 3244,"628,3",151,Software
SSD v3245,Lote tecnologico 3245,"485,19",21,Software
RAM v3246,Lote tecnologico 3246,"1410,42",162,Hardware
Mouse v3247,Lote tecnologico 3247,"1060,78",185,Servicios
RAM v3248,Lote tecnologico 3248,"649,68",55,Servicios
Laptop v3249,Lote tecnologico 3249,"1347,78",192,Servicios
Teclado v3250,Lote tecnologico 3250,"1447,24",195,Hardware
SSD v3251,Lote tecnologico 3251,"932,09",164,Software
Teclado v3252,Lote tecnologico 3252,"597,16",49,Software
Teclado v3253,Lote tecnologico 3253,"723,35",101,Licencias
Mouse v3254,Lote tecnologico 3254,"229,81",124,Hardware
Laptop v3255,Lote tecnologico 3255,"1066,05",40,Servicios
Monitor v3256,Lote tecnologico 3256,"169,31",142,Licencias
RAM v3257,Lote tecnologico 3257,"1028,14",57,Licencias
RAM v3258,Lote tecnologico 3258,"183,4",11,Software
RAM v3259,Lote tecnologico 3259,"543,17",52,Servicios
Mouse v3260,Lote tecnologico 3260,"536,29",34,Servicios
Teclado v3261,Lote tecnologico 3261,"909,44",135,Servicios
Teclado v3262,Lote tecnologico 3262,"1282,49",197,Licencias
Laptop v3263,Lote tecnologico 3263,"111,61",78,Hardware
Monitor v3264,Lote tecnologico 3264,"1369,62",53,Software
RAM v3265,Lote tecnologico 3265,"893,85",4,Servicios
Laptop v3266,Lote tecnologico 3266,"303,58",13,Servicios
Teclado v3267,Lote tecnologico 3267,"601,65",191,Hardware
Mouse v3268,Lote tecnologico 3268,"1136,02",102,Hardware
Mouse v3269,Lote tecnologico 3269,"924,75",195,Software
RAM v3270,Lote tecnologico 3270,"521,22",84,Software
Mouse v3271,Lote tecnologico 3271,"403,2",182,Licencias
SSD v3272,Lote tecnologico 3272,"794,15",91,Servicios
Teclado v3273,Lote tecnologico 3273,"121,7",100,Servicios
SSD v3274,Lote tecnologico 3274,"912,29",37,Hardware
Monitor v3275,Lote tecnologico 3275,"958,74",35,Hardware
SSD v3276,Lote tecnologico 3276,"454,83",68,Software
Teclado v3277,Lote tecnologico 3277,"549,68",44,Hardware
Mouse v3278,Lote tecnologico 3278,"538,67",22,Servicios
Monitor v3279,Lote tecnologico 3279,"1413,18",59,Servicios
Mouse v3280,Lote tecnologico 3280,"717,98",193,Software
SSD v3281,Lote tecnologico 3281,"1073,02",129,Servicios
Laptop v3282,Lote tecnologico 3282,"939,4",193,Licencias
Teclado v3283,Lote tecnologico 3283,"1452,92",26,Hardware
Monitor v3284,Lote tecnologico 3284,"1122,77",168,Hardware
Mouse v3285,Lote tecnologico 3285,"863,85",190,Servicios
Teclado v3286,Lote tecnologico 3286,"250,33",109,Licencias
Teclado v3287,Lote tecnologico 3287,"199,1",47,Hardware
Laptop v3288,Lote tecnologico 3288,"217,45",96,Servicios
RAM v3289,Lote tecnologico 3289,"1179,43",161,Licencias
Mouse v3290,Lote tecnologico 3290,"1313,32",25,Licencias
Teclado v3291,Lote tecnologico 3291,"985,85",100,Hardware
Teclado v3292,Lote tecnologico 3292,"1338,19",94,Hardware
Laptop v3293,Lote tecnologico 3293,"294,3",33,Licencias
Laptop v3294,Lote tecnologico 3294,"591,04",171,Software
SSD v3295,Lote tecnologico 3295,"922,02",143,Software
Laptop v3296,Lote tecnologico 3296,"1224,93",189,Software
Mouse v3297,Lote tecnologico 3297,"433,1",53,Servicios
SSD v3298,Lote tecnologico 3298,"1437,76",170,Hardware
RAM v3299,Lote tecnologico 3299,"918,14",43,Software
SSD v3300,Lote tecnologico 3300,"278,16",172,Hardware
Laptop v3301,Lote tecnologico 3301,"586,42",175,Hardware
SSD v3302,Lote tecnologico 3302,"1146,9",161,Servicios
Mouse v3303,Lote tecnologico 3303,"343,65",136,Hardware
RAM v3304,Lote tecnologico 3304,"606,17",192,Hardware
RAM v3305,Lote tecnologico 3305,"1087,71",101,Software
SSD v3306,Lote tecnologico 3306,"784,93",113,Servicios
Monitor v3307,Lote tecnologico 3307,"880,96",143,Hardware
Monitor v3308,Lote tecnologico 3308,"401,15",178,Servicios
Mouse v3309,Lote tecnologico 3309,"575,14",165,Licencias
Teclado v3310,Lote tecnologico 3310,"1409,7",123,Licencias
RAM v3311,Lote tecnologico 3311,"796,22",174,Servicios
Mouse v3312,Lote tecnologico 3312,"1186,84",1,Software
RAM v3313,Lote tecnologico 3313,"1087,54",10,Servicios
Teclado v3314,Lote tecnologico 3314,"1206,21",155,Licencias
SSD v3315,Lote tecnologico 3315,"927,04",39,Servicios
SSD v3316,Lote tecnologico 3316,"1044,41",197,Software
Laptop v3317,Lote tecnologico 3317,"786,38",158,Hardware
Mouse v3318,Lote tecnologico 3318,"548,55",123,Hardware
Teclado v3319,Lote tecnologico 3319,"616,91",194,Servicios
Teclado v3320,Lote tecnologico 3320,"1460,38",188,Servicios
Teclado v3321,Lote tecnologico 3321,"1336,67",100,Servicios
Monitor v3322,Lote tecnologico 3322,"342,05",91,Servicios
Laptop v3323,Lote tecnologico 3323,"1043,29",56,Software
Laptop v3324,Lote tecnologico 3324,"904,53",199,Software
Mouse v3325,Lote tecnologico 3325,"501,75",69,Software
RAM v3326,Lote tecnologico 3326,"303,1",94,Licencias
RAM v3327,Lote tecnologico 3327,"787,38",57,Servicios
SSD v3328,Lote tecnologico 3328,"387,68",85,Software
Mouse v3329,Lote tecnologico 3329,"1286,58",127,Licencias
Monitor v3330,Lote tecnologico 3330,"1004,14",165,Hardware
Laptop v3331,Lote tecnologico 3331,"1049,03",42,Licencias
SSD v3332,Lote tecnologico 3332,"856,34",55,Licencias
RAM v3333,Lote tecnologico 3333,"327,85",57,Software
SSD v3334,Lote tecnologico 3334,"170,81",110,Hardware
Monitor v3335,Lote tecnologico 3335,"379,55",39,Hardware
Monitor v3336,Lote tecnologico 3336,"1081,13",120,Licencias
Monitor v3337,Lote tecnologico 3337,"1019,28",198,Licencias
SSD v3338,Lote tecnologico 3338,"1117,85",65,Licencias
Monitor v3339,Lote tecnologico 3339,"474,05",151,Software
RAM v3340,Lote tecnologico 3340,"403,66",139,Servicios
Monitor v3341,Lote tecnologico 3341,"668,35",13,Servicios
Mouse v3342,Lote tecnologico 3342,"337,64",86,Software
Mouse v3343,Lote tecnologico 3343,"1162,11",114,Licencias
Laptop v3344,Lote tecnologico 3344,"873,99",18,Servicios
Teclado v3345,Lote tecnologico 3345,"933,27",138,Hardware
Mouse v3346,Lote tecnologico 3346,"1022,25",116,Licencias
Teclado v3347,Lote tecnologico 3347,"91,8",24,Licencias
Mouse v3348,Lote tecnologico 3348,"1060,76",66,Licencias
Monitor v3349,Lote tecnologico 3349,"324,73",123,Hardware
Monitor v3350,Lote tecnologico 3350,"966,81",172,Hardware
RAM v3351,Lote tecnologico 3351,"1291,85",179,Servicios
Monitor v3352,Lote tecnologico 3352,"438,7",12,Software
Teclado v3353,Lote tecnologico 3353,"675,13",109,Software
Mouse v3354,Lote tecnologico 3354,"1396,21",29,Servicios
RAM v3355,Lote tecnologico 3355,"1297,12",22,Licencias
Teclado v3356,Lote tecnologico 3356,"1280,04",36,Software
SSD v3357,Lote tecnologico 3357,"578,15",153,Servicios
Monitor v3358,Lote tecnologico 3358,"714,34",110,Hardware
SSD v3359,Lote tecnologico 3359,"447,66",190,Hardware
Monitor v3360,Lote tecnologico 3360,"1253,52",0,Servicios
Teclado v3361,Lote tecnologico 3361,"360,44",3,Hardware
Teclado v3362,Lote tecnologico 3362,"1081,62",192,Servicios
Laptop v3363,Lote tecnologico 3363,"309,75",115,Licencias
RAM v3364,Lote tecnologico 3364,"1474,87",104,Servicios
Teclado v3365,Lote tecnologico 3365,"1032,56",197,Hardware
SSD v3366,Lote tecnologico 3366,"959,77",170,Software
Mouse v3367,Lote tecnologico 3367,"275,07",118,Software
Monitor v3368,Lote tecnologico 3368,"953,23",174,Software
RAM v3369,Lote tecnologico 3369,"721,08",177,Licencias
Laptop v3370,Lote tecnologico 3370,"523,6",88,Hardware
Monitor v3371,Lote tecnologico 3371,"327,32",188,Licencias
Teclado v3372,Lote tecnologico 3372,"620,73",168,Servicios
Mouse v3373,Lote tecnologico 3373,"1425,49",114,Servicios
Monitor v3374,Lote tecnologico 3374,"304,95",154,Software
Laptop v3375,Lote tecnologico 3375,"138,49",84,Hardware
RAM v3376,Lote tecnologico 3376,"1393,47",83,Software
Laptop v3377,Lote tecnologico 3377,"355,01",170,Hardware
Laptop v3378,Lote tecnologico 3378,"146,64",30,Software
RAM v3379,Lote tecnologico 3379,"305,04",156,Servicios
Mouse v3380,Lote tecnologico 3380,"280,83",20,Licencias
SSD v3381,Lote tecnologico 3381,"226,27",58,Servicios
Monitor v3382,Lote tecnologico 3382,"183,12",55,Software
Teclado v3383,Lote tecnologico 3383,"1013,24",38,Servicios
Mouse v3384,Lote tecnologico 3384,"234,82",112,Software
Teclado v3385,Lote tecnologico 3385,"949,49",62,Servicios
Teclado v3386,Lote tecnologico 3386,"332,51",170,Licencias
Laptop v3387,Lote tecnologico 3387,"671,86",166,Licencias
Mouse v3388,Lote tecnologico 3388,"1054,81",69,Licencias
Mouse v3389,Lote tecnologico 3389,"1108,74",114,Licencias
Mouse v3390,Lote tecnologico 3390,"1076,45",99,Servicios
Laptop v3391,Lote tecnologico 3391,"339,84",182,Servicios
Monitor v3392,Lote tecnologico 3392,"1185,53",143,Servicios
Laptop v3393,Lote tecnologico 3393,"1147,88",189,Servicios
SSD v3394,Lote tecnologico 3394,"248,14",110,Hardware
Monitor v3395,Lote tecnologico 3395,"596,77",136,Licencias
Mouse v3396,Lote tecnologico 3396,"1363,82",91,Servicios
Laptop v3397,Lote tecnologico 3397,"358,7",49,Software
Monitor v3398,Lote tecnologico 3398,"110,59",63,Hardware
Mouse v3399,Lote tecnologico 3399,"862,16",152,Software
RAM v3400,Lote tecnologico 3400,"1311,41",157,Hardware
SSD v3401,Lote tecnologico 3401,"149,42",148,Licencias
Monitor v3402,Lote tecnologico 3402,"182,75",51,Servicios
Mouse v3403,Lote tecnologico 3403,"891,12",79,Software
Laptop v3404,Lote tecnologico 3404,"1360,28",195,Licencias
Mouse v3405,Lote tecnologico 3405,"1001,04",78,Licencias
RAM v3406,Lote tecnologico 3406,"1115,66",37,Hardware
Mouse v3407,Lote tecnologico 3407,"578,95",108,Hardware
SSD v3408,Lote tecnologico 3408,"465,75",63,Licencias
RAM v3409,Lote tecnologico 3409,"1132,1",4,Licencias
Monitor v3410,Lote tecnologico 3410,"543,39",98,Software
SSD v3411,Lote tecnologico 3411,"521,44",89,Licencias
Mouse v3412,Lote tecnologico 3412,"718,52",196,Servicios
Monitor v3413,Lote tecnologico 3413,"346,67",198,Hardware
Mouse v3414,Lote tecnologico 3414,"1092,03",61,Licencias
RAM v3415,Lote tecnologico 3415,"1417,06",168,Servicios
Teclado v3416,Lote tecnologico 3416,233,136,Servicios
Mouse v3417,Lote tecnologico 3417,"399,06",29,Licencias
Teclado v3418,Lote tecnologico 3418,"606,71",13,Licencias
Teclado v3419,Lote tecnologico 3419,"258,42",124,Licencias
SSD v3420,Lote tecnologico 3420,"53,7",45,Licencias
Mouse v3421,Lote tecnologico 3421,"1246,92",112,Servicios
Teclado v3422,Lote tecnologico 3422,"932,39",46,Servicios
Mouse v3423,Lote tecnologico 3423,"1368,95",37,Software
Mouse v3424,Lote tecnologico 3424,"281,03",124,Servicios
RAM v3425,Lote tecnologico 3425,"607,56",16,Servicios
Laptop v3426,Lote tecnologico 3426,"248,95",73,Licencias
Laptop v3427,Lote tecnologico 3427,"970,36",107,Software
Monitor v3428,Lote tecnologico 3428,"255,15",12,Hardware
Monitor v3429,Lote tecnologico 3429,"1140,97",85,Servicios
SSD v3430,Lote tecnologico 3430,"408,76",14,Licencias
Laptop v3431,Lote tecnologico 3431,"1175,67",27,Software
SSD v3432,Lote tecnologico 3432,"87,81",58,Licencias
Laptop v3433,Lote tecnologico 3433,"1159,01",97,Servicios
Mouse v3434,Lote tecnologico 3434,"1484,8",197,Hardware
Mouse v3435,Lote tecnologico 3435,"527,65",150,Servicios
RAM v3436,Lote tecnologico 3436,"1472,66",150,Software
RAM v3437,Lote tecnologico 3437,"73,34",39,Servicios
Mouse v3438,Lote tecnologico 3438,"429,99",46,Hardware
RAM v3439,Lote tecnologico 3439,"1391,44",189,Licencias
Mouse v3440,Lote tecnologico 3440,"1103,71",3,Software
Mouse v3441,Lote tecnologico 3441,"350,42",118,Licencias
Mouse v3442,Lote tecnologico 3442,"918,54",80,Servicios
Laptop v3443,Lote tecnologico 3443,"1196,08",99,Software
Teclado v3444,Lote tecnologico 3444,"769,27",168,Hardware
Monitor v3445,Lote tecnologico 3445,"973,37",104,Servicios
Mouse v3446,Lote tecnologico 3446,"677,22",6,Servicios
Teclado v3447,Lote tecnologico 3447,532,113,Servicios
Monitor v3448,Lote tecnologico 3448,"446,15",16,Licencias
Laptop v3449,Lote tecnologico 3449,"771,47",8,Software
SSD v3450,Lote tecnologico 3450,"991,98",187,Software
Laptop v3451,Lote tecnologico 3451,"1201,58",93,Software
SSD v3452,Lote tecnologico 3452,"992,92",12,Licencias
Mouse v3453,Lote tecnologico 3453,"743,13",37,Software
SSD v3454,Lote tecnologico 3454,"1029,44",198,Software
Monitor v3455,Lote tecnologico 3455,"1240,56",86,Licencias
Laptop v3456,Lote tecnologico 3456,"1275,06",196,Servicios
Monitor v3457,Lote tecnologico 3457,"452,64",165,Servicios
Mouse v3458,Lote tecnologico 3458,"1421,66",68,Servicios
RAM v3459,Lote tecnologico 3459,"749,36",64,Licencias
Laptop v3460,Lote tecnologico 3460,"1192,92",48,Hardware
Mouse v3461,Lote tecnologico 3461,"192,55",173,Licencias
Teclado v3462,Lote tecnologico 3462,"612,93",81,Licencias
Mouse v3463,Lote tecnologico 3463,"137,83",187,Hardware
RAM v3464,Lote tecnologico 3464,"1103,43",114,Hardware
Mouse v3465,Lote tecnologico 3465,"1350,61",141,Servicios
Teclado v3466,Lote tecnologico 3466,"734,59",113,Software
Teclado v3467,Lote tecnologico 3467,"757,4",171,Hardware
SSD v3468,Lote tecnologico 3468,"918,42",180,Hardware
Mouse v3469,Lote tecnologico 3469,"658,96",74,Software
Laptop v3470,Lote tecnologico 3470,"586,71",35,Hardware
SSD v3471,Lote tecnologico 3471,"325,03",55,Servicios
SSD v3472,Lote tecnologico 3472,"625,14",132,Hardware
SSD v3473,Lote tecnologico 3473,"1469,42",174,Software
Mouse v3474,Lote tecnologico 3474,"1313,31",182,Servicios
Monitor v3475,Lote tecnologico 3475,"1310,61",163,Hardware
Teclado v3476,Lote tecnologico 3476,"1311,04",100,Licencias
Mouse v3477,Lote tecnologico 3477,"182,21",49,Licencias
SSD v3478,Lote tecnologico 3478,"1011,69",3,Licencias
RAM v3479,Lote tecnologico 3479,"1119,12",184,Hardware
Laptop v3480,Lote tecnologico 3480,"586,03",66,Software
SSD v3481,Lote tecnologico 3481,"899,05",88,Hardware
Mouse v3482,Lote tecnologico 3482,"208,13",69,Hardware
Mouse v3483,Lote tecnologico 3483,"523,57",66,Servicios
RAM v3484,Lote tecnologico 3484,"455,41",1,Licencias
SSD v3485,Lote tecnologico 3485,"1333,12",14,Licencias
Laptop v3486,Lote tecnologico 3486,"292,32",73,Licencias
Laptop v3487,Lote tecnologico 3487,"94,57",187,Software
Mouse v3488,Lote tecnologico 3488,"928,41",114,Software
SSD v3489,Lote tecnologico 3489,"511,81",155,Servicios
Monitor v3490,Lote tecnologico 3490,"548,21",181,Hardware
Laptop v3491,Lote tecnologico 3491,"1381,96",22,Hardware
Monitor v3492,Lote tecnologico 3492,"419,4",72,Hardware
Laptop v3493,Lote tecnologico 3493,"553,5",118,Servicios
Monitor v3494,Lote tecnologico 3494,"526,91",61,Servicios
SSD v3495,Lote tecnologico 3495,"1127,44",116,Software
SSD v3496,Lote tecnologico 3496,"234,9",104,Software
Monitor v3497,Lote tecnologico 3497,"488,59",48,Software
Monitor v3498,Lote tecnologico 3498,"571,67",16,Servicios
RAM v3499,Lote tecnologico 3499,"566,65",143,Servicios
Monitor v3500,Lote tecnologico 3500,"665,4",11,Servicios
Mouse v3501,Lote tecnologico 3501,"1077,88",179,Software
Laptop v3502,Lote tecnologico 3502,"810,35",134,Licencias
Mouse v3503,Lote tecnologico 3503,"877,99",114,Software
Monitor v3504,Lote tecnologico 3504,"1496,86",107,Servicios
Monitor v3505,Lote tecnologico 3505,"1172,19",121,Software
SSD v3506,Lote tecnologico 3506,"993,84",55,Software
Laptop v3507,Lote tecnologico 3507,"1452,87",22,Licencias
RAM v3508,Lote tecnologico 3508,"833,19",167,Licencias
Teclado v3509,Lote tecnologico 3509,"755,97",31,Licencias
RAM v3510,Lote tecnologico 3510,"873,8",166,Software
SSD v3511,Lote tecnologico 3511,"401,93",147,Licencias
Laptop v3512,Lote tecnologico 3512,"93,7",103,Licencias
Monitor v3513,Lote tecnologico 3513,"1068,45",188,Software
RAM v3514,Lote tecnologico 3514,"602,04",112,Software
RAM v3515,Lote tecnologico 3515,"1454,63",144,Servicios
RAM v3516,Lote tecnologico 3516,"920,29",139,Servicios
Monitor v3517,Lote tecnologico 3517,"642,55",138,Licencias
Teclado v3518,Lote tecnologico 3518,"230,02",89,Servicios
Mouse v3519,Lote tecnologico 3519,"1153,52",39,Servicios
Laptop v3520,Lote tecnologico 3520,"670,07",85,Software
RAM v3521,Lote tecnologico 3521,"1344,23",117,Licencias
Mouse v3522,Lote tecnologico 3522,"497,71",186,Licencias
Mouse v3523,Lote tecnologico 3523,"1429,68",9,Licencias
Laptop v3524,Lote tecnologico 3524,"963,94",135,Licencias
Mouse v3525,Lote tecnologico 3525,"833,54",77,Servicios
Mouse v3526,Lote tecnologico 3526,"1136,87",81,Servicios
Teclado v3527,Lote tecnologico 3527,"1073,51",52,Licencias
RAM v3528,Lote tecnologico 3528,"242,81",35,Servicios
Laptop v3529,Lote tecnologico 3529,"1104,21",175,Hardware
Teclado v3530,Lote tecnologico 3530,"246,98",95,Servicios
Laptop v3531,Lote tecnologico 3531,"93,12",174,Servicios
RAM v3532,Lote tecnologico 3532,"688,74",177,Software
RAM v3533,Lote tecnologico 3533,"518,3",125,Software
Mouse v3534,Lote tecnologico 3534,"1362,84",85,Licencias
Laptop v3535,Lote tecnologico 3535,"207,81",139,Hardware
RAM v3536,Lote tecnologico 3536,"56,13",199,Hardware
Laptop v3537,Lote tecnologico 3537,"1482,43",84,Software
RAM v3538,Lote tecnologico 3538,"590,19",115,Servicios
Laptop v3539,Lote tecnologico 3539,"732,89",87,Software
Monitor v3540,Lote tecnologico 3540,"542,47",126,Software
Laptop v3541,Lote tecnologico 3541,"132,25",95,Software
Laptop v3542,Lote tecnologico 3542,"737,03",195,Licencias
SSD v3543,Lote tecnologico 3543,"1065,1",27,Software
Teclado v3544,Lote tecnologico 3544,"79,34",74,Licencias
Mouse v3545,Lote tecnologico 3545,"1399,77",126,Hardware
Laptop v3546,Lote tecnologico 3546,"747,62",27,Licencias
Mouse v3547,Lote tecnologico 3547,"1307,22",90,Servicios
Laptop v3548,Lote tecnologico 3548,"399,13",190,Hardware
Monitor v3549,Lote tecnologico 3549,"392,5",77,Licencias
Laptop v3550,Lote tecnologico 3550,"1386,25",10,Software
RAM v3551,Lote tecnologico 3551,"645,04",38,Software
Monitor v3552,Lote tecnologico 3552,"1242,67",132,Hardware
Mouse v3553,Lote tecnologico 3553,"1315,86",121,Hardware
Laptop v3554,Lote tecnologico 3554,"1057,74",90,Servicios
Laptop v3555,Lote tecnologico 3555,"508,87",173,Licencias
Teclado v3556,Lote tecnologico 3556,"1371,43",11,Servicios
Laptop v3557,Lote tecnologico 3557,"319,33",110,Licencias
Laptop v3558,Lote tecnologico 3558,"523,21",79,Servicios
SSD v3559,Lote tecnologico 3559,"1255,68",102,Licencias
RAM v3560,Lote tecnologico 3560,"962,75",178,Software
Mouse v3561,Lote tecnologico 3561,"905,87",11,Hardware
Mouse v3562,Lote tecnologico 3562,"517,34",149,Servicios
Teclado v3563,Lote tecnologico 3563,"501,69",41,Licencias
Laptop v3564,Lote tecnologico 3564,"885,37",151,Hardware
Laptop v3565,Lote tecnologico 3565,"649,07",17,Servicios
Laptop v3566,Lote tecnologico 3566,"1022,64",155,Servicios
Laptop v3567,Lote tecnologico 3567,"713,42",82,Software
RAM v3568,Lote tecnologico 3568,"1447,57",149,Hardware
SSD v3569,Lote tecnologico 3569,"453,31",32,Licencias
SSD v3570,Lote tecnologico 3570,"1073,49",103,Servicios
Monitor v3571,Lote tecnologico 3571,"875,98",40,Licencias
RAM v3572,Lote tecnologico 3572,"751,76",183,Licencias
Monitor v3573,Lote tecnologico 3573,1242,29,Software
Monitor v3574,Lote tecnologico 3574,"909,94",100,Servicios
SSD v3575,Lote tecnologico 3575,"402,29",177,Software
SSD v3576,Lote tecnologico 3576,"186,9",76,Licencias
Laptop v3577,Lote tecnologico 3577,"801,16",190,Servicios
RAM v3578,Lote tecnologico 3578,"935,13",98,Licencias
Teclado v3579,Lote tecnologico 3579,"1414,45",109,Servicios
SSD v3580,Lote tecnologico 3580,"551,63",86,Hardware
Monitor v3581,Lote tecnologico 3581,"774,52",0,Software
Teclado v3582,Lote tecnologico 3582,"559,91",11,Licencias
RAM v3583,Lote tecnologico 3583,"923,55",78,Licencias
SSD v3584,Lote tecnologico 3584,"1296,7",71,Licencias
SSD v3585,Lote tecnologico 3585,"664,16",53,Servicios
Monitor v3586,Lote tecnologico 3586,"1338,84",197,Hardware
RAM v3587,Lote tecnologico 3587,"1232,43",19,Servicios
Monitor v3588,Lote tecnologico 3588,"264,27",104,Software
Teclado v3589,Lote tecnologico 3589,"338,35",155,Software
Teclado v3590,Lote tecnologico 3590,"90,36",99,Servicios
Teclado v3591,Lote tecnologico 3591,"625,79",27,Servicios
Laptop v3592,Lote tecnologico 3592,"741,67",82,Hardware
Monitor v3593,Lote tecnologico 3593,"1155,1",176,Servicios
Teclado v3594,Lote tecnologico 3594,"1368,86",148,Software
SSD v3595,Lote tecnologico 3595,"1202,72",38,Licencias
Laptop v3596,Lote tecnologico 3596,"850,91",36,Licencias
Mouse v3597,Lote tecnologico 3597,"125,94",114,Licencias
SSD v3598,Lote tecnologico 3598,"821,33",171,Software
SSD v3599,Lote tecnologico 3599,"1011,75",72,Hardware
RAM v3600,Lote tecnologico 3600,"1397,64",49,Licencias
Teclado v3601,Lote tecnologico 3601,"1251,7",147,Hardware
RAM v3602,Lote tecnologico 3602,"119,17",28,Software
Mouse v3603,Lote tecnologico 3603,"960,9",68,Software
SSD v3604,Lote tecnologico 3604,"1072,31",189,Licencias
Teclado v3605,Lote tecnologico 3605,"255,85",92,Software
Laptop v3606,Lote tecnologico 3606,"1172,41",53,Hardware
Monitor v3607,Lote tecnologico 3607,"98,75",32,Hardware
Monitor v3608,Lote tecnologico 3608,"115,36",65,Hardware
Monitor v3609,Lote tecnologico 3609,"1138,06",189,Hardware
RAM v3610,Lote tecnologico 3610,"1191,38",171,Hardware
RAM v3611,Lote tecnologico 3611,"1150,52",198,Licencias
Teclado v3612,Lote tecnologico 3612,"1329,79",137,Servicios
Laptop v3613,Lote tecnologico 3613,"81,28",173,Licencias
Monitor v3614,Lote tecnologico 3614,"130,36",71,Hardware
Monitor v3615,Lote tecnologico 3615,"1045,59",136,Hardware
Mouse v3616,Lote tecnologico 3616,"1169,76",4,Software
SSD v3617,Lote tecnologico 3617,"843,07",148,Hardware
SSD v3618,Lote tecnologico 3618,"106,57",98,Licencias
Laptop v3619,Lote tecnologico 3619,"226,57",155,Software
Mouse v3620,Lote tecnologico 3620,"114,09",186,Licencias
Laptop v3621,Lote tecnologico 3621,"798,39",42,Licencias
SSD v3622,Lote tecnologico 3622,"1468,77",25,Hardware
Mouse v3623,Lote tecnologico 3623,"213,71",10,Licencias
Mouse v3624,Lote tecnologico 3624,"1226,5",158,Licencias
RAM v3625,Lote tecnologico 3625,"161,18",112,Software
SSD v3626,Lote tecnologico 3626,"862,29",66,Servicios
Monitor v3627,Lote tecnologico 3627,"576,81",137,Licencias
RAM v3628,Lote tecnologico 3628,"742,98",24,Servicios
Laptop v3629,Lote tecnologico 3629,"1235,86",46,Licencias
SSD v3630,Lote tecnologico 3630,"1422,6",125,Hardware
Laptop v3631,Lote tecnologico 3631,"71,38",158,Hardware
Teclado v3632,Lote tecnologico 3632,"933,79",75,Licencias
RAM v3633,Lote tecnologico 3633,"229,33",76,Servicios
Laptop v3634,Lote tecnologico 3634,"418,11",119,Software
SSD v3635,Lote tecnologico 3635,"778,7",106,Servicios
Laptop v3636,Lote tecnologico 3636,"975,16",186,Hardware
Laptop v3637,Lote tecnologico 3637,"907,23",31,Servicios
Mouse v3638,Lote tecnologico 3638,"1316,47",40,Licencias
Teclado v3639,Lote tecnologico 3639,"581,6",143,Licencias
Mouse v3640,Lote tecnologico 3640,"210,81",31,Licencias
RAM v3641,Lote tecnologico 3641,"1160,61",146,Software
RAM v3642,Lote tecnologico 3642,"884,86",55,Servicios
SSD v3643,Lote tecnologico 3643,"1060,75",111,Hardware
Teclado v3644,Lote tecnologico 3644,"403,61",167,Licencias
Mouse v3645,Lote tecnologico 3645,"1004,69",28,Software
Teclado v3646,Lote tecnologico 3646,"250,53",104,Servicios
SSD v3647,Lote tecnologico 3647,"667,43",139,Licencias
Teclado v3648,Lote tecnologico 3648,"99,5",147,Hardware
Teclado v3649,Lote tecnologico 3649,"801,17",83,Licencias
Mouse v3650,Lote tecnologico 3650,"1209,64",191,Software
SSD v3651,Lote tecnologico 3651,"1460,17",105,Hardware
Monitor v3652,Lote tecnologico 3652,"515,08",0,Servicios
Laptop v3653,Lote tecnologico 3653,"1350,25",168,Software
Laptop v3654,Lote tecnologico 3654,"389,76",28,Licencias
Monitor v3655,Lote tecnologico 3655,"1438,24",87,Hardware
Monitor v3656,Lote tecnologico 3656,"378,75",169,Servicios
RAM v3657,Lote tecnologico 3657,"861,33",52,Software
Monitor v3658,Lote tecnologico 3658,"1292,47",132,Licencias
Teclado v3659,Lote tecnologico 3659,"370,33",185,Licencias
Laptop v3660,Lote tecnologico 3660,"308,06",113,Hardware
SSD v3661,Lote tecnologico 3661,"1199,85",185,Hardware
Laptop v3662,Lote tecnologico 3662,"654,31",188,Servicios
Laptop v3663,Lote tecnologico 3663,"953,35",66,Hardware
Monitor v3664,Lote tecnologico 3664,"217,59",177,Software
Mouse v3665,Lote tecnologico 3665,"257,23",16,Hardware
Mouse v3666,Lote tecnologico 3666,"938,53",104,Hardware
Teclado v3667,Lote tecnologico 3667,"493,58",130,Hardware
Mouse v3668,Lote tecnologico 3668,"534,64",119,Licencias
Laptop v3669,Lote tecnologico 3669,"889,91",72,Software
RAM v3670,Lote tecnologico 3670,"578,24",147,Servicios
SSD v3671,Lote tecnologico 3671,"1483,32",70,Software
Monitor v3672,Lote tecnologico 3672,"611,41",22,Hardware
Laptop v3673,Lote tecnologico 3673,"598,95",2,Hardware
Teclado v3674,Lote tecnologico 3674,"776,83",101,Licencias
Laptop v3675,Lote tecnologico 3675,"1367,27",18,Licencias
Teclado v3676,Lote tecnologico 3676,"305,52",142,Servicios
SSD v3677,Lote tecnologico 3677,"1129,28",70,Hardware
Mouse v3678,Lote tecnologico 3678,"763,08",4,Hardware
SSD v3679,Lote tecnologico 3679,"986,91",163,Software
RAM v3680,Lote tecnologico 3680,"1074,34",47,Licencias
Mouse v3681,Lote tecnologico 3681,"74,16",82,Licencias
SSD v3682,Lote tecnologico 3682,"180,04",165,Software
RAM v3683,Lote tecnologico 3683,"620,74",64,Hardware
Teclado v3684,Lote tecnologico 3684,"579,14",0,Servicios
Teclado v3685,Lote tecnologico 3685,"687,02",105,Hardware
SSD v3686,Lote tecnologico 3686,"1080,65",190,Software
Mouse v3687,Lote tecnologico 3687,"1037,96",143,Servicios
Laptop v3688,Lote tecnologico 3688,"662,38",18,Licencias
Mouse v3689,Lote tecnologico 3689,"1367,79",194,Licencias
Mouse v3690,Lote tecnologico 3690,"1104,74",170,Licencias
Laptop v3691,Lote tecnologico 3691,"881,35",131,Software
Teclado v3692,Lote tecnologico 3692,"581,79",42,Licencias
RAM v3693,Lote tecnologico 3693,"1198,83",194,Hardware
Teclado v3694,Lote tecnologico 3694,"1242,47",156,Hardware
RAM v3695,Lote tecnologico 3695,"990,01",98,Servicios
Teclado v3696,Lote tecnologico 3696,"968,05",1,Licencias
SSD v3697,Lote tecnologico 3697,"1397,21",162,Licencias
Mouse v3698,Lote tecnologico 3698,"665,75",94,Software
RAM v3699,Lote tecnologico 3699,"514,25",68,Servicios
SSD v3700,Lote tecnologico 3700,"330,53",137,Software
SSD v3701,Lote tecnologico 3701,"1031,26",52,Software
Teclado v3702,Lote tecnologico 3702,"923,31",186,Licencias
SSD v3703,Lote tecnologico 3703,"1465,46",139,Licencias
Teclado v3704,Lote tecnologico 3704,"1403,08",111,Servicios
Teclado v3705,Lote tecnologico 3705,"1186,51",167,Servicios
Monitor v3706,Lote tecnologico 3706,"757,57",41,Licencias
RAM v3707,Lote tecnologico 3707,"350,38",163,Software
Monitor v3708,Lote tecnologico 3708,"57,94",42,Software
Teclado v3709,Lote tecnologico 3709,"711,66",49,Licencias
Mouse v3710,Lote tecnologico 3710,"896,31",80,Licencias
RAM v3711,Lote tecnologico 3711,"1189,77",82,Servicios
Laptop v3712,Lote tecnologico 3712,"334,03",33,Servicios
Mouse v3713,Lote tecnologico 3713,"603,71",38,Servicios
Monitor v3714,Lote tecnologico 3714,"1298,18",21,Servicios
Teclado v3715,Lote tecnologico 3715,"910,04",8,Software
Teclado v3716,Lote tecnologico 3716,"906,77",116,Hardware
RAM v3717,Lote tecnologico 3717,"613,45",198,Software
Teclado v3718,Lote tecnologico 3718,"983,01",19,Servicios
RAM v3719,Lote tecnologico 3719,"1404,13",94,Hardware
RAM v3720,Lote tecnologico 3720,"64,78",24,Licencias
Monitor v3721,Lote tecnologico 3721,"654,64",111,Software
RAM v3722,Lote tecnologico 3722,"476,6",116,Licencias
SSD v3723,Lote tecnologico 3723,"524,95",81,Hardware
Teclado v3724,Lote tecnologico 3724,"430,03",97,Software
RAM v3725,Lote tecnologico 3725,"1163,97",29,Software
RAM v3726,Lote tecnologico 3726,"1423,62",179,Servicios
Teclado v3727,Lote tecnologico 3727,"918,05",18,Hardware
RAM v3728,Lote tecnologico 3728,"1043,03",115,Software
Laptop v3729,Lote tecnologico 3729,"1365,46",184,Hardware
Monitor v3730,Lote tecnologico 3730,"992,08",24,Software
Laptop v3731,Lote tecnologico 3731,"789,04",29,Servicios
Monitor v3732,Lote tecnologico 3732,"788,79",26,Hardware
Teclado v3733,Lote tecnologico 3733,"773,72",166,Hardware
Teclado v3734,Lote tecnologico 3734,"533,19",89,Servicios
Laptop v3735,Lote tecnologico 3735,"803,05",152,Servicios
Monitor v3736,Lote tecnologico 3736,"935,72",136,Hardware
SSD v3737,Lote tecnologico 3737,"79,41",144,Software
Teclado v3738,Lote tecnologico 3738,"1399,09",67,Licencias
SSD v3739,Lote tecnologico 3739,"1482,95",103,Hardware
Teclado v3740,Lote tecnologico 3740,"821,52",8,Hardware
RAM v3741,Lote tecnologico 3741,"850,87",82,Servicios
Laptop v3742,Lote tecnologico 3742,"725,37",190,Software
Teclado v3743,Lote tecnologico 3743,"1449,02",50,Servicios
SSD v3744,Lote tecnologico 3744,"354,4",178,Licencias
RAM v3745,Lote tecnologico 3745,"1315,29",95,Licencias
Mouse v3746,Lote tecnologico 3746,"826,4",55,Hardware
Teclado v3747,Lote tecnologico 3747,"1166,53",142,Licencias
SSD v3748,Lote tecnologico 3748,"311,44",68,Hardware
Monitor v3749,Lote tecnologico 3749,"846,02",61,Licencias
Laptop v3750,Lote tecnologico 3750,"1266,51",144,Licencias
SSD v3751,Lote tecnologico 3751,"893,55",83,Hardware
Laptop v3752,Lote tecnologico 3752,"705,19",112,Servicios
RAM v3753,Lote tecnologico 3753,"1032,91",174,Servicios
Monitor v3754,Lote tecnologico 3754,"664,74",173,Licencias
Laptop v3755,Lote tecnologico 3755,"772,73",110,Licencias
Teclado v3756,Lote tecnologico 3756,"185,55",132,Software
Mouse v3757,Lote tecnologico 3757,"1336,84",27,Hardware
SSD v3758,Lote tecnologico 3758,"240,09",147,Servicios
SSD v3759,Lote tecnologico 3759,"784,06",123,Servicios
SSD v3760,Lote tecnologico 3760,"847,51",130,Hardware
Laptop v3761,Lote tecnologico 3761,"1171,58",58,Servicios
Mouse v3762,Lote tecnologico 3762,"1006,68",145,Servicios
Laptop v3763,Lote tecnologico 3763,"692,92",105,Licencias
Mouse v3764,Lote tecnologico 3764,"1328,7",44,Software
Laptop v3765,Lote tecnologico 3765,"1287,28",78,Hardware
Monitor v3766,Lote tecnologico 3766,"660,39",22,Licencias
Mouse v3767,Lote tecnologico 3767,"1074,55",47,Hardware
Monitor v3768,Lote tecnologico 3768,"946,25",33,Hardware
SSD v3769,Lote tecnologico 3769,"274,84",155,Licencias
Mouse v3770,Lote tecnologico 3770,"1207,35",185,Licencias
Mouse v3771,Lote tecnologico 3771,"1217,98",30,Licencias
Teclado v3772,Lote tecnologico 3772,"830,54",179,Hardware
Mouse v3773,Lote tecnologico 3773,"254,58",56,Servicios
Mouse v3774,Lote tecnologico 3774,"122,3",55,Servicios
Monitor v3775,Lote tecnologico 3775,"1043,75",189,Software
Mouse v3776,Lote tecnologico 3776,"1407,35",88,Hardware
SSD v3777,Lote tecnologico 3777,"785,52",16,Licencias
RAM v3778,Lote tecnologico 3778,"265,37",71,Hardware
RAM v3779,Lote tecnologico 3779,"216,55",85,Hardware
Monitor v3780,Lote tecnologico 3780,"431,54",44,Hardware
RAM v3781,Lote tecnologico 3781,"1221,63",56,Licencias
Laptop v3782,Lote tecnologico 3782,"127,27",58,Software
Monitor v3783,Lote tecnologico 3783,"281,83",134,Hardware
Monitor v3784,Lote tecnologico 3784,"743,68",50,Servicios
Mouse v3785,Lote tecnologico 3785,"517,8",148,Servicios
Teclado v3786,Lote tecnologico 3786,"1362,46",78,Servicios
Mouse v3787,Lote tecnologico 3787,"1379,3",36,Hardware
Mouse v3788,Lote tecnologico 3788,"1008,42",169,Hardware
SSD v3789,Lote tecnologico 3789,"385,47",188,Software
Teclado v3790,Lote tecnologico 3790,"1033,57",121,Servicios
SSD v3791,Lote tecnologico 3791,"585,32",58,Software
RAM v3792,Lote tecnologico 3792,"804,8",51,Hardware
Teclado v3793,Lote tecnologico 3793,"1070,29",102,Hardware
Mouse v3794,Lote tecnologico 3794,"853,43",93,Licencias
Teclado v3795,Lote tecnologico 3795,"760,11",138,Software
Monitor v3796,Lote tecnologico 3796,"125,33",63,Servicios
RAM v3797,Lote tecnologico 3797,"1359,14",84,Hardware
Laptop v3798,Lote tecnologico 3798,"606,65",176,Software
Mouse v3799,Lote tecnologico 3799,"1334,23",83,Hardware
Laptop v3800,Lote tecnologico 3800,"475,98",163,Software
Teclado v3801,Lote tecnologico 3801,"1357,13",0,Servicios
Monitor v3802,Lote tecnologico 3802,"1417,39",105,Servicios
SSD v3803,Lote tecnologico 3803,"1331,48",118,Software
RAM v3804,Lote tecnologico 3804,"900,92",76,Licencias
Laptop v3805,Lote tecnologico 3805,"1301,98",143,Licencias
Teclado v3806,Lote tecnologico 3806,"707,22",68,Hardware
Teclado v3807,Lote tecnologico 3807,"1441,1",138,Hardware
RAM v3808,Lote tecnologico 3808,"1428,77",75,Licencias
Mouse v3809,Lote tecnologico 3809,"1254,09",155,Licencias
RAM v3810,Lote tecnologico 3810,"404,2",18,Software
SSD v3811,Lote tecnologico 3811,"1196,94",53,Hardware
SSD v3812,Lote tecnologico 3812,"510,16",171,Licencias
SSD v3813,Lote tecnologico 3813,"1139,08",67,Servicios
Monitor v3814,Lote tecnologico 3814,"1021,23",77,Licencias
Monitor v3815,Lote tecnologico 3815,"1017,63",114,Software
Teclado v3816,Lote tecnologico 3816,"406,86",92,Servicios
Mouse v3817,Lote tecnologico 3817,"190,42",112,Licencias
Mouse v3818,Lote tecnologico 3818,"891,69",47,Licencias
RAM v3819,Lote tecnologico 3819,765,69,Servicios
RAM v3820,Lote tecnologico 3820,"217,56",102,Licencias
Monitor v3821,Lote tecnologico 3821,"1181,32",73,Software
SSD v3822,Lote tecnologico 3822,"630,18",26,Hardware
Mouse v3823,Lote tecnologico 3823,170,115,Servicios
Laptop v3824,Lote tecnologico 3824,"272,5",55,Hardware
SSD v3825,Lote tecnologico 3825,"297,26",102,Licencias
Teclado v3826,Lote tecnologico 3826,"534,97",90,Software
SSD v3827,Lote tecnologico 3827,"1139,14",50,Licencias
SSD v3828,Lote tecnologico 3828,"1104,61",84,Servicios
Teclado v3829,Lote tecnologico 3829,"89,23",28,Hardware
Mouse v3830,Lote tecnologico 3830,"1016,14",11,Servicios
Mouse v3831,Lote tecnologico 3831,"537,6",188,Servicios
Laptop v3832,Lote tecnologico 3832,"458,8",45,Licencias
RAM v3833,Lote tecnologico 3833,"517,07",72,Servicios
RAM v3834,Lote tecnologico 3834,"518,96",134,Software
Mouse v3835,Lote tecnologico 3835,"1031,38",159,Software
SSD v3836,Lote tecnologico 3836,"858,58",118,Servicios
SSD v3837,Lote tecnologico 3837,"382,15",139,Software
RAM v3838,Lote tecnologico 3838,"745,3",83,Software
Monitor v3839,Lote tecnologico 3839,"1332,31",135,Licencias
Mouse v3840,Lote tecnologico 3840,"427,49",22,Licencias
SSD v3841,Lote tecnologico 3841,"603,51",48,Hardware
Teclado v3842,Lote tecnologico 3842,"575,01",158,Servicios
SSD v3843,Lote tecnologico 3843,"557,36",180,Servicios
RAM v3844,Lote tecnologico 3844,"1077,92",151,Software
Teclado v3845,Lote tecnologico 3845,"341,88",38,Licencias
Monitor v3846,Lote tecnologico 3846,"997,05",83,Licencias
Teclado v3847,Lote tecnologico 3847,"477,59",96,Hardware
Monitor v3848,Lote tecnologico 3848,"1119,42",128,Software
Monitor v3849,Lote tecnologico 3849,"1390,46",74,Licencias
SSD v3850,Lote tecnologico 3850,"484,61",139,Licencias
SSD v3851,Lote tecnologico 3851,"919,64",176,Licencias
Laptop v3852,Lote tecnologico 3852,"1342,73",151,Software
Mouse v3853,Lote tecnologico 3853,"915,99",26,Software
RAM v3854,Lote tecnologico 3854,"279,13",152,Servicios
Teclado v3855,Lote tecnologico 3855,"1325,13",177,Servicios
Laptop v3856,Lote tecnologico 3856,"1400,54",6,Licencias
Laptop v3857,Lote tecnologico 3857,"557,79",95,Hardware
Monitor v3858,Lote tecnologico 3858,"356,96",124,Licencias
Mouse v3859,Lote tecnologico 3859,"256,54",14,Software
SSD v3860,Lote tecnologico 3860,"150,08",15,Licencias
Monitor v3861,Lote tecnologico 3861,"1456,89",158,Hardware
Mouse v3862,Lote tecnologico 3862,"983,03",190,Hardware
Monitor v3863,Lote tecnologico 3863,"1291,6",150,Licencias
SSD v3864,Lote tecnologico 3864,"335,26",183,Software
SSD v3865,Lote tecnologico 3865,"443,5",39,Licencias
Mouse v3866,Lote tecnologico 3866,"1413,58",95,Hardware
SSD v3867,Lote tecnologico 3867,"359,8",16,Hardware
Monitor v3868,Lote tecnologico 3868,"161,92",142,Software
Monitor v3869,Lote tecnologico 3869,"222,88",30,Licencias
Mouse v3870,Lote tecnologico 3870,"1496,15",1,Licencias
Monitor v3871,Lote tecnologico 3871,"656,45",12,Licencias
SSD v3872,Lote tecnologico 3872,"688,77",146,Software
Laptop v3873,Lote tecnologico 3873,"896,2",127,Hardware
RAM v3874,Lote tecnologico 3874,"622,55",189,Licencias
Monitor v3875,Lote tecnologico 3875,"467,49",137,Software
SSD v3876,Lote tecnologico 3876,"55,94",40,Licencias
RAM v3877,Lote tecnologico 3877,"1047,86",34,Software
Monitor v3878,Lote tecnologico 3878,"781,45",44,Servicios
Monitor v3879,Lote tecnologico 3879,"840,86",36,Software
Teclado v3880,Lote tecnologico 3880,"1195,6",162,Servicios
Mouse v3881,Lote tecnologico 3881,"244,94",178,Servicios
Teclado v3882,Lote tecnologico 3882,"1022,15",3,Servicios
Teclado v3883,Lote tecnologico 3883,"821,2",160,Servicios
Teclado v3884,Lote tecnologico 3884,"389,26",35,Licencias
RAM v3885,Lote tecnologico 3885,"464,62",89,Hardware
SSD v3886,Lote tecnologico 3886,"754,3",32,Hardware
Teclado v3887,Lote tecnologico 3887,"1342,06",39,Servicios
RAM v3888,Lote tecnologico 3888,"1053,64",84,Software
Teclado v3889,Lote tecnologico 3889,"1011,73",75,Licencias
SSD v3890,Lote tecnologico 3890,"1110,47",102,Servicios
RAM v3891,Lote tecnologico 3891,"1001,54",23,Licencias
Mouse v3892,Lote tecnologico 3892,"1164,46",24,Hardware
SSD v3893,Lote tecnologico 3893,"224,04",187,Software
SSD v3894,Lote tecnologico 3894,"1274,15",170,Hardware
Mouse v3895,Lote tecnologico 3895,"1325,28",79,Software
Monitor v3896,Lote tecnologico 3896,"896,59",15,Licencias
Teclado v3897,Lote tecnologico 3897,"1364,55",169,Servicios
Laptop v3898,Lote tecnologico 3898,"1340,8",58,Hardware
RAM v3899,Lote tecnologico 3899,"1315,3",80,Hardware
Laptop v3900,Lote tecnologico 3900,"827,63",81,Software
Laptop v3901,Lote tecnologico 3901,"75,12",146,Hardware
SSD v3902,Lote tecnologico 3902,"537,83",101,Licencias
RAM v3903,Lote tecnologico 3903,"1010,54",116,Software
Laptop v3904,Lote tecnologico 3904,"612,35",18,Hardware
RAM v3905,Lote tecnologico 3905,"1404,34",90,Licencias
Mouse v3906,Lote tecnologico 3906,"1494,98",22,Software
SSD v3907,Lote tecnologico 3907,"246,52",22,Hardware
Mouse v3908,Lote tecnologico 3908,"1390,51",187,Software
Laptop v3909,Lote tecnologico 3909,"74,51",29,Software
Teclado v3910,Lote tecnologico 3910,"238,79",155,Servicios
Monitor v3911,Lote tecnologico 3911,"573,58",136,Hardware
Monitor v3912,Lote tecnologico 3912,"1107,09",183,Servicios
Mouse v3913,Lote tecnologico 3913,"583,17",170,Software
Monitor v3914,Lote tecnologico 3914,"1497,33",74,Servicios
Monitor v3915,Lote tecnologico 3915,"1489,06",55,Servicios
Mouse v3916,Lote tecnologico 3916,"1216,23",22,Software
Teclado v3917,Lote tecnologico 3917,"649,95",129,Licencias
Monitor v3918,Lote tecnologico 3918,"297,79",184,Software
Laptop v3919,Lote tecnologico 3919,"71,82",28,Servicios
Teclado v3920,Lote tecnologico 3920,"698,45",198,Servicios
SSD v3921,Lote tecnologico 3921,"778,33",117,Licencias
Teclado v3922,Lote tecnologico 3922,"1382,59",179,Servicios
Mouse v3923,Lote tecnologico 3923,"471,21",81,Licencias
Laptop v3924,Lote tecnologico 3924,"1301,87",183,Software
Monitor v3925,Lote tecnologico 3925,"132,88",110,Servicios
RAM v3926,Lote tecnologico 3926,"1425,25",66,Software
Teclado v3927,Lote tecnologico 3927,"68,58",59,Servicios
RAM v3928,Lote tecnologico 3928,"193,02",54,Servicios
Mouse v3929,Lote tecnologico 3929,"611,18",41,Licencias
Teclado v3930,Lote tecnologico 3930,"327,82",41,Hardware
RAM v3931,Lote tecnologico 3931,"1008,7",177,Servicios
Monitor v3932,Lote tecnologico 3932,"347,85",148,Software
Teclado v3933,Lote tecnologico 3933,"304,93",5,Software
Laptop v3934,Lote tecnologico 3934,"952,73",140,Servicios
Monitor v3935,Lote tecnologico 3935,"926,43",141,Hardware
RAM v3936,Lote tecnologico 3936,"1219,48",194,Software
RAM v3937,Lote tecnologico 3937,"183,96",27,Software
Mouse v3938,Lote tecnologico 3938,"1262,81",132,Hardware
Monitor v3939,Lote tecnologico 3939,"463,08",38,Licencias
SSD v3940,Lote tecnologico 3940,"1005,87",161,Software
SSD v3941,Lote tecnologico 3941,"511,62",117,Licencias
RAM v3942,Lote tecnologico 3942,"816,17",183,Licencias
Teclado v3943,Lote tecnologico 3943,"414,44",14,Licencias
Monitor v3944,Lote tecnologico 3944,"172,74",171,Servicios
Laptop v3945,Lote tecnologico 3945,"242,57",131,Software
Mouse v3946,Lote tecnologico 3946,"253,83",31,Licencias
Mouse v3947,Lote tecnologico 3947,"293,82",65,Hardware
RAM v3948,Lote tecnologico 3948,"655,75",48,Licencias
Mouse v3949,Lote tecnologico 3949,"89,65",88,Servicios
SSD v3950,Lote tecnologico 3950,"134,78",152,Software
Monitor v3951,Lote tecnologico 3951,"203,77",38,Licencias
SSD v3952,Lote tecnologico 3952,"567,03",136,Servicios
SSD v3953,Lote tecnologico 3953,"618,8",49,Software
Mouse v3954,Lote tecnologico 3954,"697,48",75,Licencias
SSD v3955,Lote tecnologico 3955,"1449,34",103,Servicios
SSD v3956,Lote tecnologico 3956,"1239,26",157,Hardware
Teclado v3957,Lote tecnologico 3957,"637,2",62,Software
SSD v3958,Lote tecnologico 3958,"702,13",80,Servicios
Teclado v3959,Lote tecnologico 3959,"853,83",12,Hardware
Monitor v3960,Lote tecnologico 3960,"1196,18",13,Hardware
Mouse v3961,Lote tecnologico 3961,"974,56",37,Servicios
Laptop v3962,Lote tecnologico 3962,"316,68",43,Hardware
RAM v3963,Lote tecnologico 3963,"693,27",17,Servicios
Laptop v3964,Lote tecnologico 3964,"62,54",197,Hardware
Monitor v3965,Lote tecnologico 3965,"1252,1",132,Software
Laptop v3966,Lote tecnologico 3966,"1421,47",76,Software
RAM v3967,Lote tecnologico 3967,"931,22",191,Software
RAM v3968,Lote tecnologico 3968,"181,07",132,Licencias
Monitor v3969,Lote tecnologico 3969,"1267,29",50,Software
Teclado v3970,Lote tecnologico 3970,"1182,54",146,Licencias
SSD v3971,Lote tecnologico 3971,"1392,52",46,Licencias
SSD v3972,Lote tecnologico 3972,"983,56",105,Licencias
Monitor v3973,Lote tecnologico 3973,"1367,26",104,Software
Teclado v3974,Lote tecnologico 3974,"1010,14",172,Licencias
SSD v3975,Lote tecnologico 3975,"102,51",19,Servicios
Monitor v3976,Lote tecnologico 3976,"1137,87",100,Hardware
Laptop v3977,Lote tecnologico 3977,"1350,83",180,Servicios
Monitor v3978,Lote tecnologico 3978,"495,98",89,Servicios
SSD v3979,Lote tecnologico 3979,"586,61",65,Licencias
Mouse v3980,Lote tecnologico 3980,"89,84",166,Software
Laptop v3981,Lote tecnologico 3981,"282,67",141,Software
Laptop v3982,Lote tecnologico 3982,"661,35",60,Software
SSD v3983,Lote tecnologico 3983,"336,56",162,Servicios
RAM v3984,Lote tecnologico 3984,"1421,56",87,Servicios
RAM v3985,Lote tecnologico 3985,"815,02",151,Software
SSD v3986,Lote tecnologico 3986,"617,97",89,Software
Laptop v3987,Lote tecnologico 3987,"204,59",190,Servicios
Laptop v3988,Lote tecnologico 3988,"1279,59",25,Hardware
Laptop v3989,Lote tecnologico 3989,"342,85",104,Software
SSD v3990,Lote tecnologico 3990,"419,44",1,Licencias
SSD v3991,Lote tecnologico 3991,"771,65",47,Software
Teclado v3992,Lote tecnologico 3992,"1358,72",10,Hardware
Teclado v3993,Lote tecnologico 3993,"953,45",54,Software
SSD v3994,Lote tecnologico 3994,"1399,2",16,Licencias
Monitor v3995,Lote tecnologico 3995,"239,1",4,Hardware
Monitor v3996,Lote tecnologico 3996,"1352,08",42,Software
Mouse v3997,Lote tecnologico 3997,"144,9",63,Licencias
Monitor v3998,Lote tecnologico 3998,"344,43",76,Licencias
RAM v3999,Lote tecnologico 3999,"1371,13",17,Licencias
Teclado v4000,Lote tecnologico 4000,"851,46",147,Hardware
SSD v4001,Lote tecnologico 4001,"706,12",92,Licencias
Monitor v4002,Lote tecnologico 4002,"1329,48",194,Hardware
Mouse v4003,Lote tecnologico 4003,"634,03",63,Hardware
SSD v4004,Lote tecnologico 4004,"330,72",56,Software
Monitor v4005,Lote tecnologico 4005,"364,91",123,Servicios
Monitor v4006,Lote tecnologico 4006,"605,61",52,Licencias
Mouse v4007,Lote tecnologico 4007,"745,05",109,Software
Teclado v4008,Lote tecnologico 4008,"441,99",50,Hardware
RAM v4009,Lote tecnologico 4009,"1433,59",133,Software
RAM v4010,Lote tecnologico 4010,"1239,6",40,Software
Teclado v4011,Lote tecnologico 4011,"1217,46",133,Software
SSD v4012,Lote tecnologico 4012,"1038,24",187,Servicios
Laptop v4013,Lote tecnologico 4013,"1220,6",86,Software
Mouse v4014,Lote tecnologico 4014,"1407,69",67,Hardware
Mouse v4015,Lote tecnologico 4015,"1413,3",133,Software
Monitor v4016,Lote tecnologico 4016,"758,04",189,Licencias
Teclado v4017,Lote tecnologico 4017,"459,48",147,Licencias
Teclado v4018,Lote tecnologico 4018,"838,5",173,Licencias
Monitor v4019,Lote tecnologico 4019,"536,34",99,Hardware
Laptop v4020,Lote tecnologico 4020,"704,83",77,Software
Teclado v4021,Lote tecnologico 4021,"1493,64",163,Software
Laptop v4022,Lote tecnologico 4022,"967,44",139,Hardware
Laptop v4023,Lote tecnologico 4023,"1174,2",35,Hardware
RAM v4024,Lote tecnologico 4024,"1453,38",38,Servicios
Mouse v4025,Lote tecnologico 4025,"643,77",15,Licencias
SSD v4026,Lote tecnologico 4026,587,141,Licencias
Teclado v4027,Lote tecnologico 4027,"256,1",7,Software
RAM v4028,Lote tecnologico 4028,"1460,56",44,Licencias
Teclado v4029,Lote tecnologico 4029,"737,32",139,Software
Mouse v4030,Lote tecnologico 4030,"850,32",166,Software
Teclado v4031,Lote tecnologico 4031,"447,35",177,Servicios
Monitor v4032,Lote tecnologico 4032,"908,04",170,Software
SSD v4033,Lote tecnologico 4033,"868,8",6,Licencias
Mouse v4034,Lote tecnologico 4034,"452,04",141,Servicios
Monitor v4035,Lote tecnologico 4035,"1377,87",36,Servicios
Teclado v4036,Lote tecnologico 4036,"582,1",43,Software
SSD v4037,Lote tecnologico 4037,"78,73",182,Hardware
Teclado v4038,Lote tecnologico 4038,"949,81",71,Licencias
RAM v4039,Lote tecnologico 4039,"83,16",197,Hardware
Mouse v4040,Lote tecnologico 4040,"809,9",29,Servicios
SSD v4041,Lote tecnologico 4041,"1083,75",87,Software
Monitor v4042,Lote tecnologico 4042,"1372,13",155,Servicios
Laptop v4043,Lote tecnologico 4043,"208,53",199,Servicios
Monitor v4044,Lote tecnologico 4044,"1005,02",25,Servicios
SSD v4045,Lote tecnologico 4045,"922,95",1,Licencias
Monitor v4046,Lote tecnologico 4046,"613,08",158,Servicios
SSD v4047,Lote tecnologico 4047,"784,16",85,Servicios
RAM v4048,Lote tecnologico 4048,"858,33",103,Servicios
Laptop v4049,Lote tecnologico 4049,"1222,73",6,Software
Teclado v4050,Lote tecnologico 4050,"1169,55",124,Software
RAM v4051,Lote tecnologico 4051,"916,86",165,Hardware
Laptop v4052,Lote tecnologico 4052,"1395,11",153,Software
Monitor v4053,Lote tecnologico 4053,"300,39",199,Software
Laptop v4054,Lote tecnologico 4054,"584,69",96,Hardware
Laptop v4055,Lote tecnologico 4055,"875,06",113,Hardware
RAM v4056,Lote tecnologico 4056,"165,32",38,Software
Laptop v4057,Lote tecnologico 4057,"404,36",59,Servicios
Monitor v4058,Lote tecnologico 4058,"929,57",26,Servicios
Monitor v4059,Lote tecnologico 4059,"863,79",45,Servicios
RAM v4060,Lote tecnologico 4060,"1488,59",102,Hardware
Teclado v4061,Lote tecnologico 4061,"778,55",150,Hardware
Teclado v4062,Lote tecnologico 4062,"1151,13",130,Hardware
Teclado v4063,Lote tecnologico 4063,"735,17",111,Licencias
Laptop v4064,Lote tecnologico 4064,"1181,92",169,Servicios
SSD v4065,Lote tecnologico 4065,"1201,26",67,Hardware
Teclado v4066,Lote tecnologico 4066,"588,07",7,Licencias
SSD v4067,Lote tecnologico 4067,"747,62",106,Servicios
Laptop v4068,Lote tecnologico 4068,745,174,Servicios
Monitor v4069,Lote tecnologico 4069,"256,85",145,Licencias
Mouse v4070,Lote tecnologico 4070,"953,13",149,Servicios
RAM v4071,Lote tecnologico 4071,"182,23",80,Software
SSD v4072,Lote tecnologico 4072,"601,9",53,Servicios
Teclado v4073,Lote tecnologico 4073,"1095,01",131,Software
SSD v4074,Lote tecnologico 4074,"1416,43",142,Hardware
Teclado v4075,Lote tecnologico 4075,"1342,62",63,Hardware
Laptop v4076,Lote tecnologico 4076,"1348,52",6,Hardware
Mouse v4077,Lote tecnologico 4077,"1296,71",41,Servicios
SSD v4078,Lote tecnologico 4078,"446,73",115,Licencias
Monitor v4079,Lote tecnologico 4079,"865,47",149,Servicios
RAM v4080,Lote tecnologico 4080,"1107,77",56,Licencias
Mouse v4081,Lote tecnologico 4081,"1436,47",49,Licencias
Mouse v4082,Lote tecnologico 4082,"425,19",55,Hardware
Monitor v4083,Lote tecnologico 4083,"80,75",175,Licencias
Monitor v4084,Lote tecnologico 4084,"268,07",122,Software
Teclado v4085,Lote tecnologico 4085,"641,45",119,Software
SSD v4086,Lote tecnologico 4086,"229,49",109,Licencias
Monitor v4087,Lote tecnologico 4087,"687,97",86,Servicios
Monitor v4088,Lote tecnologico 4088,"393,14",60,Licencias
Mouse v4089,Lote tecnologico 4089,"289,96",71,Licencias
Teclado v4090,Lote tecnologico 4090,"974,27",26,Licencias
RAM v4091,Lote tecnologico 4091,"848,67",45,Hardware
Teclado v4092,Lote tecnologico 4092,"646,49",79,Licencias
Teclado v4093,Lote tecnologico 4093,"982,51",169,Hardware
Mouse v4094,Lote tecnologico 4094,"1177,63",50,Software
RAM v4095,Lote tecnologico 4095,"846,82",48,Licencias
RAM v4096,Lote tecnologico 4096,"275,88",110,Licencias
Teclado v4097,Lote tecnologico 4097,"314,52",141,Servicios
Mouse v4098,Lote tecnologico 4098,"498,6",162,Licencias
Teclado v4099,Lote tecnologico 4099,"1225,89",47,Software
RAM v4100,Lote tecnologico 4100,"1363,06",102,Hardware
Teclado v4101,Lote tecnologico 4101,"919,99",83,Licencias
Teclado v4102,Lote tecnologico 4102,"802,35",148,Licencias
Laptop v4103,Lote tecnologico 4103,"823,93",191,Software
Laptop v4104,Lote tecnologico 4104,"1201,17",6,Licencias
Mouse v4105,Lote tecnologico 4105,"368,3",146,Software
Teclado v4106,Lote tecnologico 4106,"706,28",73,Licencias
RAM v4107,Lote tecnologico 4107,"1386,11",199,Servicios
Mouse v4108,Lote tecnologico 4108,"501,58",74,Software
Laptop v4109,Lote tecnologico 4109,"933,47",141,Software
RAM v4110,Lote tecnologico 4110,"556,4",31,Servicios
Teclado v4111,Lote tecnologico 4111,"903,4",83,Servicios
Mouse v4112,Lote tecnologico 4112,"1386,3",58,Hardware
Laptop v4113,Lote tecnologico 4113,"1487,92",64,Servicios
Monitor v4114,Lote tecnologico 4114,"489,47",126,Licencias
SSD v4115,Lote tecnologico 4115,"852,18",86,Licencias
Mouse v4116,Lote tecnologico 4116,"430,33",154,Servicios
RAM v4117,Lote tecnologico 4117,"1229,26",22,Licencias
Laptop v4118,Lote tecnologico 4118,"112,12",13,Hardware
RAM v4119,Lote tecnologico 4119,"871,87",47,Licencias
Monitor v4120,Lote tecnologico 4120,"681,77",22,Licencias
Mouse v4121,Lote tecnologico 4121,"1267,31",54,Licencias
Teclado v4122,Lote tecnologico 4122,"579,56",113,Hardware
RAM v4123,Lote tecnologico 4123,"740,22",55,Software
Teclado v4124,Lote tecnologico 4124,"165,19",158,Servicios
Laptop v4125,Lote tecnologico 4125,"103,75",157,Software
Teclado v4126,Lote tecnologico 4126,"1343,3",37,Servicios
Mouse v4127,Lote tecnologico 4127,"1433,76",28,Licencias
Mouse v4128,Lote tecnologico 4128,"161,8",169,Servicios
RAM v4129,Lote tecnologico 4129,"640,09",24,Software
RAM v4130,Lote tecnologico 4130,"1432,57",0,Licencias
Teclado v4131,Lote tecnologico 4131,"657,54",6,Hardware
Teclado v4132,Lote tecnologico 4132,"277,77",159,Hardware
SSD v4133,Lote tecnologico 4133,"1317,76",60,Licencias
Teclado v4134,Lote tecnologico 4134,"402,97",192,Hardware
Mouse v4135,Lote tecnologico 4135,"1012,77",199,Software
Mouse v4136,Lote tecnologico 4136,"153,64",40,Licencias
RAM v4137,Lote tecnologico 4137,"1364,51",120,Software
Mouse v4138,Lote tecnologico 4138,"1409,13",125,Hardware
RAM v4139,Lote tecnologico 4139,"798,91",76,Servicios
Laptop v4140,Lote tecnologico 4140,"50,94",139,Licencias
Teclado v4141,Lote tecnologico 4141,"628,29",144,Software
Monitor v4142,Lote tecnologico 4142,"644,39",66,Licencias
Teclado v4143,Lote tecnologico 4143,"1442,57",116,Hardware
Laptop v4144,Lote tecnologico 4144,"1028,8",39,Licencias
Monitor v4145,Lote tecnologico 4145,"1062,72",60,Hardware
RAM v4146,Lote tecnologico 4146,"275,21",57,Hardware
SSD v4147,Lote tecnologico 4147,"803,78",155,Servicios
Mouse v4148,Lote tecnologico 4148,"446,62",180,Hardware
Monitor v4149,Lote tecnologico 4149,"1181,43",140,Licencias
Teclado v4150,Lote tecnologico 4150,"1021,61",110,Hardware
Laptop v4151,Lote tecnologico 4151,"1447,87",121,Licencias
Mouse v4152,Lote tecnologico 4152,"738,56",0,Licencias
Mouse v4153,Lote tecnologico 4153,"1197,02",29,Licencias
RAM v4154,Lote tecnologico 4154,"546,23",175,Licencias
Teclado v4155,Lote tecnologico 4155,"448,58",76,Hardware
SSD v4156,Lote tecnologico 4156,"246,26",115,Licencias
Laptop v4157,Lote tecnologico 4157,"518,67",137,Software
RAM v4158,Lote tecnologico 4158,"745,73",30,Licencias
Laptop v4159,Lote tecnologico 4159,"1350,5",31,Licencias
Mouse v4160,Lote tecnologico 4160,"1476,26",159,Hardware
Mouse v4161,Lote tecnologico 4161,"1428,33",171,Servicios
RAM v4162,Lote tecnologico 4162,"619,9",156,Licencias
RAM v4163,Lote tecnologico 4163,"1284,5",154,Software
RAM v4164,Lote tecnologico 4164,"96,82",185,Software
Laptop v4165,Lote tecnologico 4165,"679,64",188,Servicios
Teclado v4166,Lote tecnologico 4166,"387,24",163,Licencias
Mouse v4167,Lote tecnologico 4167,"589,36",142,Hardware
RAM v4168,Lote tecnologico 4168,"1498,25",120,Hardware
Teclado v4169,Lote tecnologico 4169,"1174,05",159,Servicios
RAM v4170,Lote tecnologico 4170,"1399,49",186,Software
RAM v4171,Lote tecnologico 4171,"1013,12",129,Hardware
Teclado v4172,Lote tecnologico 4172,"910,87",49,Licencias
Laptop v4173,Lote tecnologico 4173,"975,15",36,Hardware
Mouse v4174,Lote tecnologico 4174,"1363,6",112,Licencias
Laptop v4175,Lote tecnologico 4175,"520,31",196,Hardware
RAM v4176,Lote tecnologico 4176,"625,28",96,Servicios
Teclado v4177,Lote tecnologico 4177,"1490,79",79,Licencias
Monitor v4178,Lote tecnologico 4178,"615,24",40,Hardware
RAM v4179,Lote tecnologico 4179,"390,14",145,Software
Mouse v4180,Lote tecnologico 4180,"375,14",151,Hardware
Laptop v4181,Lote tecnologico 4181,"401,78",100,Software
Mouse v4182,Lote tecnologico 4182,"763,61",135,Hardware
RAM v4183,Lote tecnologico 4183,"913,82",26,Hardware
Laptop v4184,Lote tecnologico 4184,"319,16",17,Licencias
Monitor v4185,Lote tecnologico 4185,"394,39",2,Hardware
Laptop v4186,Lote tecnologico 4186,"1424,87",13,Software
Teclado v4187,Lote tecnologico 4187,"865,75",178,Licencias
Laptop v4188,Lote tecnologico 4188,"658,16",30,Licencias
Teclado v4189,Lote tecnologico 4189,"640,02",151,Servicios
Teclado v4190,Lote tecnologico 4190,"1189,59",12,Software
RAM v4191,Lote tecnologico 4191,"138,16",75,Software
SSD v4192,Lote tecnologico 4192,"1032,44",10,Software
Teclado v4193,Lote tecnologico 4193,"905,85",61,Servicios
SSD v4194,Lote tecnologico 4194,"901,25",174,Software
Laptop v4195,Lote tecnologico 4195,"614,51",92,Servicios
SSD v4196,Lote tecnologico 4196,"730,83",60,Software
Monitor v4197,Lote tecnologico 4197,"1163,34",5,Servicios
Monitor v4198,Lote tecnologico 4198,"1250,67",100,Hardware
Monitor v4199,Lote tecnologico 4199,"221,24",163,Servicios
RAM v4200,Lote tecnologico 4200,"1181,48",65,Servicios
RAM v4201,Lote tecnologico 4201,"107,84",109,Servicios
Teclado v4202,Lote tecnologico 4202,"112,73",184,Software
Monitor v4203,Lote tecnologico 4203,"1048,07",136,Servicios
Mouse v4204,Lote tecnologico 4204,"1161,83",142,Licencias
RAM v4205,Lote tecnologico 4205,"1308,67",8,Licencias
SSD v4206,Lote tecnologico 4206,"898,32",66,Hardware
Mouse v4207,Lote tecnologico 4207,"158,68",195,Hardware
Teclado v4208,Lote tecnologico 4208,"1381,12",167,Software
SSD v4209,Lote tecnologico 4209,"760,14",105,Licencias
Monitor v4210,Lote tecnologico 4210,"424,59",152,Software
SSD v4211,Lote tecnologico 4211,"334,2",179,Servicios
Teclado v4212,Lote tecnologico 4212,"778,14",118,Software
SSD v4213,Lote tecnologico 4213,"903,97",39,Servicios
Mouse v4214,Lote tecnologico 4214,"593,23",137,Servicios
Monitor v4215,Lote tecnologico 4215,"222,97",113,Hardware
SSD v4216,Lote tecnologico 4216,"157,04",163,Servicios
Laptop v4217,Lote tecnologico 4217,"277,41",68,Software
Monitor v4218,Lote tecnologico 4218,530,160,Software
SSD v4219,Lote tecnologico 4219,"1274,72",17,Licencias
Laptop v4220,Lote tecnologico 4220,"130,33",86,Software
Teclado v4221,Lote tecnologico 4221,"1037,91",128,Licencias
SSD v4222,Lote tecnologico 4222,"736,46",185,Software
Monitor v4223,Lote tecnologico 4223,"638,52",152,Licencias
Laptop v4224,Lote tecnologico 4224,"1235,13",164,Licencias
RAM v4225,Lote tecnologico 4225,"1291,29",39,Hardware
Monitor v4226,Lote tecnologico 4226,"925,89",46,Hardware
Laptop v4227,Lote tecnologico 4227,"610,99",123,Servicios
Teclado v4228,Lote tecnologico 4228,"1035,07",24,Hardware
RAM v4229,Lote tecnologico 4229,"819,27",97,Servicios
SSD v4230,Lote tecnologico 4230,"561,29",113,Hardware
RAM v4231,Lote tecnologico 4231,"1008,13",146,Software
Monitor v4232,Lote tecnologico 4232,"983,86",46,Hardware
Monitor v4233,Lote tecnologico 4233,"1141,18",39,Servicios
Laptop v4234,Lote tecnologico 4234,"1039,24",163,Software
Laptop v4235,Lote tecnologico 4235,"611,9",60,Hardware
Mouse v4236,Lote tecnologico 4236,"515,35",49,Licencias
Teclado v4237,Lote tecnologico 4237,"455,8",90,Hardware
Mouse v4238,Lote tecnologico 4238,"434,21",157,Hardware
Mouse v4239,Lote tecnologico 4239,"294,89",75,Servicios
SSD v4240,Lote tecnologico 4240,"755,49",140,Licencias
Laptop v4241,Lote tecnologico 4241,"376,58",121,Servicios
Teclado v4242,Lote tecnologico 4242,"1313,29",2,Servicios
Mouse v4243,Lote tecnologico 4243,"606,93",132,Licencias
Monitor v4244,Lote tecnologico 4244,"842,16",39,Hardware
RAM v4245,Lote tecnologico 4245,"183,19",107,Licencias
Laptop v4246,Lote tecnologico 4246,"405,96",124,Hardware
RAM v4247,Lote tecnologico 4247,"833,7",8,Servicios
Teclado v4248,Lote tecnologico 4248,"913,52",26,Software
SSD v4249,Lote tecnologico 4249,"78,43",35,Licencias
SSD v4250,Lote tecnologico 4250,"717,84",48,Hardware
Laptop v4251,Lote tecnologico 4251,"119,22",126,Hardware
SSD v4252,Lote tecnologico 4252,"1220,94",197,Software
RAM v4253,Lote tecnologico 4253,"1305,61",137,Licencias
Mouse v4254,Lote tecnologico 4254,"791,51",127,Software
Laptop v4255,Lote tecnologico 4255,"796,76",117,Servicios
Laptop v4256,Lote tecnologico 4256,"342,45",182,Hardware
Mouse v4257,Lote tecnologico 4257,"1198,41",66,Software
Laptop v4258,Lote tecnologico 4258,"79,28",5,Hardware
Monitor v4259,Lote tecnologico 4259,"1366,16",173,Licencias
RAM v4260,Lote tecnologico 4260,"495,72",109,Hardware
Mouse v4261,Lote tecnologico 4261,"751,6",158,Servicios
Teclado v4262,Lote tecnologico 4262,"865,22",83,Hardware
Laptop v4263,Lote tecnologico 4263,"390,22",47,Software
Teclado v4264,Lote tecnologico 4264,"1443,53",58,Hardware
Teclado v4265,Lote tecnologico 4265,"1279,09",199,Licencias
RAM v4266,Lote tecnologico 4266,"1216,76",50,Hardware
Monitor v4267,Lote tecnologico 4267,"1458,02",30,Software
Teclado v4268,Lote tecnologico 4268,"952,08",11,Licencias
Teclado v4269,Lote tecnologico 4269,"984,98",102,Software
SSD v4270,Lote tecnologico 4270,"829,42",164,Hardware
RAM v4271,Lote tecnologico 4271,"1095,05",90,Servicios
RAM v4272,Lote tecnologico 4272,"543,94",62,Servicios
Teclado v4273,Lote tecnologico 4273,"1237,98",144,Hardware
Teclado v4274,Lote tecnologico 4274,"1338,27",7,Servicios
Teclado v4275,Lote tecnologico 4275,"270,95",82,Licencias
Teclado v4276,Lote tecnologico 4276,"1426,61",22,Hardware
RAM v4277,Lote tecnologico 4277,"512,96",187,Licencias
Monitor v4278,Lote tecnologico 4278,"526,89",43,Software
Laptop v4279,Lote tecnologico 4279,"204,95",111,Servicios
Laptop v4280,Lote tecnologico 4280,"1494,1",56,Licencias
RAM v4281,Lote tecnologico 4281,"991,74",189,Servicios
RAM v4282,Lote tecnologico 4282,"944,18",122,Software
Mouse v4283,Lote tecnologico 4283,"459,12",129,Software
Teclado v4284,Lote tecnologico 4284,"1196,62",4,Hardware
Laptop v4285,Lote tecnologico 4285,"1204,79",97,Licencias
SSD v4286,Lote tecnologico 4286,"1147,57",182,Hardware
Monitor v4287,Lote tecnologico 4287,"476,14",83,Software
Monitor v4288,Lote tecnologico 4288,"1274,19",31,Servicios
Mouse v4289,Lote tecnologico 4289,"65,24",149,Hardware
Mouse v4290,Lote tecnologico 4290,"725,86",195,Servicios
Monitor v4291,Lote tecnologico 4291,"1107,51",159,Licencias
Monitor v4292,Lote tecnologico 4292,"964,91",171,Hardware
SSD v4293,Lote tecnologico 4293,"1376,03",186,Servicios
Monitor v4294,Lote tecnologico 4294,"503,03",130,Licencias
Mouse v4295,Lote tecnologico 4295,"280,69",89,Hardware
SSD v4296,Lote tecnologico 4296,"1180,5",132,Licencias
Teclado v4297,Lote tecnologico 4297,"398,31",33,Servicios
Teclado v4298,Lote tecnologico 4298,"190,96",6,Licencias
RAM v4299,Lote tecnologico 4299,"140,49",31,Servicios
Monitor v4300,Lote tecnologico 4300,"517,32",127,Servicios
Monitor v4301,Lote tecnologico 4301,"1333,12",162,Servicios
Teclado v4302,Lote tecnologico 4302,"695,16",192,Software
RAM v4303,Lote tecnologico 4303,"142,17",184,Hardware
SSD v4304,Lote tecnologico 4304,"656,61",116,Software
Teclado v4305,Lote tecnologico 4305,"922,34",166,Licencias
SSD v4306,Lote tecnologico 4306,"227,62",107,Software
Monitor v4307,Lote tecnologico 4307,"809,17",70,Hardware
Laptop v4308,Lote tecnologico 4308,"900,99",9,Licencias
Mouse v4309,Lote tecnologico 4309,"1181,86",154,Software
Laptop v4310,Lote tecnologico 4310,"455,46",191,Servicios
SSD v4311,Lote tecnologico 4311,"564,36",140,Software
Laptop v4312,Lote tecnologico 4312,"1181,47",16,Hardware
Laptop v4313,Lote tecnologico 4313,"1399,83",96,Licencias
Teclado v4314,Lote tecnologico 4314,"859,5",124,Servicios
Laptop v4315,Lote tecnologico 4315,"63,38",5,Licencias
SSD v4316,Lote tecnologico 4316,"770,82",81,Software
Monitor v4317,Lote tecnologico 4317,"250,24",70,Software
SSD v4318,Lote tecnologico 4318,"654,5",40,Hardware
Mouse v4319,Lote tecnologico 4319,"254,91",81,Hardware
SSD v4320,Lote tecnologico 4320,"68,44",82,Software
Mouse v4321,Lote tecnologico 4321,"137,89",96,Software
Teclado v4322,Lote tecnologico 4322,"480,47",118,Software
Monitor v4323,Lote tecnologico 4323,"557,69",55,Servicios
SSD v4324,Lote tecnologico 4324,"212,37",53,Licencias
Teclado v4325,Lote tecnologico 4325,"324,41",23,Hardware
RAM v4326,Lote tecnologico 4326,"57,68",54,Servicios
RAM v4327,Lote tecnologico 4327,"805,59",119,Servicios
Laptop v4328,Lote tecnologico 4328,"1427,43",105,Servicios
SSD v4329,Lote tecnologico 4329,"766,61",198,Servicios
Laptop v4330,Lote tecnologico 4330,"321,36",108,Software
SSD v4331,Lote tecnologico 4331,"1496,47",34,Licencias
SSD v4332,Lote tecnologico 4332,"973,98",96,Servicios
RAM v4333,Lote tecnologico 4333,"1373,6",137,Licencias
RAM v4334,Lote tecnologico 4334,"1314,35",197,Servicios
Monitor v4335,Lote tecnologico 4335,"132,88",198,Servicios
Mouse v4336,Lote tecnologico 4336,"713,96",106,Licencias
Mouse v4337,Lote tecnologico 4337,"589,02",150,Hardware
Monitor v4338,Lote tecnologico 4338,"470,49",40,Licencias
Teclado v4339,Lote tecnologico 4339,"1154,32",74,Hardware
Teclado v4340,Lote tecnologico 4340,"1150,32",33,Servicios
Monitor v4341,Lote tecnologico 4341,"795,12",47,Licencias
Monitor v4342,Lote tecnologico 4342,"434,91",49,Software
RAM v4343,Lote tecnologico 4343,"1329,04",49,Servicios
SSD v4344,Lote tecnologico 4344,"1063,14",1,Software
Laptop v4345,Lote tecnologico 4345,"176,02",8,Licencias
RAM v4346,Lote tecnologico 4346,"302,93",101,Hardware
Mouse v4347,Lote tecnologico 4347,"991,96",94,Software
Laptop v4348,Lote tecnologico 4348,"1188,94",20,Licencias
Laptop v4349,Lote tecnologico 4349,"584,42",166,Servicios
Laptop v4350,Lote tecnologico 4350,"1344,63",6,Hardware
RAM v4351,Lote tecnologico 4351,"806,49",16,Licencias
Laptop v4352,Lote tecnologico 4352,"642,39",150,Software
SSD v4353,Lote tecnologico 4353,"289,88",184,Hardware
Mouse v4354,Lote tecnologico 4354,"205,66",111,Software
RAM v4355,Lote tecnologico 4355,"751,98",195,Licencias
RAM v4356,Lote tecnologico 4356,"776,73",133,Hardware
Monitor v4357,Lote tecnologico 4357,"114,55",70,Servicios
RAM v4358,Lote tecnologico 4358,"83,21",74,Software
RAM v4359,Lote tecnologico 4359,"706,32",163,Hardware
Laptop v4360,Lote tecnologico 4360,"155,55",93,Servicios
Teclado v4361,Lote tecnologico 4361,"868,15",76,Licencias
Laptop v4362,Lote tecnologico 4362,"668,35",113,Licencias
Monitor v4363,Lote tecnologico 4363,"311,64",77,Hardware
SSD v4364,Lote tecnologico 4364,"1201,35",114,Software
Mouse v4365,Lote tecnologico 4365,"767,69",1,Hardware
Laptop v4366,Lote tecnologico 4366,"823,68",22,Software
Teclado v4367,Lote tecnologico 4367,"705,8",49,Software
Teclado v4368,Lote tecnologico 4368,"525,59",153,Servicios
Teclado v4369,Lote tecnologico 4369,"1025,94",155,Hardware
Mouse v4370,Lote tecnologico 4370,"1357,69",111,Software
RAM v4371,Lote tecnologico 4371,"324,26",33,Hardware
Teclado v4372,Lote tecnologico 4372,"260,68",58,Software
Teclado v4373,Lote tecnologico 4373,"1141,11",11,Hardware
Teclado v4374,Lote tecnologico 4374,"1127,48",36,Servicios
Teclado v4375,Lote tecnologico 4375,"923,34",40,Software
RAM v4376,Lote tecnologico 4376,"906,85",165,Hardware
RAM v4377,Lote tecnologico 4377,"98,85",154,Servicios
RAM v4378,Lote tecnologico 4378,"306,2",122,Software
Monitor v4379,Lote tecnologico 4379,"729,34",62,Servicios
Laptop v4380,Lote tecnologico 4380,"231,68",68,Hardware
Mouse v4381,Lote tecnologico 4381,"640,06",50,Hardware
Monitor v4382,Lote tecnologico 4382,"1048,39",111,Servicios
Monitor v4383,Lote tecnologico 4383,"1427,88",194,Licencias
Laptop v4384,Lote tecnologico 4384,"336,71",64,Servicios
RAM v4385,Lote tecnologico 4385,"380,23",73,Servicios
RAM v4386,Lote tecnologico 4386,"1111,3",35,Servicios
Teclado v4387,Lote tecnologico 4387,"218,88",162,Servicios
SSD v4388,Lote tecnologico 4388,"1143,7",153,Software
Teclado v4389,Lote tecnologico 4389,"581,36",109,Licencias
Mouse v4390,Lote tecnologico 4390,"574,51",24,Servicios
SSD v4391,Lote tecnologico 4391,"1187,56",26,Software
Mouse v4392,Lote tecnologico 4392,"1488,89",103,Software
Mouse v4393,Lote tecnologico 4393,"154,48",1,Servicios
Laptop v4394,Lote tecnologico 4394,"338,18",94,Hardware
RAM v4395,Lote tecnologico 4395,"746,58",7,Licencias
Laptop v4396,Lote tecnologico 4396,"868,13",72,Servicios
RAM v4397,Lote tecnologico 4397,"1220,72",54,Licencias
Monitor v4398,Lote tecnologico 4398,"1169,99",123,Servicios
Teclado v4399,Lote tecnologico 4399,"735,73",24,Licencias
RAM v4400,Lote tecnologico 4400,"978,47",52,Servicios
RAM v4401,Lote tecnologico 4401,"1430,75",0,Servicios
Laptop v4402,Lote tecnologico 4402,"362,99",132,Hardware
Monitor v4403,Lote tecnologico 4403,"634,07",128,Hardware
Mouse v4404,Lote tecnologico 4404,"265,74",167,Hardware
Teclado v4405,Lote tecnologico 4405,"1494,46",173,Software
SSD v4406,Lote tecnologico 4406,"1312,45",18,Licencias
Teclado v4407,Lote tecnologico 4407,"90,96",98,Servicios
SSD v4408,Lote tecnologico 4408,"1283,86",103,Licencias
SSD v4409,Lote tecnologico 4409,"1227,54",152,Licencias
Monitor v4410,Lote tecnologico 4410,"463,29",57,Licencias
Mouse v4411,Lote tecnologico 4411,"1112,7",6,Software
Laptop v4412,Lote tecnologico 4412,"383,4",62,Software
Teclado v4413,Lote tecnologico 4413,"228,76",88,Hardware
SSD v4414,Lote tecnologico 4414,"1396,84",161,Hardware
RAM v4415,Lote tecnologico 4415,"1403,18",5,Servicios
Monitor v4416,Lote tecnologico 4416,"1217,8",147,Servicios
RAM v4417,Lote tecnologico 4417,"224,39",144,Software
Monitor v4418,Lote tecnologico 4418,"348,3",179,Servicios
Monitor v4419,Lote tecnologico 4419,"1186,39",49,Software
Laptop v4420,Lote tecnologico 4420,"560,75",148,Software
Teclado v4421,Lote tecnologico 4421,"175,38",13,Licencias
RAM v4422,Lote tecnologico 4422,"852,23",66,Licencias
Mouse v4423,Lote tecnologico 4423,"516,28",45,Servicios
SSD v4424,Lote tecnologico 4424,"838,89",28,Servicios
Monitor v4425,Lote tecnologico 4425,"1204,65",103,Licencias
Teclado v4426,Lote tecnologico 4426,"666,77",43,Hardware
Teclado v4427,Lote tecnologico 4427,"1413,23",44,Hardware
Mouse v4428,Lote tecnologico 4428,"804,69",89,Licencias
Mouse v4429,Lote tecnologico 4429,"1279,59",108,Licencias
Monitor v4430,Lote tecnologico 4430,"602,39",86,Licencias
Laptop v4431,Lote tecnologico 4431,"247,9",35,Hardware
RAM v4432,Lote tecnologico 4432,"51,72",77,Licencias
SSD v4433,Lote tecnologico 4433,"206,26",56,Hardware
Teclado v4434,Lote tecnologico 4434,"1362,73",112,Hardware
RAM v4435,Lote tecnologico 4435,"551,48",28,Licencias
Mouse v4436,Lote tecnologico 4436,"520,68",182,Servicios
SSD v4437,Lote tecnologico 4437,"1373,26",64,Servicios
Mouse v4438,Lote tecnologico 4438,"1279,4",22,Software
Monitor v4439,Lote tecnologico 4439,"1158,67",30,Hardware
Monitor v4440,Lote tecnologico 4440,"1060,29",78,Hardware
SSD v4441,Lote tecnologico 4441,"655,09",36,Servicios
SSD v4442,Lote tecnologico 4442,"527,43",168,Software
Monitor v4443,Lote tecnologico 4443,"680,06",48,Servicios
SSD v4444,Lote tecnologico 4444,"587,81",16,Licencias
RAM v4445,Lote tecnologico 4445,"655,59",136,Servicios
Teclado v4446,Lote tecnologico 4446,"747,17",125,Servicios
RAM v4447,Lote tecnologico 4447,"339,39",118,Software
Teclado v4448,Lote tecnologico 4448,"548,58",131,Software
Monitor v4449,Lote tecnologico 4449,"750,64",56,Servicios
Laptop v4450,Lote tecnologico 4450,"835,43",164,Licencias
Laptop v4451,Lote tecnologico 4451,"1246,4",30,Software
Teclado v4452,Lote tecnologico 4452,"1378,87",67,Hardware
Monitor v4453,Lote tecnologico 4453,"360,22",61,Hardware
Teclado v4454,Lote tecnologico 4454,"597,3",140,Servicios
Laptop v4455,Lote tecnologico 4455,"1286,51",85,Hardware
RAM v4456,Lote tecnologico 4456,"417,44",117,Hardware
RAM v4457,Lote tecnologico 4457,"810,82",7,Licencias
Mouse v4458,Lote tecnologico 4458,"1279,88",151,Hardware
Laptop v4459,Lote tecnologico 4459,1405,171,Hardware
Laptop v4460,Lote tecnologico 4460,"1012,74",7,Servicios
Laptop v4461,Lote tecnologico 4461,"817,86",136,Servicios
RAM v4462,Lote tecnologico 4462,"913,22",146,Hardware
SSD v4463,Lote tecnologico 4463,"318,03",191,Software
Teclado v4464,Lote tecnologico 4464,"623,48",98,Licencias
Monitor v4465,Lote tecnologico 4465,"335,37",104,Servicios
Teclado v4466,Lote tecnologico 4466,"454,62",195,Licencias
Teclado v4467,Lote tecnologico 4467,"730,44",29,Servicios
Mouse v4468,Lote tecnologico 4468,"716,56",148,Hardware
SSD v4469,Lote tecnologico 4469,"805,31",10,Hardware
Mouse v4470,Lote tecnologico 4470,"658,08",93,Software
Laptop v4471,Lote tecnologico 4471,"395,63",99,Software
Monitor v4472,Lote tecnologico 4472,"302,8",29,Software
RAM v4473,Lote tecnologico 4473,"669,76",29,Servicios
Laptop v4474,Lote tecnologico 4474,"206,04",58,Licencias
Mouse v4475,Lote tecnologico 4475,"1468,19",123,Hardware
SSD v4476,Lote tecnologico 4476,"728,35",29,Software
SSD v4477,Lote tecnologico 4477,"1393,45",174,Hardware
Mouse v4478,Lote tecnologico 4478,"1341,03",93,Hardware
Laptop v4479,Lote tecnologico 4479,"1417,45",117,Servicios
SSD v4480,Lote tecnologico 4480,"501,36",166,Licencias
RAM v4481,Lote tecnologico 4481,"1034,3",190,Licencias
SSD v4482,Lote tecnologico 4482,"635,7",32,Hardware
Teclado v4483,Lote tecnologico 4483,"542,26",70,Software
Teclado v4484,Lote tecnologico 4484,"725,79",52,Software
Mouse v4485,Lote tecnologico 4485,"392,34",77,Software
Teclado v4486,Lote tecnologico 4486,"1153,33",180,Servicios
RAM v4487,Lote tecnologico 4487,"366,42",160,Software
Laptop v4488,Lote tecnologico 4488,"511,72",11,Software
SSD v4489,Lote tecnologico 4489,"297,36",55,Licencias
SSD v4490,Lote tecnologico 4490,"1474,5",162,Software
Laptop v4491,Lote tecnologico 4491,"546,94",76,Hardware
SSD v4492,Lote tecnologico 4492,"1031,55",36,Hardware
Mouse v4493,Lote tecnologico 4493,"919,13",87,Servicios
Laptop v4494,Lote tecnologico 4494,"586,96",20,Software
SSD v4495,Lote tecnologico 4495,"829,18",59,Licencias
Laptop v4496,Lote tecnologico 4496,"1496,15",193,Hardware
RAM v4497,Lote tecnologico 4497,"1154,81",118,Hardware
Mouse v4498,Lote tecnologico 4498,"331,68",86,Hardware
Mouse v4499,Lote tecnologico 4499,"305,57",91,Servicios
RAM v4500,Lote tecnologico 4500,"929,7",70,Software
Teclado v4501,Lote tecnologico 4501,"1088,79",57,Licencias
Monitor v4502,Lote tecnologico 4502,"849,61",136,Licencias
RAM v4503,Lote tecnologico 4503,"966,82",131,Licencias
Mouse v4504,Lote tecnologico 4504,"933,92",178,Servicios
Monitor v4505,Lote tecnologico 4505,"646,88",134,Hardware
Laptop v4506,Lote tecnologico 4506,"1240,41",82,Licencias
Teclado v4507,Lote tecnologico 4507,"1250,89",29,Hardware
Mouse v4508,Lote tecnologico 4508,"572,75",42,Hardware
SSD v4509,Lote tecnologico 4509,"1104,62",39,Software
Mouse v4510,Lote tecnologico 4510,"1266,25",52,Software
RAM v4511,Lote tecnologico 4511,"1247,33",4,Licencias
Monitor v4512,Lote tecnologico 4512,"189,43",103,Licencias
RAM v4513,Lote tecnologico 4513,"999,3",56,Servicios
Monitor v4514,Lote tecnologico 4514,"810,09",49,Servicios
RAM v4515,Lote tecnologico 4515,"1271,36",85,Licencias
RAM v4516,Lote tecnologico 4516,"1370,33",107,Servicios
Mouse v4517,Lote tecnologico 4517,"623,53",135,Licencias
Mouse v4518,Lote tecnologico 4518,"869,13",86,Licencias
SSD v4519,Lote tecnologico 4519,"1325,05",164,Software
RAM v4520,Lote tecnologico 4520,"880,83",64,Servicios
Monitor v4521,Lote tecnologico 4521,"1176,97",111,Servicios
Monitor v4522,Lote tecnologico 4522,"1395,62",37,Licencias
SSD v4523,Lote tecnologico 4523,"796,36",181,Servicios
Laptop v4524,Lote tecnologico 4524,"515,98",192,Hardware
Teclado v4525,Lote tecnologico 4525,"887,01",179,Software
Teclado v4526,Lote tecnologico 4526,"775,09",141,Hardware
Laptop v4527,Lote tecnologico 4527,"777,63",2,Servicios
Monitor v4528,Lote tecnologico 4528,"899,46",79,Servicios
Mouse v4529,Lote tecnologico 4529,"191,02",163,Software
RAM v4530,Lote tecnologico 4530,"220,2",170,Hardware
Teclado v4531,Lote tecnologico 4531,"811,61",29,Licencias
Laptop v4532,Lote tecnologico 4532,"1449,3",40,Hardware
Laptop v4533,Lote tecnologico 4533,"579,64",90,Hardware
SSD v4534,Lote tecnologico 4534,"268,06",77,Software
Laptop v4535,Lote tecnologico 4535,"962,51",95,Software
Teclado v4536,Lote tecnologico 4536,"990,2",112,Hardware
Monitor v4537,Lote tecnologico 4537,"799,96",59,Servicios
Laptop v4538,Lote tecnologico 4538,"1227,88",158,Servicios
Mouse v4539,Lote tecnologico 4539,"1436,37",81,Servicios
Monitor v4540,Lote tecnologico 4540,"84,11",130,Software
SSD v4541,Lote tecnologico 4541,"1206,1",42,Servicios
Laptop v4542,Lote tecnologico 4542,"650,04",54,Software
Laptop v4543,Lote tecnologico 4543,"770,57",81,Licencias
Laptop v4544,Lote tecnologico 4544,"1474,99",80,Servicios
Mouse v4545,Lote tecnologico 4545,"174,57",178,Licencias
SSD v4546,Lote tecnologico 4546,"453,42",158,Servicios
Mouse v4547,Lote tecnologico 4547,"214,33",105,Servicios
Teclado v4548,Lote tecnologico 4548,"382,49",22,Servicios
Mouse v4549,Lote tecnologico 4549,"1428,83",173,Servicios
Teclado v4550,Lote tecnologico 4550,"1258,03",82,Hardware
Laptop v4551,Lote tecnologico 4551,"318,21",76,Licencias
Laptop v4552,Lote tecnologico 4552,"504,06",94,Licencias
Laptop v4553,Lote tecnologico 4553,"774,23",172,Servicios
Laptop v4554,Lote tecnologico 4554,"904,94",192,Hardware
RAM v4555,Lote tecnologico 4555,"1214,87",147,Servicios
Mouse v4556,Lote tecnologico 4556,"771,31",185,Servicios
Mouse v4557,Lote tecnologico 4557,"1116,24",45,Licencias
Teclado v4558,Lote tecnologico 4558,"706,92",125,Licencias
Mouse v4559,Lote tecnologico 4559,"895,83",128,Licencias
Teclado v4560,Lote tecnologico 4560,"83,39",198,Licencias
RAM v4561,Lote tecnologico 4561,"81,98",140,Licencias
RAM v4562,Lote tecnologico 4562,"638,22",174,Hardware
SSD v4563,Lote tecnologico 4563,"1167,14",96,Software
Monitor v4564,Lote tecnologico 4564,"1133,3",65,Hardware
RAM v4565,Lote tecnologico 4565,"744,31",134,Software
SSD v4566,Lote tecnologico 4566,"920,88",107,Software
Monitor v4567,Lote tecnologico 4567,"733,89",139,Software
SSD v4568,Lote tecnologico 4568,"1346,27",175,Licencias
RAM v4569,Lote tecnologico 4569,"1375,86",55,Servicios
Teclado v4570,Lote tecnologico 4570,"1363,92",88,Servicios
Teclado v4571,Lote tecnologico 4571,"1305,73",17,Software
Monitor v4572,Lote tecnologico 4572,"973,34",141,Servicios
Laptop v4573,Lote tecnologico 4573,"1057,78",173,Servicios
SSD v4574,Lote tecnologico 4574,"522,05",42,Servicios
Mouse v4575,Lote tecnologico 4575,"1350,08",63,Servicios
RAM v4576,Lote tecnologico 4576,"1316,41",126,Servicios
Teclado v4577,Lote tecnologico 4577,"1230,62",79,Servicios
Monitor v4578,Lote tecnologico 4578,"1295,54",48,Servicios
Teclado v4579,Lote tecnologico 4579,"950,76",13,Servicios
RAM v4580,Lote tecnologico 4580,"849,18",11,Hardware
RAM v4581,Lote tecnologico 4581,"806,2",66,Hardware
Teclado v4582,Lote tecnologico 4582,"670,01",29,Software
Laptop v4583,Lote tecnologico 4583,"176,5",131,Licencias
Monitor v4584,Lote tecnologico 4584,"664,29",23,Licencias
Mouse v4585,Lote tecnologico 4585,"150,39",65,Licencias
Teclado v4586,Lote tecnologico 4586,"890,7",30,Licencias
Mouse v4587,Lote tecnologico 4587,"889,61",44,Hardware
Mouse v4588,Lote tecnologico 4588,"400,69",170,Software
Laptop v4589,Lote tecnologico 4589,"644,13",95,Servicios
RAM v4590,Lote tecnologico 4590,"729,61",183,Licencias
Mouse v4591,Lote tecnologico 4591,"1334,72",45,Software
RAM v4592,Lote tecnologico 4592,"469,95",42,Software
RAM v4593,Lote tecnologico 4593,"648,5",107,Licencias
Mouse v4594,Lote tecnologico 4594,"1343,42",1,Licencias
Laptop v4595,Lote tecnologico 4595,"684,63",128,Licencias
Teclado v4596,Lote tecnologico 4596,"1416,65",151,Hardware
Monitor v4597,Lote tecnologico 4597,"1320,27",154,Licencias
RAM v4598,Lote tecnologico 4598,"320,15",112,Software
Mouse v4599,Lote tecnologico 4599,"493,49",13,Software
Mouse v4600,Lote tecnologico 4600,"402,63",13,Software
Monitor v4601,Lote tecnologico 4601,"174,56",61,Servicios
Laptop v4602,Lote tecnologico 4602,"1299,93",84,Software
SSD v4603,Lote tecnologico 4603,"879,08",16,Software
SSD v4604,Lote tecnologico 4604,"120,83",2,Software
Teclado v4605,Lote tecnologico 4605,"1279,68",169,Licencias
SSD v4606,Lote tecnologico 4606,"453,91",92,Software
SSD v4607,Lote tecnologico 4607,"74,04",90,Software
SSD v4608,Lote tecnologico 4608,"909,62",37,Hardware
Laptop v4609,Lote tecnologico 4609,"306,04",56,Hardware
SSD v4610,Lote tecnologico 4610,"1303,22",150,Servicios
Monitor v4611,Lote tecnologico 4611,"673,07",167,Hardware
Mouse v4612,Lote tecnologico 4612,"938,71",151,Licencias
RAM v4613,Lote tecnologico 4613,"1423,79",187,Hardware
SSD v4614,Lote tecnologico 4614,"523,45",34,Servicios
RAM v4615,Lote tecnologico 4615,"70,28",178,Licencias
Mouse v4616,Lote tecnologico 4616,"108,88",108,Licencias
Teclado v4617,Lote tecnologico 4617,"1221,23",180,Software
RAM v4618,Lote tecnologico 4618,"1382,46",195,Licencias
Monitor v4619,Lote tecnologico 4619,"906,14",81,Servicios
Mouse v4620,Lote tecnologico 4620,"843,56",162,Servicios
SSD v4621,Lote tecnologico 4621,"1110,04",16,Servicios
SSD v4622,Lote tecnologico 4622,"1126,1",49,Software
SSD v4623,Lote tecnologico 4623,"712,02",120,Servicios
Monitor v4624,Lote tecnologico 4624,"1375,41",181,Hardware
Laptop v4625,Lote tecnologico 4625,"1049,63",34,Hardware
Monitor v4626,Lote tecnologico 4626,"1459,58",75,Software
Monitor v4627,Lote tecnologico 4627,"770,02",38,Servicios
Mouse v4628,Lote tecnologico 4628,"781,62",171,Software
Monitor v4629,Lote tecnologico 4629,"354,76",119,Licencias
SSD v4630,Lote tecnologico 4630,"665,78",81,Servicios
Monitor v4631,Lote tecnologico 4631,"119,23",57,Servicios
SSD v4632,Lote tecnologico 4632,"270,45",151,Hardware
Laptop v4633,Lote tecnologico 4633,"1081,16",101,Licencias
RAM v4634,Lote tecnologico 4634,"806,34",114,Licencias
RAM v4635,Lote tecnologico 4635,"1077,4",61,Servicios
Mouse v4636,Lote tecnologico 4636,"1292,09",73,Software
Teclado v4637,Lote tecnologico 4637,"722,05",85,Servicios
Teclado v4638,Lote tecnologico 4638,"1487,26",136,Hardware
Laptop v4639,Lote tecnologico 4639,"96,04",74,Software
Monitor v4640,Lote tecnologico 4640,"1462,33",142,Software
Monitor v4641,Lote tecnologico 4641,"930,52",196,Licencias
Teclado v4642,Lote tecnologico 4642,"200,32",57,Servicios
Laptop v4643,Lote tecnologico 4643,"386,05",160,Hardware
SSD v4644,Lote tecnologico 4644,"476,89",129,Hardware
Laptop v4645,Lote tecnologico 4645,"261,36",122,Licencias
Monitor v4646,Lote tecnologico 4646,"1037,35",11,Hardware
SSD v4647,Lote tecnologico 4647,"887,1",23,Licencias
Monitor v4648,Lote tecnologico 4648,"1020,03",44,Servicios
Monitor v4649,Lote tecnologico 4649,"412,96",142,Hardware
SSD v4650,Lote tecnologico 4650,"246,09",188,Software
RAM v4651,Lote tecnologico 4651,"85,54",2,Licencias
Mouse v4652,Lote tecnologico 4652,"1035,58",74,Servicios
Mouse v4653,Lote tecnologico 4653,"1108,98",170,Hardware
Teclado v4654,Lote tecnologico 4654,"1002,02",142,Licencias
Teclado v4655,Lote tecnologico 4655,"822,86",144,Licencias
SSD v4656,Lote tecnologico 4656,"345,96",72,Servicios
SSD v4657,Lote tecnologico 4657,"1470,81",150,Hardware
Laptop v4658,Lote tecnologico 4658,"948,22",137,Hardware
Laptop v4659,Lote tecnologico 4659,"645,1",53,Hardware
Laptop v4660,Lote tecnologico 4660,"666,22",171,Servicios
RAM v4661,Lote tecnologico 4661,"1040,04",24,Servicios
Laptop v4662,Lote tecnologico 4662,"526,63",125,Hardware
RAM v4663,Lote tecnologico 4663,"865,5",131,Servicios
Teclado v4664,Lote tecnologico 4664,"63,88",45,Hardware
Monitor v4665,Lote tecnologico 4665,"1104,39",9,Hardware
Mouse v4666,Lote tecnologico 4666,"336,03",19,Hardware
RAM v4667,Lote tecnologico 4667,"1005,58",37,Licencias
Monitor v4668,Lote tecnologico 4668,"579,45",13,Licencias
Monitor v4669,Lote tecnologico 4669,"533,64",144,Servicios
Teclado v4670,Lote tecnologico 4670,"765,39",70,Licencias
Mouse v4671,Lote tecnologico 4671,"1147,24",57,Licencias
RAM v4672,Lote tecnologico 4672,"354,27",143,Licencias
Teclado v4673,Lote tecnologico 4673,"144,54",136,Servicios
Laptop v4674,Lote tecnologico 4674,"446,54",107,Software
Teclado v4675,Lote tecnologico 4675,"774,56",52,Licencias
RAM v4676,Lote tecnologico 4676,"680,76",170,Licencias
Teclado v4677,Lote tecnologico 4677,"497,46",84,Software
Monitor v4678,Lote tecnologico 4678,"334,68",149,Licencias
Monitor v4679,Lote tecnologico 4679,"708,08",104,Licencias
Mouse v4680,Lote tecnologico 4680,"154,74",175,Hardware
Laptop v4681,Lote tecnologico 4681,"979,33",183,Servicios
Mouse v4682,Lote tecnologico 4682,"432,72",81,Licencias
Monitor v4683,Lote tecnologico 4683,"474,64",117,Licencias
Laptop v4684,Lote tecnologico 4684,"400,25",164,Software
Monitor v4685,Lote tecnologico 4685,"691,39",148,Software
Monitor v4686,Lote tecnologico 4686,"312,65",95,Licencias
Monitor v4687,Lote tecnologico 4687,"972,5",179,Software
Monitor v4688,Lote tecnologico 4688,"895,58",32,Servicios
Laptop v4689,Lote tecnologico 4689,"1494,11",128,Licencias
Teclado v4690,Lote tecnologico 4690,"724,37",86,Servicios
Monitor v4691,Lote tecnologico 4691,"86,84",3,Hardware
RAM v4692,Lote tecnologico 4692,"337,48",35,Servicios
Mouse v4693,Lote tecnologico 4693,"676,38",181,Servicios
Laptop v4694,Lote tecnologico 4694,1403,102,Software
Monitor v4695,Lote tecnologico 4695,"108,7",53,Servicios
SSD v4696,Lote tecnologico 4696,"1262,25",98,Hardware
Mouse v4697,Lote tecnologico 4697,"732,42",35,Software
Monitor v4698,Lote tecnologico 4698,"772,67",47,Software
Teclado v4699,Lote tecnologico 4699,"1188,66",72,Hardware
Monitor v4700,Lote tecnologico 4700,"1311,39",38,Hardware
Laptop v4701,Lote tecnologico 4701,"371,7",83,Hardware
SSD v4702,Lote tecnologico 4702,"675,04",3,Servicios
Laptop v4703,Lote tecnologico 4703,"711,39",66,Software
Teclado v4704,Lote tecnologico 4704,"1467,27",121,Software
Mouse v4705,Lote tecnologico 4705,"918,09",89,Licencias
Laptop v4706,Lote tecnologico 4706,"820,4",85,Software
Laptop v4707,Lote tecnologico 4707,"306,52",74,Software
Laptop v4708,Lote tecnologico 4708,"142,36",45,Servicios
Laptop v4709,Lote tecnologico 4709,"1035,1",61,Servicios
Laptop v4710,Lote tecnologico 4710,"1247,81",72,Servicios
Monitor v4711,Lote tecnologico 4711,"627,5",33,Software
Teclado v4712,Lote tecnologico 4712,"803,25",76,Servicios
Mouse v4713,Lote tecnologico 4713,"1185,77",32,Licencias
SSD v4714,Lote tecnologico 4714,"487,67",164,Hardware
RAM v4715,Lote tecnologico 4715,"1128,08",31,Licencias
SSD v4716,Lote tecnologico 4716,"942,5",114,Licencias
Laptop v4717,Lote tecnologico 4717,"1459,75",131,Licencias
Teclado v4718,Lote tecnologico 4718,"353,04",108,Servicios
Mouse v4719,Lote tecnologico 4719,"1228,89",151,Software
Monitor v4720,Lote tecnologico 4720,"1453,76",49,Software
Teclado v4721,Lote tecnologico 4721,"1426,79",152,Licencias
Monitor v4722,Lote tecnologico 4722,"577,29",98,Hardware
Mouse v4723,Lote tecnologico 4723,"1377,47",147,Software
Monitor v4724,Lote tecnologico 4724,"470,51",116,Hardware
SSD v4725,Lote tecnologico 4725,"619,43",172,Hardware
Monitor v4726,Lote tecnologico 4726,"1396,23",59,Software
SSD v4727,Lote tecnologico 4727,"1084,71",188,Licencias
RAM v4728,Lote tecnologico 4728,"197,2",149,Software
Monitor v4729,Lote tecnologico 4729,"1397,39",153,Hardware
RAM v4730,Lote tecnologico 4730,"1333,62",58,Licencias
Monitor v4731,Lote tecnologico 4731,"1099,75",89,Licencias
Monitor v4732,Lote tecnologico 4732,"1279,36",84,Licencias
Monitor v4733,Lote tecnologico 4733,"1019,63",109,Software
SSD v4734,Lote tecnologico 4734,"1234,47",75,Servicios
SSD v4735,Lote tecnologico 4735,"1417,9",34,Software
Laptop v4736,Lote tecnologico 4736,"130,78",101,Hardware
RAM v4737,Lote tecnologico 4737,"1203,83",56,Licencias
SSD v4738,Lote tecnologico 4738,"395,75",102,Licencias
Monitor v4739,Lote tecnologico 4739,"661,55",184,Licencias
SSD v4740,Lote tecnologico 4740,"435,13",151,Software
Laptop v4741,Lote tecnologico 4741,"59,5",116,Licencias
Laptop v4742,Lote tecnologico 4742,"697,69",141,Licencias
Monitor v4743,Lote tecnologico 4743,"529,34",85,Servicios
Mouse v4744,Lote tecnologico 4744,"753,29",133,Hardware
Mouse v4745,Lote tecnologico 4745,"1487,88",15,Servicios
SSD v4746,Lote tecnologico 4746,"533,48",112,Servicios
Mouse v4747,Lote tecnologico 4747,"171,53",155,Licencias
SSD v4748,Lote tecnologico 4748,"171,59",43,Licencias
SSD v4749,Lote tecnologico 4749,"1278,05",116,Licencias
Laptop v4750,Lote tecnologico 4750,"413,41",61,Servicios
SSD v4751,Lote tecnologico 4751,"1022,04",154,Hardware
Monitor v4752,Lote tecnologico 4752,"61,85",21,Licencias
Teclado v4753,Lote tecnologico 4753,"1183,61",55,Servicios
SSD v4754,Lote tecnologico 4754,"207,45",196,Licencias
RAM v4755,Lote tecnologico 4755,"357,33",96,Hardware
Monitor v4756,Lote tecnologico 4756,"358,66",94,Licencias
Laptop v4757,Lote tecnologico 4757,"246,87",198,Software
Mouse v4758,Lote tecnologico 4758,"1252,64",155,Servicios
SSD v4759,Lote tecnologico 4759,"144,25",53,Software
RAM v4760,Lote tecnologico 4760,"1428,16",14,Hardware
RAM v4761,Lote tecnologico 4761,"160,22",137,Servicios
Teclado v4762,Lote tecnologico 4762,"186,75",41,Hardware
Teclado v4763,Lote tecnologico 4763,"278,02",97,Hardware
Laptop v4764,Lote tecnologico 4764,"388,97",146,Servicios
Mouse v4765,Lote tecnologico 4765,"537,71",42,Servicios
RAM v4766,Lote tecnologico 4766,"138,52",137,Software
RAM v4767,Lote tecnologico 4767,"1228,9",92,Hardware
Laptop v4768,Lote tecnologico 4768,"320,6",28,Licencias
RAM v4769,Lote tecnologico 4769,"912,12",87,Software
Monitor v4770,Lote tecnologico 4770,"1366,28",125,Licencias
Teclado v4771,Lote tecnologico 4771,"1292,82",74,Software
Teclado v4772,Lote tecnologico 4772,"796,03",61,Hardware
Laptop v4773,Lote tecnologico 4773,"571,49",83,Servicios
SSD v4774,Lote tecnologico 4774,"658,51",135,Servicios
Mouse v4775,Lote tecnologico 4775,"675,13",38,Servicios
Teclado v4776,Lote tecnologico 4776,"485,05",180,Software
Mouse v4777,Lote tecnologico 4777,"1229,45",149,Software
RAM v4778,Lote tecnologico 4778,"57,4",91,Licencias
RAM v4779,Lote tecnologico 4779,"564,72",144,Licencias
Monitor v4780,Lote tecnologico 4780,"1103,97",1,Licencias
Teclado v4781,Lote tecnologico 4781,"239,56",117,Licencias
SSD v4782,Lote tecnologico 4782,"122,39",17,Hardware
RAM v4783,Lote tecnologico 4783,"984,6",43,Licencias
RAM v4784,Lote tecnologico 4784,"957,03",151,Licencias
RAM v4785,Lote tecnologico 4785,"716,5",86,Software
SSD v4786,Lote tecnologico 4786,"531,36",194,Servicios
Mouse v4787,Lote tecnologico 4787,"1383,76",43,Hardware
Monitor v4788,Lote tecnologico 4788,"679,03",4,Licencias
Monitor v4789,Lote tecnologico 4789,"1299,12",139,Hardware
Monitor v4790,Lote tecnologico 4790,"316,32",77,Software
SSD v4791,Lote tecnologico 4791,"700,9",142,Software
Mouse v4792,Lote tecnologico 4792,"926,45",36,Servicios
RAM v4793,Lote tecnologico 4793,"527,86",12,Software
Teclado v4794,Lote tecnologico 4794,"595,27",61,Licencias
Teclado v4795,Lote tecnologico 4795,"937,81",123,Servicios
Mouse v4796,Lote tecnologico 4796,"369,56",152,Servicios
Laptop v4797,Lote tecnologico 4797,"1222,92",68,Servicios
Monitor v4798,Lote tecnologico 4798,"84,68",60,Hardware
Teclado v4799,Lote tecnologico 4799,"941,14",166,Servicios
Monitor v4800,Lote tecnologico 4800,"760,38",196,Software
Laptop v4801,Lote tecnologico 4801,"479,11",4,Licencias
Teclado v4802,Lote tecnologico 4802,"1223,61",166,Hardware
Teclado v4803,Lote tecnologico 4803,"474,58",30,Licencias
Monitor v4804,Lote tecnologico 4804,"218,91",17,Software
Laptop v4805,Lote tecnologico 4805,"1276,17",185,Software
Teclado v4806,Lote tecnologico 4806,"946,46",191,Servicios
Teclado v4807,Lote tecnologico 4807,"841,73",197,Software
Laptop v4808,Lote tecnologico 4808,"1490,76",170,Licencias
SSD v4809,Lote tecnologico 4809,"1254,55",176,Licencias
Monitor v4810,Lote tecnologico 4810,"593,97",10,Servicios
Mouse v4811,Lote tecnologico 4811,"1027,12",113,Servicios
SSD v4812,Lote tecnologico 4812,"1210,77",168,Licencias
Mouse v4813,Lote tecnologico 4813,"1235,37",63,Licencias
Mouse v4814,Lote tecnologico 4814,"729,9",18,Hardware
Laptop v4815,Lote tecnologico 4815,"691,52",47,Servicios
Mouse v4816,Lote tecnologico 4816,"230,35",13,Licencias
Mouse v4817,Lote tecnologico 4817,"350,53",105,Servicios
Mouse v4818,Lote tecnologico 4818,"927,24",168,Software
RAM v4819,Lote tecnologico 4819,"1105,76",5,Servicios
Laptop v4820,Lote tecnologico 4820,"574,5",117,Licencias
Teclado v4821,Lote tecnologico 4821,"458,73",57,Servicios
Laptop v4822,Lote tecnologico 4822,"295,66",7,Licencias
SSD v4823,Lote tecnologico 4823,"553,82",43,Licencias
RAM v4824,Lote tecnologico 4824,"1417,95",1,Software
Monitor v4825,Lote tecnologico 4825,"1356,17",75,Servicios
RAM v4826,Lote tecnologico 4826,"532,92",111,Licencias
RAM v4827,Lote tecnologico 4827,"1250,55",98,Licencias
Mouse v4828,Lote tecnologico 4828,"482,63",156,Servicios
SSD v4829,Lote tecnologico 4829,"1113,78",20,Licencias
Mouse v4830,Lote tecnologico 4830,"1144,8",182,Software
Teclado v4831,Lote tecnologico 4831,"850,63",128,Licencias
RAM v4832,Lote tecnologico 4832,"886,6",195,Licencias
SSD v4833,Lote tecnologico 4833,"97,89",35,Software
Laptop v4834,Lote tecnologico 4834,"392,15",59,Servicios
Monitor v4835,Lote tecnologico 4835,"403,4",43,Software
Laptop v4836,Lote tecnologico 4836,"815,26",199,Hardware
Laptop v4837,Lote tecnologico 4837,"1282,37",163,Software
Teclado v4838,Lote tecnologico 4838,"1405,5",125,Software
RAM v4839,Lote tecnologico 4839,"1238,49",5,Servicios
Monitor v4840,Lote tecnologico 4840,"1163,22",163,Hardware
Teclado v4841,Lote tecnologico 4841,"120,99",37,Software
Monitor v4842,Lote tecnologico 4842,"417,57",137,Servicios
Teclado v4843,Lote tecnologico 4843,"1071,58",29,Servicios
Teclado v4844,Lote tecnologico 4844,"1490,88",188,Hardware
Laptop v4845,Lote tecnologico 4845,"284,78",171,Hardware
SSD v4846,Lote tecnologico 4846,"622,71",148,Licencias
Mouse v4847,Lote tecnologico 4847,"647,53",109,Software
Monitor v4848,Lote tecnologico 4848,"83,46",153,Software
Monitor v4849,Lote tecnologico 4849,"123,57",159,Servicios
RAM v4850,Lote tecnologico 4850,"1411,17",103,Licencias
SSD v4851,Lote tecnologico 4851,"82,27",189,Software
SSD v4852,Lote tecnologico 4852,"861,88",1,Hardware
Laptop v4853,Lote tecnologico 4853,"615,4",93,Software
RAM v4854,Lote tecnologico 4854,"644,81",0,Hardware
Laptop v4855,Lote tecnologico 4855,"1221,05",93,Hardware
RAM v4856,Lote tecnologico 4856,"1026,81",169,Licencias
SSD v4857,Lote tecnologico 4857,"751,75",125,Servicios
RAM v4858,Lote tecnologico 4858,"1168,01",27,Servicios
SSD v4859,Lote tecnologico 4859,"547,32",0,Hardware
SSD v4860,Lote tecnologico 4860,"1044,74",172,Licencias
RAM v4861,Lote tecnologico 4861,"843,34",44,Software
Monitor v4862,Lote tecnologico 4862,"202,35",122,Hardware
Mouse v4863,Lote tecnologico 4863,"216,36",95,Licencias
SSD v4864,Lote tecnologico 4864,"490,3",142,Software
Monitor v4865,Lote tecnologico 4865,"529,01",70,Licencias
Monitor v4866,Lote tecnologico 4866,"884,74",77,Software
SSD v4867,Lote tecnologico 4867,"274,61",171,Software
RAM v4868,Lote tecnologico 4868,"207,9",47,Servicios
RAM v4869,Lote tecnologico 4869,1063,153,Software
RAM v4870,Lote tecnologico 4870,"1373,87",30,Hardware
Mouse v4871,Lote tecnologico 4871,"1198,59",36,Servicios
Mouse v4872,Lote tecnologico 4872,"1409,76",101,Software
Monitor v4873,Lote tecnologico 4873,"736,21",148,Licencias
SSD v4874,Lote tecnologico 4874,"357,4",174,Hardware
SSD v4875,Lote tecnologico 4875,"1158,93",57,Servicios
SSD v4876,Lote tecnologico 4876,"1263,54",17,Licencias
SSD v4877,Lote tecnologico 4877,"273,44",68,Servicios
RAM v4878,Lote tecnologico 4878,"1452,37",61,Software
Mouse v4879,Lote tecnologico 4879,"465,34",51,Licencias
RAM v4880,Lote tecnologico 4880,"790,71",58,Licencias
Teclado v4881,Lote tecnologico 4881,"999,93",64,Software
SSD v4882,Lote tecnologico 4882,"739,8",41,Licencias
RAM v4883,Lote tecnologico 4883,"803,14",114,Licencias
Mouse v4884,Lote tecnologico 4884,"610,36",62,Software
Monitor v4885,Lote tecnologico 4885,"756,92",110,Software
Monitor v4886,Lote tecnologico 4886,"844,14",177,Software
Mouse v4887,Lote tecnologico 4887,"193,04",153,Servicios
SSD v4888,Lote tecnologico 4888,"363,23",190,Software
RAM v4889,Lote tecnologico 4889,"633,5",145,Servicios
Laptop v4890,Lote tecnologico 4890,"1307,91",112,Licencias
Laptop v4891,Lote tecnologico 4891,"955,29",101,Hardware
Teclado v4892,Lote tecnologico 4892,"612,22",191,Hardware
SSD v4893,Lote tecnologico 4893,"189,43",22,Hardware
Mouse v4894,Lote tecnologico 4894,"1014,85",167,Licencias
Monitor v4895,Lote tecnologico 4895,"264,94",149,Licencias
Monitor v4896,Lote tecnologico 4896,"798,97",153,Licencias
Monitor v4897,Lote tecnologico 4897,"164,45",126,Hardware
Laptop v4898,Lote tecnologico 4898,"800,39",101,Servicios
Monitor v4899,Lote tecnologico 4899,"1407,57",0,Licencias
Monitor v4900,Lote tecnologico 4900,"1281,96",48,Servicios
Mouse v4901,Lote tecnologico 4901,"228,05",32,Licencias
RAM v4902,Lote tecnologico 4902,"1332,35",23,Servicios
SSD v4903,Lote tecnologico 4903,"1221,63",134,Licencias
Teclado v4904,Lote tecnologico 4904,"1431,18",15,Hardware
RAM v4905,Lote tecnologico 4905,"292,46",38,Software
Teclado v4906,Lote tecnologico 4906,"301,45",153,Software
Mouse v4907,Lote tecnologico 4907,"683,95",127,Software
RAM v4908,Lote tecnologico 4908,"315,93",94,Licencias
Teclado v4909,Lote tecnologico 4909,"220,84",176,Hardware
Monitor v4910,Lote tecnologico 4910,"827,45",30,Hardware
Monitor v4911,Lote tecnologico 4911,"229,8",62,Software
RAM v4912,Lote tecnologico 4912,"1359,48",117,Licencias
Mouse v4913,Lote tecnologico 4913,"1404,03",146,Servicios
Teclado v4914,Lote tecnologico 4914,"450,71",150,Servicios
Mouse v4915,Lote tecnologico 4915,"760,29",35,Licencias
RAM v4916,Lote tecnologico 4916,"634,7",12,Licencias
Teclado v4917,Lote tecnologico 4917,"1093,87",50,Servicios
Monitor v4918,Lote tecnologico 4918,"332,58",102,Software
Mouse v4919,Lote tecnologico 4919,"1077,45",121,Servicios
Monitor v4920,Lote tecnologico 4920,"86,31",37,Servicios
SSD v4921,Lote tecnologico 4921,"1440,19",110,Licencias
Teclado v4922,Lote tecnologico 4922,"390,83",48,Servicios
SSD v4923,Lote tecnologico 4923,"1409,84",96,Software
Teclado v4924,Lote tecnologico 4924,"1371,49",71,Software
SSD v4925,Lote tecnologico 4925,"105,51",57,Licencias
Mouse v4926,Lote tecnologico 4926,"864,98",131,Hardware
Teclado v4927,Lote tecnologico 4927,"1037,19",100,Software
Teclado v4928,Lote tecnologico 4928,"74,37",115,Licencias
RAM v4929,Lote tecnologico 4929,"167,9",48,Hardware
Teclado v4930,Lote tecnologico 4930,"625,28",83,Software
RAM v4931,Lote tecnologico 4931,"1027,99",153,Servicios
Laptop v4932,Lote tecnologico 4932,"1126,49",84,Hardware
Laptop v4933,Lote tecnologico 4933,"526,35",47,Licencias
RAM v4934,Lote tecnologico 4934,"467,23",72,Servicios
Monitor v4935,Lote tecnologico 4935,"162,44",172,Hardware
Mouse v4936,Lote tecnologico 4936,"632,31",11,Software
Teclado v4937,Lote tecnologico 4937,"860,83",112,Hardware
RAM v4938,Lote tecnologico 4938,"289,72",44,Servicios
RAM v4939,Lote tecnologico 4939,"67,1",5,Licencias
SSD v4940,Lote tecnologico 4940,"1170,66",58,Licencias
Mouse v4941,Lote tecnologico 4941,"1109,21",193,Servicios
Monitor v4942,Lote tecnologico 4942,"1367,39",190,Servicios
Mouse v4943,Lote tecnologico 4943,"1485,24",48,Hardware
Monitor v4944,Lote tecnologico 4944,"978,41",9,Hardware
SSD v4945,Lote tecnologico 4945,"801,2",106,Servicios
SSD v4946,Lote tecnologico 4946,"355,32",185,Licencias
Laptop v4947,Lote tecnologico 4947,"1385,97",117,Servicios
Teclado v4948,Lote tecnologico 4948,"294,09",119,Hardware
Teclado v4949,Lote tecnologico 4949,"1075,89",83,Servicios
RAM v4950,Lote tecnologico 4950,"948,42",25,Hardware
RAM v4951,Lote tecnologico 4951,"951,04",40,Servicios
Teclado v4952,Lote tecnologico 4952,"1320,28",34,Software
Laptop v4953,Lote tecnologico 4953,"242,31",125,Hardware
Mouse v4954,Lote tecnologico 4954,"972,66",70,Software
SSD v4955,Lote tecnologico 4955,"149,84",128,Hardware
SSD v4956,Lote tecnologico 4956,"265,55",167,Servicios
Mouse v4957,Lote tecnologico 4957,"261,65",75,Servicios
Mouse v4958,Lote tecnologico 4958,"245,59",52,Hardware
Mouse v4959,Lote tecnologico 4959,"843,63",130,Servicios
Mouse v4960,Lote tecnologico 4960,"1178,79",161,Software
Mouse v4961,Lote tecnologico 4961,"1442,85",139,Hardware
RAM v4962,Lote tecnologico 4962,"1174,47",74,Licencias
Monitor v4963,Lote tecnologico 4963,"686,12",156,Servicios
Teclado v4964,Lote tecnologico 4964,"604,1",121,Licencias
Laptop v4965,Lote tecnologico 4965,"908,14",125,Software
Teclado v4966,Lote tecnologico 4966,"786,07",183,Licencias
Monitor v4967,Lote tecnologico 4967,"812,86",150,Servicios
SSD v4968,Lote tecnologico 4968,"412,21",36,Hardware
Mouse v4969,Lote tecnologico 4969,"1372,81",107,Licencias
Mouse v4970,Lote tecnologico 4970,"1038,01",162,Licencias
RAM v4971,Lote tecnologico 4971,"625,93",113,Software
Laptop v4972,Lote tecnologico 4972,"523,17",182,Servicios
RAM v4973,Lote tecnologico 4973,"1373,87",33,Software
Teclado v4974,Lote tecnologico 4974,"625,67",175,Software
RAM v4975,Lote tecnologico 4975,"1032,75",27,Software
Teclado v4976,Lote tecnologico 4976,82,75,Hardware
Mouse v4977,Lote tecnologico 4977,"317,17",159,Licencias
Teclado v4978,Lote tecnologico 4978,"652,04",90,Hardware
SSD v4979,Lote tecnologico 4979,"975,76",6,Hardware
Laptop v4980,Lote tecnologico 4980,"1172,78",167,Software
Monitor v4981,Lote tecnologico 4981,"1109,02",118,Servicios
Laptop v4982,Lote tecnologico 4982,"987,65",103,Software
Monitor v4983,Lote tecnologico 4983,"1212,9",133,Software
RAM v4984,Lote tecnologico 4984,"874,71",107,Hardware
Monitor v4985,Lote tecnologico 4985,"834,7",125,Licencias
RAM v4986,Lote tecnologico 4986,"670,86",44,Servicios
Laptop v4987,Lote tecnologico 4987,"928,37",40,Servicios
SSD v4988,Lote tecnologico 4988,"1328,95",135,Software
Laptop v4989,Lote tecnologico 4989,"1252,5",198,Licencias
Mouse v4990,Lote tecnologico 4990,"358,42",64,Servicios
Laptop v4991,Lote tecnologico 4991,"574,91",43,Servicios
Teclado v4992,Lote tecnologico 4992,"813,12",100,Hardware
RAM v4993,Lote tecnologico 4993,"955,37",146,Licencias
Monitor v4994,Lote tecnologico 4994,"670,1",38,Licencias
Mouse v4995,Lote tecnologico 4995,"241,55",89,Software
Teclado v4996,Lote tecnologico 4996,"456,44",156,Servicios
RAM v4997,Lote tecnologico 4997,"510,4",2,Software
RAM v4998,Lote tecnologico 4998,"317,84",71,Software
Teclado v4999,Lote tecnologico 4999,"1100,01",42,Hardware
Teclado v5000,Lote tecnologico 5000,"1438,53",118,Licencias
Monitor v5001,Lote tecnologico 5001,"1272,17",53,Licencias
RAM v5002,Lote tecnologico 5002,"330,31",43,Servicios
SSD v5003,Lote tecnologico 5003,"132,58",179,Licencias
RAM v5004,Lote tecnologico 5004,"1096,86",123,Software
RAM v5005,Lote tecnologico 5005,"872,91",40,Licencias
Teclado v5006,Lote tecnologico 5006,"660,36",150,Licencias
Mouse v5007,Lote tecnologico 5007,"704,47",158,Servicios
Teclado v5008,Lote tecnologico 5008,"519,31",183,Servicios
RAM v5009,Lote tecnologico 5009,"466,06",25,Hardware
Mouse v5010,Lote tecnologico 5010,"494,71",115,Software
SSD v5011,Lote tecnologico 5011,"379,81",12,Servicios
Teclado v5012,Lote tecnologico 5012,"241,23",32,Licencias
Laptop v5013,Lote tecnologico 5013,"1146,59",135,Software
Monitor v5014,Lote tecnologico 5014,"1414,66",48,Licencias
Teclado v5015,Lote tecnologico 5015,"590,11",142,Hardware
Monitor v5016,Lote tecnologico 5016,"1187,92",76,Hardware
Laptop v5017,Lote tecnologico 5017,"572,46",45,Software
Monitor v5018,Lote tecnologico 5018,"1236,92",171,Servicios
SSD v5019,Lote tecnologico 5019,"1357,62",57,Software
RAM v5020,Lote tecnologico 5020,"715,24",128,Servicios
RAM v5021,Lote tecnologico 5021,"940,17",82,Hardware
Monitor v5022,Lote tecnologico 5022,"1385,81",115,Hardware
Monitor v5023,Lote tecnologico 5023,"510,44",110,Software
RAM v5024,Lote tecnologico 5024,"178,92",196,Software
Mouse v5025,Lote tecnologico 5025,"1464,71",82,Software
RAM v5026,Lote tecnologico 5026,"500,37",161,Hardware
Teclado v5027,Lote tecnologico 5027,"93,89",22,Software
Teclado v5028,Lote tecnologico 5028,"424,98",6,Servicios
RAM v5029,Lote tecnologico 5029,"72,75",178,Licencias
Teclado v5030,Lote tecnologico 5030,"1153,95",124,Software
RAM v5031,Lote tecnologico 5031,"655,32",61,Software
Laptop v5032,Lote tecnologico 5032,"453,31",133,Hardware
Mouse v5033,Lote tecnologico 5033,"1269,05",166,Hardware
SSD v5034,Lote tecnologico 5034,"1252,64",171,Licencias
Mouse v5035,Lote tecnologico 5035,"110,78",173,Hardware
Monitor v5036,Lote tecnologico 5036,"1125,4",41,Hardware
Mouse v5037,Lote tecnologico 5037,"979,12",120,Servicios
RAM v5038,Lote tecnologico 5038,"1229,7",33,Hardware
RAM v5039,Lote tecnologico 5039,"113,31",18,Hardware
Monitor v5040,Lote tecnologico 5040,"1484,44",168,Servicios
RAM v5041,Lote tecnologico 5041,"575,48",157,Hardware
Laptop v5042,Lote tecnologico 5042,"949,72",179,Servicios
Laptop v5043,Lote tecnologico 5043,"427,8",178,Software
Teclado v5044,Lote tecnologico 5044,"761,84",135,Hardware
Monitor v5045,Lote tecnologico 5045,"402,06",197,Servicios
Teclado v5046,Lote tecnologico 5046,"696,28",177,Hardware
SSD v5047,Lote tecnologico 5047,"1168,97",139,Licencias
Teclado v5048,Lote tecnologico 5048,"1356,58",68,Hardware
Mouse v5049,Lote tecnologico 5049,"591,04",199,Hardware
Teclado v5050,Lote tecnologico 5050,"1084,23",184,Software
Monitor v5051,Lote tecnologico 5051,"901,13",23,Hardware
Laptop v5052,Lote tecnologico 5052,"398,43",135,Software
Laptop v5053,Lote tecnologico 5053,"831,19",110,Hardware
Laptop v5054,Lote tecnologico 5054,"243,75",97,Hardware
RAM v5055,Lote tecnologico 5055,"1353,72",93,Servicios
Laptop v5056,Lote tecnologico 5056,"913,39",25,Software
RAM v5057,Lote tecnologico 5057,"528,8",93,Software
RAM v5058,Lote tecnologico 5058,"283,59",54,Servicios
Mouse v5059,Lote tecnologico 5059,"279,74",92,Software
Laptop v5060,Lote tecnologico 5060,"302,26",195,Licencias
Laptop v5061,Lote tecnologico 5061,"1370,99",73,Software
Monitor v5062,Lote tecnologico 5062,"1378,03",123,Servicios
RAM v5063,Lote tecnologico 5063,"704,36",101,Licencias
RAM v5064,Lote tecnologico 5064,"453,95",116,Servicios
SSD v5065,Lote tecnologico 5065,"208,82",186,Software
Teclado v5066,Lote tecnologico 5066,"279,6",67,Servicios
Teclado v5067,Lote tecnologico 5067,"763,83",90,Hardware
Mouse v5068,Lote tecnologico 5068,"1255,24",7,Licencias
Teclado v5069,Lote tecnologico 5069,"87,36",192,Hardware
RAM v5070,Lote tecnologico 5070,"178,8",127,Licencias
Mouse v5071,Lote tecnologico 5071,"390,07",129,Software
Mouse v5072,Lote tecnologico 5072,"1069,23",77,Licencias
RAM v5073,Lote tecnologico 5073,"1251,96",20,Licencias
Mouse v5074,Lote tecnologico 5074,"1010,22",79,Servicios
Laptop v5075,Lote tecnologico 5075,"514,98",154,Hardware
Laptop v5076,Lote tecnologico 5076,"1468,45",199,Software
SSD v5077,Lote tecnologico 5077,"1282,2",193,Servicios
SSD v5078,Lote tecnologico 5078,"327,88",99,Software
Laptop v5079,Lote tecnologico 5079,"860,89",91,Licencias
RAM v5080,Lote tecnologico 5080,"582,68",114,Licencias
Laptop v5081,Lote tecnologico 5081,"1192,03",163,Hardware
Mouse v5082,Lote tecnologico 5082,"297,38",165,Software
Monitor v5083,Lote tecnologico 5083,"1382,63",59,Hardware
Mouse v5084,Lote tecnologico 5084,"445,5",164,Licencias
SSD v5085,Lote tecnologico 5085,"141,12",101,Servicios
Teclado v5086,Lote tecnologico 5086,"1370,73",114,Hardware
Teclado v5087,Lote tecnologico 5087,"205,39",62,Servicios
SSD v5088,Lote tecnologico 5088,"460,3",61,Licencias
SSD v5089,Lote tecnologico 5089,"652,96",178,Software
Laptop v5090,Lote tecnologico 5090,"117,85",198,Hardware
SSD v5091,Lote tecnologico 5091,"979,35",73,Servicios
Monitor v5092,Lote tecnologico 5092,"431,77",16,Software
Mouse v5093,Lote tecnologico 5093,"491,93",68,Software
SSD v5094,Lote tecnologico 5094,"1489,46",19,Servicios
Teclado v5095,Lote tecnologico 5095,"394,68",131,Licencias
RAM v5096,Lote tecnologico 5096,"319,06",57,Servicios
SSD v5097,Lote tecnologico 5097,"383,8",139,Servicios
Mouse v5098,Lote tecnologico 5098,"466,38",38,Licencias
SSD v5099,Lote tecnologico 5099,"1155,55",176,Servicios
RAM v5100,Lote tecnologico 5100,"895,09",172,Licencias
Laptop v5101,Lote tecnologico 5101,"1154,62",151,Hardware
Mouse v5102,Lote tecnologico 5102,"1001,66",89,Licencias
Mouse v5103,Lote tecnologico 5103,"314,1",193,Hardware
SSD v5104,Lote tecnologico 5104,"587,83",5,Software
Monitor v5105,Lote tecnologico 5105,"401,84",187,Software
Laptop v5106,Lote tecnologico 5106,"50,41",183,Software
Teclado v5107,Lote tecnologico 5107,"112,92",87,Licencias
Laptop v5108,Lote tecnologico 5108,"1052,11",29,Licencias
Laptop v5109,Lote tecnologico 5109,"956,67",21,Hardware
SSD v5110,Lote tecnologico 5110,"1289,11",120,Servicios
Monitor v5111,Lote tecnologico 5111,"1314,28",72,Servicios
RAM v5112,Lote tecnologico 5112,"906,33",192,Servicios
Teclado v5113,Lote tecnologico 5113,"1417,9",151,Hardware
RAM v5114,Lote tecnologico 5114,"1286,3",19,Hardware
Mouse v5115,Lote tecnologico 5115,"1035,74",137,Licencias
RAM v5116,Lote tecnologico 5116,"537,17",74,Hardware
Monitor v5117,Lote tecnologico 5117,"554,17",43,Licencias
SSD v5118,Lote tecnologico 5118,"822,75",81,Servicios
Laptop v5119,Lote tecnologico 5119,"757,07",154,Licencias
Teclado v5120,Lote tecnologico 5120,"53,88",13,Software
Mouse v5121,Lote tecnologico 5121,"1265,52",178,Servicios
Laptop v5122,Lote tecnologico 5122,"1072,4",192,Software
SSD v5123,Lote tecnologico 5123,"1050,69",106,Servicios
RAM v5124,Lote tecnologico 5124,"396,38",110,Licencias
Mouse v5125,Lote tecnologico 5125,"921,37",96,Licencias
SSD v5126,Lote tecnologico 5126,"987,27",178,Servicios
SSD v5127,Lote tecnologico 5127,"751,6",138,Servicios
Teclado v5128,Lote tecnologico 5128,"704,55",4,Software
Monitor v5129,Lote tecnologico 5129,"1207,68",178,Software
Monitor v5130,Lote tecnologico 5130,"773,25",61,Hardware
RAM v5131,Lote tecnologico 5131,"535,39",158,Software
Monitor v5132,Lote tecnologico 5132,694,197,Servicios
Monitor v5133,Lote tecnologico 5133,"932,23",164,Licencias
Teclado v5134,Lote tecnologico 5134,"1401,67",16,Licencias
Teclado v5135,Lote tecnologico 5135,"809,73",182,Hardware
Mouse v5136,Lote tecnologico 5136,"736,55",49,Servicios
Monitor v5137,Lote tecnologico 5137,"668,94",109,Software
Laptop v5138,Lote tecnologico 5138,"290,93",170,Software
RAM v5139,Lote tecnologico 5139,"490,71",138,Software
Monitor v5140,Lote tecnologico 5140,"1396,66",137,Hardware
RAM v5141,Lote tecnologico 5141,"421,31",118,Servicios
SSD v5142,Lote tecnologico 5142,"1039,55",158,Licencias
Mouse v5143,Lote tecnologico 5143,"391,25",146,Servicios
Laptop v5144,Lote tecnologico 5144,"944,33",169,Software
SSD v5145,Lote tecnologico 5145,"278,84",180,Hardware
SSD v5146,Lote tecnologico 5146,"1299,44",180,Hardware
Laptop v5147,Lote tecnologico 5147,"834,66",106,Servicios
Monitor v5148,Lote tecnologico 5148,"1478,55",115,Servicios
Monitor v5149,Lote tecnologico 5149,"976,64",161,Licencias
Laptop v5150,Lote tecnologico 5150,"1332,3",2,Servicios
SSD v5151,Lote tecnologico 5151,"307,98",8,Servicios
Teclado v5152,Lote tecnologico 5152,"964,18",18,Licencias
SSD v5153,Lote tecnologico 5153,"1352,06",148,Software
SSD v5154,Lote tecnologico 5154,"1269,31",176,Software
Teclado v5155,Lote tecnologico 5155,"659,11",119,Servicios
Teclado v5156,Lote tecnologico 5156,"1177,86",5,Servicios
Teclado v5157,Lote tecnologico 5157,"924,9",91,Hardware
Laptop v5158,Lote tecnologico 5158,"1298,55",140,Licencias
Laptop v5159,Lote tecnologico 5159,"1461,87",8,Software
Mouse v5160,Lote tecnologico 5160,"475,14",197,Servicios
Laptop v5161,Lote tecnologico 5161,"632,59",69,Hardware
Teclado v5162,Lote tecnologico 5162,"1001,18",191,Licencias
Mouse v5163,Lote tecnologico 5163,"795,91",99,Licencias
SSD v5164,Lote tecnologico 5164,"1414,55",88,Software
Monitor v5165,Lote tecnologico 5165,"744,04",195,Servicios
Monitor v5166,Lote tecnologico 5166,"983,81",29,Servicios
Monitor v5167,Lote tecnologico 5167,"970,29",13,Licencias
Monitor v5168,Lote tecnologico 5168,"214,31",165,Licencias
Monitor v5169,Lote tecnologico 5169,"456,65",53,Software
Mouse v5170,Lote tecnologico 5170,"630,71",120,Servicios
Teclado v5171,Lote tecnologico 5171,"137,8",149,Licencias
Laptop v5172,Lote tecnologico 5172,"1396,62",119,Software
Laptop v5173,Lote tecnologico 5173,"316,68",133,Licencias
SSD v5174,Lote tecnologico 5174,"492,96",191,Servicios
Monitor v5175,Lote tecnologico 5175,"1330,15",165,Servicios
Monitor v5176,Lote tecnologico 5176,"1132,46",40,Software
Monitor v5177,Lote tecnologico 5177,"431,59",162,Software
RAM v5178,Lote tecnologico 5178,"1087,6",15,Hardware
SSD v5179,Lote tecnologico 5179,"73,28",144,Licencias
Teclado v5180,Lote tecnologico 5180,"326,2",83,Licencias
Laptop v5181,Lote tecnologico 5181,"500,83",183,Software
SSD v5182,Lote tecnologico 5182,"789,13",164,Servicios
Mouse v5183,Lote tecnologico 5183,"814,19",35,Licencias
Monitor v5184,Lote tecnologico 5184,"896,34",75,Licencias
Mouse v5185,Lote tecnologico 5185,"352,32",156,Licencias
Mouse v5186,Lote tecnologico 5186,"421,11",135,Hardware
SSD v5187,Lote tecnologico 5187,"194,32",150,Hardware
SSD v5188,Lote tecnologico 5188,"539,72",98,Software
Laptop v5189,Lote tecnologico 5189,"1224,83",171,Hardware
Monitor v5190,Lote tecnologico 5190,"829,45",132,Servicios
Monitor v5191,Lote tecnologico 5191,"433,82",108,Hardware
RAM v5192,Lote tecnologico 5192,"992,93",135,Licencias
Teclado v5193,Lote tecnologico 5193,"494,42",6,Software
Mouse v5194,Lote tecnologico 5194,"543,57",3,Servicios
Monitor v5195,Lote tecnologico 5195,"1203,42",111,Servicios
Mouse v5196,Lote tecnologico 5196,"1207,57",57,Servicios
SSD v5197,Lote tecnologico 5197,"453,82",16,Hardware
RAM v5198,Lote tecnologico 5198,"679,91",39,Servicios
SSD v5199,Lote tecnologico 5199,422,50,Servicios
Laptop v5200,Lote tecnologico 5200,"978,63",150,Software
Monitor v5201,Lote tecnologico 5201,"1423,65",32,Hardware
Teclado v5202,Lote tecnologico 5202,"550,39",60,Licencias
Monitor v5203,Lote tecnologico 5203,"1086,46",147,Hardware
Teclado v5204,Lote tecnologico 5204,"256,62",43,Hardware
Monitor v5205,Lote tecnologico 5205,"708,15",198,Hardware
RAM v5206,Lote tecnologico 5206,"273,98",83,Software
Teclado v5207,Lote tecnologico 5207,"523,19",1,Software
RAM v5208,Lote tecnologico 5208,"1158,72",171,Licencias
Laptop v5209,Lote tecnologico 5209,"601,57",64,Licencias
Monitor v5210,Lote tecnologico 5210,"1463,35",135,Servicios
SSD v5211,Lote tecnologico 5211,"207,29",152,Licencias
Monitor v5212,Lote tecnologico 5212,"1067,18",141,Software
RAM v5213,Lote tecnologico 5213,"556,6",116,Servicios
Mouse v5214,Lote tecnologico 5214,"1190,57",140,Software
Mouse v5215,Lote tecnologico 5215,"633,6",139,Licencias
Mouse v5216,Lote tecnologico 5216,"760,63",23,Servicios
Teclado v5217,Lote tecnologico 5217,"497,05",41,Servicios
Teclado v5218,Lote tecnologico 5218,"590,47",0,Servicios
RAM v5219,Lote tecnologico 5219,"678,79",113,Servicios
Laptop v5220,Lote tecnologico 5220,"79,37",160,Licencias
Laptop v5221,Lote tecnologico 5221,"589,37",109,Software
Teclado v5222,Lote tecnologico 5222,"1121,11",82,Licencias
Laptop v5223,Lote tecnologico 5223,"469,57",128,Servicios
Mouse v5224,Lote tecnologico 5224,"334,29",74,Servicios
Mouse v5225,Lote tecnologico 5225,"405,41",35,Hardware
Teclado v5226,Lote tecnologico 5226,"1371,82",44,Hardware
Mouse v5227,Lote tecnologico 5227,"571,95",148,Servicios
RAM v5228,Lote tecnologico 5228,"1433,35",179,Licencias
Mouse v5229,Lote tecnologico 5229,"1353,35",90,Software
Mouse v5230,Lote tecnologico 5230,"274,82",35,Licencias
Teclado v5231,Lote tecnologico 5231,"289,32",53,Servicios
Laptop v5232,Lote tecnologico 5232,"820,68",31,Licencias
SSD v5233,Lote tecnologico 5233,"444,56",126,Hardware
Laptop v5234,Lote tecnologico 5234,"425,04",43,Licencias
Laptop v5235,Lote tecnologico 5235,"1320,74",190,Hardware
RAM v5236,Lote tecnologico 5236,"1429,03",129,Hardware
Laptop v5237,Lote tecnologico 5237,"1415,26",144,Hardware
Laptop v5238,Lote tecnologico 5238,"1372,93",120,Servicios
SSD v5239,Lote tecnologico 5239,"579,17",47,Software
RAM v5240,Lote tecnologico 5240,"1208,18",38,Servicios
Laptop v5241,Lote tecnologico 5241,"377,7",148,Servicios
Mouse v5242,Lote tecnologico 5242,"1044,78",176,Licencias
SSD v5243,Lote tecnologico 5243,"196,18",123,Software
SSD v5244,Lote tecnologico 5244,"1239,45",169,Servicios
RAM v5245,Lote tecnologico 5245,"1453,42",162,Servicios
Laptop v5246,Lote tecnologico 5246,"444,65",70,Software
Monitor v5247,Lote tecnologico 5247,"1134,27",156,Licencias
Laptop v5248,Lote tecnologico 5248,"902,18",111,Software
SSD v5249,Lote tecnologico 5249,"678,34",164,Licencias
RAM v5250,Lote tecnologico 5250,"754,23",71,Licencias
Monitor v5251,Lote tecnologico 5251,"251,53",124,Hardware
RAM v5252,Lote tecnologico 5252,"502,21",141,Software
Teclado v5253,Lote tecnologico 5253,"743,62",129,Hardware
Teclado v5254,Lote tecnologico 5254,"974,33",153,Licencias
RAM v5255,Lote tecnologico 5255,"812,11",89,Licencias
Teclado v5256,Lote tecnologico 5256,"518,22",21,Licencias
RAM v5257,Lote tecnologico 5257,"737,1",2,Servicios
Laptop v5258,Lote tecnologico 5258,"96,29",37,Licencias
SSD v5259,Lote tecnologico 5259,"1141,67",175,Servicios
Laptop v5260,Lote tecnologico 5260,"850,62",16,Hardware
Monitor v5261,Lote tecnologico 5261,"1378,74",84,Servicios
Laptop v5262,Lote tecnologico 5262,"1270,85",22,Servicios
Monitor v5263,Lote tecnologico 5263,"1407,69",195,Software
Laptop v5264,Lote tecnologico 5264,"819,85",143,Software
Mouse v5265,Lote tecnologico 5265,"327,47",187,Licencias
SSD v5266,Lote tecnologico 5266,"1387,32",67,Software
RAM v5267,Lote tecnologico 5267,"614,32",139,Software
Mouse v5268,Lote tecnologico 5268,"832,67",180,Servicios
Teclado v5269,Lote tecnologico 5269,"368,76",64,Hardware
SSD v5270,Lote tecnologico 5270,"1323,37",77,Licencias
SSD v5271,Lote tecnologico 5271,"1028,61",178,Hardware
Teclado v5272,Lote tecnologico 5272,"552,23",46,Hardware
Teclado v5273,Lote tecnologico 5273,"73,8",67,Hardware
SSD v5274,Lote tecnologico 5274,"496,08",46,Hardware
Laptop v5275,Lote tecnologico 5275,"148,86",54,Servicios
Mouse v5276,Lote tecnologico 5276,"133,07",168,Licencias
Laptop v5277,Lote tecnologico 5277,"243,43",187,Servicios
Mouse v5278,Lote tecnologico 5278,"167,9",44,Hardware
Mouse v5279,Lote tecnologico 5279,"562,41",84,Software
Teclado v5280,Lote tecnologico 5280,"665,42",110,Licencias
Mouse v5281,Lote tecnologico 5281,"703,34",111,Software
Laptop v5282,Lote tecnologico 5282,"556,3",176,Software
Monitor v5283,Lote tecnologico 5283,"1246,26",94,Servicios
Mouse v5284,Lote tecnologico 5284,"565,19",65,Software
Monitor v5285,Lote tecnologico 5285,"1393,1",88,Hardware
Mouse v5286,Lote tecnologico 5286,"1109,98",59,Licencias
Monitor v5287,Lote tecnologico 5287,"63,71",180,Software
SSD v5288,Lote tecnologico 5288,"1305,77",107,Servicios
Laptop v5289,Lote tecnologico 5289,"222,66",167,Software
Teclado v5290,Lote tecnologico 5290,"1091,15",196,Servicios
Monitor v5291,Lote tecnologico 5291,"133,06",196,Servicios
RAM v5292,Lote tecnologico 5292,"1365,85",170,Servicios
SSD v5293,Lote tecnologico 5293,"434,76",18,Hardware
Mouse v5294,Lote tecnologico 5294,"987,6",122,Servicios
Teclado v5295,Lote tecnologico 5295,"1492,34",32,Servicios
Laptop v5296,Lote tecnologico 5296,"1235,77",2,Licencias
Teclado v5297,Lote tecnologico 5297,"1189,71",180,Hardware
Mouse v5298,Lote tecnologico 5298,"938,73",22,Servicios
Teclado v5299,Lote tecnologico 5299,"962,25",156,Licencias
Laptop v5300,Lote tecnologico 5300,"136,86",114,Software
Mouse v5301,Lote tecnologico 5301,"1210,43",47,Software
Monitor v5302,Lote tecnologico 5302,"1493,78",61,Software
Teclado v5303,Lote tecnologico 5303,"415,37",186,Hardware
Mouse v5304,Lote tecnologico 5304,"868,15",46,Software
Laptop v5305,Lote tecnologico 5305,"864,96",17,Licencias
RAM v5306,Lote tecnologico 5306,"1039,01",9,Hardware
Mouse v5307,Lote tecnologico 5307,"864,09",51,Servicios
Teclado v5308,Lote tecnologico 5308,"1048,23",150,Hardware
SSD v5309,Lote tecnologico 5309,"1349,65",108,Hardware
Teclado v5310,Lote tecnologico 5310,"693,82",194,Servicios
Laptop v5311,Lote tecnologico 5311,"121,32",175,Software
Teclado v5312,Lote tecnologico 5312,"343,2",88,Software
RAM v5313,Lote tecnologico 5313,"408,5",21,Licencias
Teclado v5314,Lote tecnologico 5314,"1412,15",170,Licencias
Mouse v5315,Lote tecnologico 5315,"510,3",153,Software
SSD v5316,Lote tecnologico 5316,"893,23",85,Software
RAM v5317,Lote tecnologico 5317,"497,65",154,Servicios
Teclado v5318,Lote tecnologico 5318,"268,74",20,Servicios
Laptop v5319,Lote tecnologico 5319,"77,78",45,Servicios
Laptop v5320,Lote tecnologico 5320,"727,18",43,Software
Laptop v5321,Lote tecnologico 5321,"349,06",32,Hardware
SSD v5322,Lote tecnologico 5322,"1116,47",87,Hardware
RAM v5323,Lote tecnologico 5323,"1076,11",68,Licencias
Mouse v5324,Lote tecnologico 5324,"1259,64",90,Hardware
Laptop v5325,Lote tecnologico 5325,"1467,82",32,Servicios
Mouse v5326,Lote tecnologico 5326,"300,64",3,Servicios
Monitor v5327,Lote tecnologico 5327,"117,57",195,Software
Monitor v5328,Lote tecnologico 5328,"1231,49",37,Licencias
Mouse v5329,Lote tecnologico 5329,"1470,92",24,Licencias
Monitor v5330,Lote tecnologico 5330,"990,27",130,Licencias
Monitor v5331,Lote tecnologico 5331,"1339,46",156,Servicios
Laptop v5332,Lote tecnologico 5332,"1234,59",132,Licencias
Teclado v5333,Lote tecnologico 5333,"156,81",141,Software
RAM v5334,Lote tecnologico 5334,"313,24",178,Licencias
RAM v5335,Lote tecnologico 5335,"372,95",31,Licencias
Monitor v5336,Lote tecnologico 5336,"175,17",128,Software
Monitor v5337,Lote tecnologico 5337,"1261,72",178,Hardware
RAM v5338,Lote tecnologico 5338,"1416,97",92,Licencias
Mouse v5339,Lote tecnologico 5339,"265,89",179,Servicios
Laptop v5340,Lote tecnologico 5340,"1385,77",115,Hardware
SSD v5341,Lote tecnologico 5341,"1097,8",6,Hardware
Monitor v5342,Lote tecnologico 5342,"908,35",20,Software
RAM v5343,Lote tecnologico 5343,"1340,04",189,Software
Teclado v5344,Lote tecnologico 5344,"244,3",112,Licencias
RAM v5345,Lote tecnologico 5345,"971,87",75,Hardware
Mouse v5346,Lote tecnologico 5346,982,18,Licencias
SSD v5347,Lote tecnologico 5347,"1338,29",154,Hardware
SSD v5348,Lote tecnologico 5348,"695,4",9,Licencias
Monitor v5349,Lote tecnologico 5349,"151,33",56,Licencias
RAM v5350,Lote tecnologico 5350,"1065,61",25,Hardware
RAM v5351,Lote tecnologico 5351,"1298,63",33,Software
SSD v5352,Lote tecnologico 5352,"1488,09",198,Servicios
SSD v5353,Lote tecnologico 5353,507,147,Servicios
Teclado v5354,Lote tecnologico 5354,"450,98",44,Licencias
RAM v5355,Lote tecnologico 5355,"416,69",107,Hardware
Teclado v5356,Lote tecnologico 5356,"506,47",62,Software
Mouse v5357,Lote tecnologico 5357,"1455,27",73,Licencias
SSD v5358,Lote tecnologico 5358,"941,36",58,Licencias
Teclado v5359,Lote tecnologico 5359,"976,18",182,Servicios
RAM v5360,Lote tecnologico 5360,"562,89",27,Servicios
Teclado v5361,Lote tecnologico 5361,"98,22",58,Hardware
Mouse v5362,Lote tecnologico 5362,"764,4",129,Hardware
RAM v5363,Lote tecnologico 5363,"113,08",124,Servicios
RAM v5364,Lote tecnologico 5364,"1243,07",57,Software
Monitor v5365,Lote tecnologico 5365,"1239,56",46,Software
Monitor v5366,Lote tecnologico 5366,"1366,58",63,Servicios
Teclado v5367,Lote tecnologico 5367,"176,15",115,Hardware
RAM v5368,Lote tecnologico 5368,"102,72",90,Licencias
Mouse v5369,Lote tecnologico 5369,"1412,99",72,Hardware
Teclado v5370,Lote tecnologico 5370,"683,63",170,Servicios
Monitor v5371,Lote tecnologico 5371,"1299,02",93,Licencias
RAM v5372,Lote tecnologico 5372,"1321,89",82,Software
Mouse v5373,Lote tecnologico 5373,"138,89",109,Licencias
SSD v5374,Lote tecnologico 5374,"1170,46",78,Software
Monitor v5375,Lote tecnologico 5375,"735,45",196,Licencias
Teclado v5376,Lote tecnologico 5376,"1054,26",148,Hardware
Mouse v5377,Lote tecnologico 5377,"742,95",199,Software
Monitor v5378,Lote tecnologico 5378,"1019,03",60,Servicios
SSD v5379,Lote tecnologico 5379,"1141,53",61,Software
Monitor v5380,Lote tecnologico 5380,"833,86",4,Software
Monitor v5381,Lote tecnologico 5381,"473,55",99,Servicios
Laptop v5382,Lote tecnologico 5382,"1111,19",79,Licencias
Laptop v5383,Lote tecnologico 5383,"418,29",90,Software
Teclado v5384,Lote tecnologico 5384,"460,76",105,Licencias
Mouse v5385,Lote tecnologico 5385,"1360,05",155,Software
Mouse v5386,Lote tecnologico 5386,"1029,82",133,Software
SSD v5387,Lote tecnologico 5387,207,64,Servicios
Mouse v5388,Lote tecnologico 5388,"964,72",11,Hardware
SSD v5389,Lote tecnologico 5389,"1141,01",24,Licencias
Monitor v5390,Lote tecnologico 5390,"265,09",146,Licencias
RAM v5391,Lote tecnologico 5391,"557,42",188,Software
SSD v5392,Lote tecnologico 5392,"1378,72",73,Licencias
RAM v5393,Lote tecnologico 5393,"1210,77",188,Servicios
Laptop v5394,Lote tecnologico 5394,"1214,41",53,Licencias
RAM v5395,Lote tecnologico 5395,"1401,07",93,Software
Laptop v5396,Lote tecnologico 5396,"552,12",46,Hardware
Mouse v5397,Lote tecnologico 5397,"731,63",126,Hardware
Teclado v5398,Lote tecnologico 5398,"1161,87",149,Hardware
Laptop v5399,Lote tecnologico 5399,"421,58",94,Software
Mouse v5400,Lote tecnologico 5400,"269,5",119,Hardware
Monitor v5401,Lote tecnologico 5401,"277,08",42,Licencias
Laptop v5402,Lote tecnologico 5402,"1029,93",124,Servicios
RAM v5403,Lote tecnologico 5403,193,97,Servicios
RAM v5404,Lote tecnologico 5404,"143,52",14,Software
Monitor v5405,Lote tecnologico 5405,"1404,16",119,Servicios
Teclado v5406,Lote tecnologico 5406,"1305,67",8,Software
SSD v5407,Lote tecnologico 5407,"595,78",177,Software
SSD v5408,Lote tecnologico 5408,"382,8",84,Hardware
Monitor v5409,Lote tecnologico 5409,"1495,11",184,Hardware
RAM v5410,Lote tecnologico 5410,"1378,73",38,Software
SSD v5411,Lote tecnologico 5411,"367,74",51,Licencias
Monitor v5412,Lote tecnologico 5412,"777,4",11,Hardware
Mouse v5413,Lote tecnologico 5413,"1488,19",190,Software
SSD v5414,Lote tecnologico 5414,"1080,88",50,Software
Teclado v5415,Lote tecnologico 5415,"208,37",92,Licencias
Monitor v5416,Lote tecnologico 5416,"681,83",61,Servicios
Laptop v5417,Lote tecnologico 5417,"252,01",94,Licencias
Monitor v5418,Lote tecnologico 5418,"745,65",149,Hardware
RAM v5419,Lote tecnologico 5419,"576,57",148,Software
SSD v5420,Lote tecnologico 5420,"791,08",168,Hardware
Mouse v5421,Lote tecnologico 5421,"1343,22",140,Hardware
Monitor v5422,Lote tecnologico 5422,"770,38",129,Hardware
Teclado v5423,Lote tecnologico 5423,"498,88",46,Servicios
Monitor v5424,Lote tecnologico 5424,"744,18",90,Servicios
Laptop v5425,Lote tecnologico 5425,"880,12",118,Hardware
Mouse v5426,Lote tecnologico 5426,"776,15",109,Licencias
Mouse v5427,Lote tecnologico 5427,"1157,37",187,Hardware
Mouse v5428,Lote tecnologico 5428,"913,1",39,Servicios
Monitor v5429,Lote tecnologico 5429,"1395,47",123,Servicios
Laptop v5430,Lote tecnologico 5430,"1162,65",47,Licencias
SSD v5431,Lote tecnologico 5431,"525,41",101,Software
Laptop v5432,Lote tecnologico 5432,"1299,25",17,Licencias
Mouse v5433,Lote tecnologico 5433,"871,19",94,Servicios
RAM v5434,Lote tecnologico 5434,"1480,71",71,Hardware
Monitor v5435,Lote tecnologico 5435,"694,77",133,Software
Laptop v5436,Lote tecnologico 5436,"685,46",168,Software
Mouse v5437,Lote tecnologico 5437,"699,05",182,Software
RAM v5438,Lote tecnologico 5438,"1165,71",81,Servicios
Monitor v5439,Lote tecnologico 5439,"1271,44",93,Licencias
Laptop v5440,Lote tecnologico 5440,"1411,34",10,Licencias
SSD v5441,Lote tecnologico 5441,"1485,11",51,Servicios
SSD v5442,Lote tecnologico 5442,"1195,47",39,Hardware
Laptop v5443,Lote tecnologico 5443,"1471,49",134,Hardware
Laptop v5444,Lote tecnologico 5444,"499,52",1,Hardware
SSD v5445,Lote tecnologico 5445,"830,59",116,Servicios
RAM v5446,Lote tecnologico 5446,"740,92",13,Servicios
RAM v5447,Lote tecnologico 5447,"53,65",49,Software
Teclado v5448,Lote tecnologico 5448,"941,45",62,Hardware
Laptop v5449,Lote tecnologico 5449,"636,95",67,Hardware
Laptop v5450,Lote tecnologico 5450,"244,96",54,Software
Monitor v5451,Lote tecnologico 5451,"442,09",127,Software
Monitor v5452,Lote tecnologico 5452,"806,59",175,Software
Teclado v5453,Lote tecnologico 5453,"1154,1",160,Servicios
SSD v5454,Lote tecnologico 5454,"851,68",13,Hardware
SSD v5455,Lote tecnologico 5455,"1045,98",24,Hardware
RAM v5456,Lote tecnologico 5456,"1066,24",83,Hardware
SSD v5457,Lote tecnologico 5457,"1305,6",189,Software
Mouse v5458,Lote tecnologico 5458,"1008,92",33,Servicios
SSD v5459,Lote tecnologico 5459,"392,2",38,Software
Laptop v5460,Lote tecnologico 5460,"746,35",115,Licencias
RAM v5461,Lote tecnologico 5461,"666,14",179,Servicios
Teclado v5462,Lote tecnologico 5462,"1453,73",121,Licencias
Monitor v5463,Lote tecnologico 5463,"500,24",184,Servicios
Monitor v5464,Lote tecnologico 5464,"1078,49",92,Software
RAM v5465,Lote tecnologico 5465,"818,72",121,Software
SSD v5466,Lote tecnologico 5466,"287,01",96,Hardware
SSD v5467,Lote tecnologico 5467,"1262,96",49,Licencias
SSD v5468,Lote tecnologico 5468,"801,28",63,Software
Teclado v5469,Lote tecnologico 5469,"441,2",35,Hardware
Monitor v5470,Lote tecnologico 5470,"1023,75",30,Servicios
SSD v5471,Lote tecnologico 5471,"415,13",163,Servicios
Monitor v5472,Lote tecnologico 5472,"712,83",150,Servicios
Mouse v5473,Lote tecnologico 5473,"642,49",163,Licencias
Laptop v5474,Lote tecnologico 5474,"1063,13",156,Hardware
SSD v5475,Lote tecnologico 5475,"620,42",16,Licencias
SSD v5476,Lote tecnologico 5476,"1401,89",131,Hardware
SSD v5477,Lote tecnologico 5477,"155,29",153,Licencias
Monitor v5478,Lote tecnologico 5478,"1160,63",22,Software
SSD v5479,Lote tecnologico 5479,"1053,63",42,Servicios
Monitor v5480,Lote tecnologico 5480,"929,75",57,Servicios
RAM v5481,Lote tecnologico 5481,"605,19",56,Licencias
SSD v5482,Lote tecnologico 5482,"228,77",166,Servicios
Teclado v5483,Lote tecnologico 5483,"846,17",48,Licencias
RAM v5484,Lote tecnologico 5484,"293,52",121,Servicios
Mouse v5485,Lote tecnologico 5485,522,176,Hardware
Mouse v5486,Lote tecnologico 5486,"677,55",191,Servicios
Teclado v5487,Lote tecnologico 5487,"1449,67",165,Software
Teclado v5488,Lote tecnologico 5488,"219,3",169,Licencias
Mouse v5489,Lote tecnologico 5489,"1297,94",114,Hardware
Monitor v5490,Lote tecnologico 5490,"615,91",140,Licencias
SSD v5491,Lote tecnologico 5491,"1414,7",138,Hardware
Laptop v5492,Lote tecnologico 5492,"172,16",107,Servicios
Laptop v5493,Lote tecnologico 5493,"816,98",166,Hardware
Laptop v5494,Lote tecnologico 5494,"489,53",99,Licencias
RAM v5495,Lote tecnologico 5495,"1025,94",114,Licencias
Monitor v5496,Lote tecnologico 5496,"1360,7",126,Servicios
Mouse v5497,Lote tecnologico 5497,"1275,23",141,Servicios
Monitor v5498,Lote tecnologico 5498,"1073,37",146,Hardware
Teclado v5499,Lote tecnologico 5499,"506,8",120,Hardware
Monitor v5500,Lote tecnologico 5500,"909,68",98,Hardware
RAM v5501,Lote tecnologico 5501,"1027,92",183,Hardware
Monitor v5502,Lote tecnologico 5502,"449,32",68,Servicios
Laptop v5503,Lote tecnologico 5503,"956,78",103,Hardware
Teclado v5504,Lote tecnologico 5504,"174,46",156,Licencias
Laptop v5505,Lote tecnologico 5505,"690,55",104,Hardware
Teclado v5506,Lote tecnologico 5506,"305,84",166,Licencias
SSD v5507,Lote tecnologico 5507,"929,69",121,Servicios
RAM v5508,Lote tecnologico 5508,"328,84",105,Servicios
Laptop v5509,Lote tecnologico 5509,"338,1",197,Hardware
SSD v5510,Lote tecnologico 5510,"1342,68",115,Hardware
Laptop v5511,Lote tecnologico 5511,"152,44",8,Servicios
Laptop v5512,Lote tecnologico 5512,"168,55",136,Hardware
Monitor v5513,Lote tecnologico 5513,"1088,8",20,Licencias
RAM v5514,Lote tecnologico 5514,"975,55",154,Servicios
RAM v5515,Lote tecnologico 5515,"788,9",48,Software
Monitor v5516,Lote tecnologico 5516,"181,89",131,Hardware
Monitor v5517,Lote tecnologico 5517,"1094,87",53,Licencias
Monitor v5518,Lote tecnologico 5518,"116,21",103,Servicios
Laptop v5519,Lote tecnologico 5519,"837,61",125,Software
Monitor v5520,Lote tecnologico 5520,"1086,27",60,Hardware
RAM v5521,Lote tecnologico 5521,"450,58",63,Software
Mouse v5522,Lote tecnologico 5522,"1175,93",90,Licencias
Monitor v5523,Lote tecnologico 5523,"764,4",47,Hardware
Mouse v5524,Lote tecnologico 5524,"662,22",190,Servicios
Mouse v5525,Lote tecnologico 5525,"1295,32",138,Hardware
RAM v5526,Lote tecnologico 5526,"590,76",196,Servicios
Mouse v5527,Lote tecnologico 5527,"1248,97",166,Hardware
Laptop v5528,Lote tecnologico 5528,"682,19",148,Servicios
Mouse v5529,Lote tecnologico 5529,"1330,35",125,Hardware
Monitor v5530,Lote tecnologico 5530,"1236,83",1,Hardware
SSD v5531,Lote tecnologico 5531,"299,88",20,Hardware
Monitor v5532,Lote tecnologico 5532,133,171,Servicios
Teclado v5533,Lote tecnologico 5533,"897,84",17,Software
SSD v5534,Lote tecnologico 5534,"767,97",72,Hardware
Monitor v5535,Lote tecnologico 5535,"888,13",21,Software
Monitor v5536,Lote tecnologico 5536,"116,38",122,Hardware
Monitor v5537,Lote tecnologico 5537,"749,57",43,Hardware
Laptop v5538,Lote tecnologico 5538,"165,8",99,Hardware
RAM v5539,Lote tecnologico 5539,"1382,79",60,Licencias
Mouse v5540,Lote tecnologico 5540,"815,75",164,Licencias
Teclado v5541,Lote tecnologico 5541,"456,75",76,Licencias
RAM v5542,Lote tecnologico 5542,"1297,56",14,Servicios
Monitor v5543,Lote tecnologico 5543,"1024,15",1,Hardware
SSD v5544,Lote tecnologico 5544,"1447,86",82,Hardware
Teclado v5545,Lote tecnologico 5545,"288,38",190,Software
SSD v5546,Lote tecnologico 5546,"560,25",77,Licencias
Laptop v5547,Lote tecnologico 5547,"343,06",79,Licencias
RAM v5548,Lote tecnologico 5548,"1081,36",111,Software
Mouse v5549,Lote tecnologico 5549,"602,4",74,Software
Monitor v5550,Lote tecnologico 5550,"747,3",34,Software
RAM v5551,Lote tecnologico 5551,"895,79",73,Software
Teclado v5552,Lote tecnologico 5552,"821,62",186,Software
Monitor v5553,Lote tecnologico 5553,"751,42",117,Licencias
SSD v5554,Lote tecnologico 5554,"798,84",132,Software
Monitor v5555,Lote tecnologico 5555,"1107,05",43,Hardware
SSD v5556,Lote tecnologico 5556,"524,38",165,Licencias
Laptop v5557,Lote tecnologico 5557,"85,19",190,Licencias
Laptop v5558,Lote tecnologico 5558,"602,02",48,Software
SSD v5559,Lote tecnologico 5559,"1158,32",49,Software
Mouse v5560,Lote tecnologico 5560,"726,21",44,Servicios
Mouse v5561,Lote tecnologico 5561,"789,5",26,Servicios
Teclado v5562,Lote tecnologico 5562,"1008,91",161,Hardware
SSD v5563,Lote tecnologico 5563,"1126,35",26,Hardware
RAM v5564,Lote tecnologico 5564,"276,37",62,Licencias
RAM v5565,Lote tecnologico 5565,"1385,8",99,Software
Teclado v5566,Lote tecnologico 5566,"205,97",93,Servicios
SSD v5567,Lote tecnologico 5567,"935,86",190,Hardware
Monitor v5568,Lote tecnologico 5568,"1002,44",174,Software
SSD v5569,Lote tecnologico 5569,"372,51",59,Licencias
Mouse v5570,Lote tecnologico 5570,"618,43",16,Licencias
Monitor v5571,Lote tecnologico 5571,"1065,97",133,Servicios
Mouse v5572,Lote tecnologico 5572,"571,95",144,Licencias
RAM v5573,Lote tecnologico 5573,"1092,56",122,Licencias
Laptop v5574,Lote tecnologico 5574,"432,01",57,Software
Teclado v5575,Lote tecnologico 5575,"716,55",110,Hardware
Monitor v5576,Lote tecnologico 5576,"221,32",30,Hardware
RAM v5577,Lote tecnologico 5577,"1407,52",119,Licencias
Laptop v5578,Lote tecnologico 5578,"197,73",135,Hardware
Laptop v5579,Lote tecnologico 5579,"90,19",74,Hardware
Laptop v5580,Lote tecnologico 5580,"179,03",160,Licencias
Laptop v5581,Lote tecnologico 5581,"548,77",52,Software
Mouse v5582,Lote tecnologico 5582,"163,32",124,Servicios
Mouse v5583,Lote tecnologico 5583,"575,51",71,Licencias
Teclado v5584,Lote tecnologico 5584,"997,18",47,Software
Teclado v5585,Lote tecnologico 5585,"1149,66",100,Software
RAM v5586,Lote tecnologico 5586,"1488,18",12,Servicios
Monitor v5587,Lote tecnologico 5587,"781,27",84,Servicios
SSD v5588,Lote tecnologico 5588,612,184,Hardware
Mouse v5589,Lote tecnologico 5589,"1376,33",122,Hardware
Monitor v5590,Lote tecnologico 5590,"1269,78",143,Licencias
Monitor v5591,Lote tecnologico 5591,"763,01",95,Licencias
Mouse v5592,Lote tecnologico 5592,"1363,85",69,Servicios
Monitor v5593,Lote tecnologico 5593,"318,12",69,Software
SSD v5594,Lote tecnologico 5594,"127,26",74,Licencias
Monitor v5595,Lote tecnologico 5595,"906,76",117,Servicios
Laptop v5596,Lote tecnologico 5596,"1069,9",169,Hardware
Teclado v5597,Lote tecnologico 5597,"278,48",115,Licencias
Monitor v5598,Lote tecnologico 5598,"434,89",78,Software
Teclado v5599,Lote tecnologico 5599,"1055,23",197,Licencias
Monitor v5600,Lote tecnologico 5600,"725,43",3,Licencias
Laptop v5601,Lote tecnologico 5601,"1430,64",190,Licencias
SSD v5602,Lote tecnologico 5602,"674,63",104,Servicios
Monitor v5603,Lote tecnologico 5603,"377,69",80,Hardware
Laptop v5604,Lote tecnologico 5604,"344,78",181,Servicios
Teclado v5605,Lote tecnologico 5605,"1428,41",65,Hardware
Monitor v5606,Lote tecnologico 5606,"174,89",145,Hardware
Laptop v5607,Lote tecnologico 5607,"578,35",91,Hardware
RAM v5608,Lote tecnologico 5608,"236,67",143,Licencias
SSD v5609,Lote tecnologico 5609,"1357,27",26,Hardware
Teclado v5610,Lote tecnologico 5610,"1317,64",181,Licencias
Laptop v5611,Lote tecnologico 5611,"314,46",11,Hardware
Laptop v5612,Lote tecnologico 5612,"396,98",2,Servicios
Laptop v5613,Lote tecnologico 5613,"1272,83",148,Servicios
Laptop v5614,Lote tecnologico 5614,"533,79",199,Licencias
RAM v5615,Lote tecnologico 5615,"431,73",169,Hardware
RAM v5616,Lote tecnologico 5616,"1277,25",40,Servicios
Monitor v5617,Lote tecnologico 5617,"768,23",172,Licencias
RAM v5618,Lote tecnologico 5618,"649,71",22,Hardware
RAM v5619,Lote tecnologico 5619,"1127,42",40,Software
Laptop v5620,Lote tecnologico 5620,"1190,63",47,Servicios
SSD v5621,Lote tecnologico 5621,1448,164,Servicios
SSD v5622,Lote tecnologico 5622,"923,51",155,Software
Monitor v5623,Lote tecnologico 5623,"804,39",169,Servicios
Teclado v5624,Lote tecnologico 5624,"455,44",38,Licencias
Monitor v5625,Lote tecnologico 5625,"160,69",64,Servicios
SSD v5626,Lote tecnologico 5626,"577,1",102,Servicios
Monitor v5627,Lote tecnologico 5627,"1387,44",101,Hardware
Laptop v5628,Lote tecnologico 5628,"608,64",113,Licencias
Teclado v5629,Lote tecnologico 5629,"1147,49",79,Software
RAM v5630,Lote tecnologico 5630,"1018,33",144,Hardware
Teclado v5631,Lote tecnologico 5631,"124,02",188,Servicios
Teclado v5632,Lote tecnologico 5632,"353,37",79,Licencias
Laptop v5633,Lote tecnologico 5633,"385,14",3,Servicios
Mouse v5634,Lote tecnologico 5634,"676,9",46,Servicios
Laptop v5635,Lote tecnologico 5635,"1406,21",147,Hardware
Monitor v5636,Lote tecnologico 5636,"1377,99",100,Licencias
Mouse v5637,Lote tecnologico 5637,"1179,03",14,Software
Teclado v5638,Lote tecnologico 5638,"588,19",93,Hardware
RAM v5639,Lote tecnologico 5639,"754,72",81,Licencias
Mouse v5640,Lote tecnologico 5640,"1120,61",132,Licencias
Teclado v5641,Lote tecnologico 5641,"574,21",141,Hardware
Mouse v5642,Lote tecnologico 5642,"1255,45",139,Servicios
Mouse v5643,Lote tecnologico 5643,"381,88",117,Hardware
Monitor v5644,Lote tecnologico 5644,"997,87",35,Servicios
Teclado v5645,Lote tecnologico 5645,"654,17",60,Servicios
Laptop v5646,Lote tecnologico 5646,"221,05",118,Servicios
Teclado v5647,Lote tecnologico 5647,"103,89",57,Hardware
Monitor v5648,Lote tecnologico 5648,"733,24",60,Servicios
RAM v5649,Lote tecnologico 5649,"778,97",57,Licencias
Mouse v5650,Lote tecnologico 5650,"911,46",26,Servicios
Laptop v5651,Lote tecnologico 5651,"132,9",152,Licencias
SSD v5652,Lote tecnologico 5652,"1176,32",197,Hardware
RAM v5653,Lote tecnologico 5653,"1460,21",150,Licencias
Monitor v5654,Lote tecnologico 5654,"1141,98",195,Software
Laptop v5655,Lote tecnologico 5655,"362,01",39,Software
Mouse v5656,Lote tecnologico 5656,"1444,29",31,Hardware
Monitor v5657,Lote tecnologico 5657,"1418,98",13,Hardware
SSD v5658,Lote tecnologico 5658,"153,09",20,Licencias
Laptop v5659,Lote tecnologico 5659,"1254,96",8,Licencias
SSD v5660,Lote tecnologico 5660,"1097,13",145,Software
RAM v5661,Lote tecnologico 5661,"195,01",50,Licencias
RAM v5662,Lote tecnologico 5662,"327,82",86,Software
Mouse v5663,Lote tecnologico 5663,"272,48",150,Software
Teclado v5664,Lote tecnologico 5664,"801,53",123,Servicios
Mouse v5665,Lote tecnologico 5665,"580,44",194,Hardware
Monitor v5666,Lote tecnologico 5666,"1002,68",128,Licencias
SSD v5667,Lote tecnologico 5667,"907,52",198,Servicios
Teclado v5668,Lote tecnologico 5668,"618,98",196,Software
RAM v5669,Lote tecnologico 5669,"1035,61",183,Servicios
SSD v5670,Lote tecnologico 5670,"814,65",127,Software
SSD v5671,Lote tecnologico 5671,"493,22",44,Servicios
Mouse v5672,Lote tecnologico 5672,"102,64",46,Servicios
Mouse v5673,Lote tecnologico 5673,"178,13",144,Hardware
Monitor v5674,Lote tecnologico 5674,"156,01",59,Software
Monitor v5675,Lote tecnologico 5675,"1087,48",91,Hardware
Teclado v5676,Lote tecnologico 5676,"459,33",117,Hardware
Laptop v5677,Lote tecnologico 5677,"556,19",67,Licencias
Teclado v5678,Lote tecnologico 5678,"1039,18",4,Hardware
Teclado v5679,Lote tecnologico 5679,"93,6",121,Servicios
Monitor v5680,Lote tecnologico 5680,"273,39",182,Servicios
Laptop v5681,Lote tecnologico 5681,"1450,62",6,Licencias
Teclado v5682,Lote tecnologico 5682,"248,5",51,Hardware
Laptop v5683,Lote tecnologico 5683,"75,44",94,Servicios
Monitor v5684,Lote tecnologico 5684,"539,43",72,Software
Mouse v5685,Lote tecnologico 5685,"762,8",138,Servicios
RAM v5686,Lote tecnologico 5686,1092,57,Hardware
Mouse v5687,Lote tecnologico 5687,"923,85",48,Licencias
Teclado v5688,Lote tecnologico 5688,"1490,03",50,Hardware
RAM v5689,Lote tecnologico 5689,"1401,27",44,Software
Laptop v5690,Lote tecnologico 5690,"349,77",61,Software
Mouse v5691,Lote tecnologico 5691,"1171,4",113,Hardware
RAM v5692,Lote tecnologico 5692,"653,64",129,Servicios
SSD v5693,Lote tecnologico 5693,"677,43",160,Hardware
Teclado v5694,Lote tecnologico 5694,"502,47",140,Hardware
SSD v5695,Lote tecnologico 5695,"193,61",175,Hardware
Monitor v5696,Lote tecnologico 5696,"101,9",124,Software
Monitor v5697,Lote tecnologico 5697,"930,34",55,Licencias
Teclado v5698,Lote tecnologico 5698,"597,92",139,Servicios
RAM v5699,Lote tecnologico 5699,"1181,44",23,Licencias
Teclado v5700,Lote tecnologico 5700,"716,26",95,Hardware
RAM v5701,Lote tecnologico 5701,"382,09",37,Licencias
SSD v5702,Lote tecnologico 5702,"784,58",13,Software
Monitor v5703,Lote tecnologico 5703,"719,1",44,Licencias
SSD v5704,Lote tecnologico 5704,"795,47",153,Hardware
RAM v5705,Lote tecnologico 5705,"375,51",132,Hardware
SSD v5706,Lote tecnologico 5706,"982,6",118,Hardware
Monitor v5707,Lote tecnologico 5707,"414,51",64,Servicios
Laptop v5708,Lote tecnologico 5708,"980,35",142,Hardware
Mouse v5709,Lote tecnologico 5709,"1470,3",45,Licencias
Laptop v5710,Lote tecnologico 5710,"124,01",10,Hardware
RAM v5711,Lote tecnologico 5711,"383,38",161,Servicios
Laptop v5712,Lote tecnologico 5712,"974,09",2,Software
SSD v5713,Lote tecnologico 5713,"1365,33",118,Hardware
RAM v5714,Lote tecnologico 5714,"1097,81",125,Hardware
Mouse v5715,Lote tecnologico 5715,"52,91",97,Hardware
Laptop v5716,Lote tecnologico 5716,"683,87",126,Licencias
Mouse v5717,Lote tecnologico 5717,"794,19",74,Licencias
Mouse v5718,Lote tecnologico 5718,"646,67",19,Hardware
RAM v5719,Lote tecnologico 5719,"487,12",154,Hardware
SSD v5720,Lote tecnologico 5720,"855,96",98,Servicios
Monitor v5721,Lote tecnologico 5721,"923,66",148,Servicios
Mouse v5722,Lote tecnologico 5722,"1173,2",103,Licencias
Laptop v5723,Lote tecnologico 5723,"1327,6",60,Servicios
RAM v5724,Lote tecnologico 5724,"184,88",190,Hardware
Monitor v5725,Lote tecnologico 5725,"110,46",39,Servicios
SSD v5726,Lote tecnologico 5726,"993,66",192,Servicios
Monitor v5727,Lote tecnologico 5727,"879,45",158,Software
SSD v5728,Lote tecnologico 5728,"64,99",96,Licencias
Laptop v5729,Lote tecnologico 5729,"70,39",184,Servicios
Monitor v5730,Lote tecnologico 5730,"1429,09",84,Servicios
RAM v5731,Lote tecnologico 5731,"587,93",10,Servicios
RAM v5732,Lote tecnologico 5732,"473,55",31,Hardware
SSD v5733,Lote tecnologico 5733,"499,18",33,Software
Laptop v5734,Lote tecnologico 5734,"704,26",53,Software
SSD v5735,Lote tecnologico 5735,"326,57",29,Software
SSD v5736,Lote tecnologico 5736,"268,22",56,Licencias
Laptop v5737,Lote tecnologico 5737,"1477,03",129,Software
SSD v5738,Lote tecnologico 5738,"1181,82",125,Licencias
RAM v5739,Lote tecnologico 5739,"470,05",157,Licencias
Teclado v5740,Lote tecnologico 5740,"1312,21",116,Hardware
Laptop v5741,Lote tecnologico 5741,"1131,68",122,Hardware
Laptop v5742,Lote tecnologico 5742,"457,82",142,Hardware
SSD v5743,Lote tecnologico 5743,"93,55",194,Hardware
Mouse v5744,Lote tecnologico 5744,"1392,27",81,Hardware
RAM v5745,Lote tecnologico 5745,"694,53",135,Licencias
Teclado v5746,Lote tecnologico 5746,"1358,87",81,Servicios
Mouse v5747,Lote tecnologico 5747,"1127,91",87,Servicios
Monitor v5748,Lote tecnologico 5748,"182,45",41,Software
RAM v5749,Lote tecnologico 5749,"895,74",50,Servicios
SSD v5750,Lote tecnologico 5750,"1076,22",26,Hardware
Teclado v5751,Lote tecnologico 5751,"292,41",30,Software
Mouse v5752,Lote tecnologico 5752,"582,61",166,Servicios
RAM v5753,Lote tecnologico 5753,"701,8",177,Servicios
Laptop v5754,Lote tecnologico 5754,"1017,15",184,Licencias
SSD v5755,Lote tecnologico 5755,"152,52",61,Hardware
SSD v5756,Lote tecnologico 5756,"149,19",121,Software
Monitor v5757,Lote tecnologico 5757,"1161,17",72,Software
Teclado v5758,Lote tecnologico 5758,"689,15",184,Licencias
SSD v5759,Lote tecnologico 5759,"1138,85",118,Servicios
SSD v5760,Lote tecnologico 5760,"875,58",18,Licencias
Monitor v5761,Lote tecnologico 5761,"772,85",76,Licencias
RAM v5762,Lote tecnologico 5762,"858,64",83,Licencias
Teclado v5763,Lote tecnologico 5763,"1432,36",181,Licencias
Mouse v5764,Lote tecnologico 5764,"853,83",184,Servicios
Monitor v5765,Lote tecnologico 5765,"1179,11",141,Software
Teclado v5766,Lote tecnologico 5766,"595,19",62,Software
Mouse v5767,Lote tecnologico 5767,"440,14",21,Servicios
RAM v5768,Lote tecnologico 5768,"1217,14",143,Licencias
Teclado v5769,Lote tecnologico 5769,"464,56",6,Hardware
Monitor v5770,Lote tecnologico 5770,"1451,3",156,Software
Mouse v5771,Lote tecnologico 5771,"1367,94",146,Hardware
Mouse v5772,Lote tecnologico 5772,"1193,92",15,Hardware
Mouse v5773,Lote tecnologico 5773,"690,77",66,Servicios
Teclado v5774,Lote tecnologico 5774,"1026,24",184,Licencias
RAM v5775,Lote tecnologico 5775,"1347,59",83,Licencias
Teclado v5776,Lote tecnologico 5776,"586,2",93,Software
SSD v5777,Lote tecnologico 5777,"464,67",89,Licencias
Teclado v5778,Lote tecnologico 5778,"534,61",64,Servicios
Mouse v5779,Lote tecnologico 5779,"1213,72",116,Software
Monitor v5780,Lote tecnologico 5780,"101,32",30,Servicios
Monitor v5781,Lote tecnologico 5781,"865,58",71,Servicios
Laptop v5782,Lote tecnologico 5782,"919,07",112,Software
RAM v5783,Lote tecnologico 5783,"183,08",37,Licencias
Mouse v5784,Lote tecnologico 5784,"53,57",197,Software
Monitor v5785,Lote tecnologico 5785,"369,53",80,Software
Laptop v5786,Lote tecnologico 5786,"839,87",24,Software
Laptop v5787,Lote tecnologico 5787,"860,93",55,Software
Laptop v5788,Lote tecnologico 5788,"1480,06",122,Software
Teclado v5789,Lote tecnologico 5789,444,127,Licencias
Laptop v5790,Lote tecnologico 5790,"121,17",111,Software
Laptop v5791,Lote tecnologico 5791,"1453,04",193,Software
Laptop v5792,Lote tecnologico 5792,"442,82",45,Hardware
RAM v5793,Lote tecnologico 5793,"248,64",21,Software
Monitor v5794,Lote tecnologico 5794,"1471,99",105,Hardware
RAM v5795,Lote tecnologico 5795,"197,64",142,Software
Teclado v5796,Lote tecnologico 5796,"1172,97",193,Licencias
SSD v5797,Lote tecnologico 5797,"539,54",178,Software
Mouse v5798,Lote tecnologico 5798,"1084,81",184,Licencias
Monitor v5799,Lote tecnologico 5799,"841,47",22,Licencias
Mouse v5800,Lote tecnologico 5800,"761,33",42,Hardware
Monitor v5801,Lote tecnologico 5801,"1133,27",170,Hardware
Teclado v5802,Lote tecnologico 5802,"1475,08",105,Software
Mouse v5803,Lote tecnologico 5803,"757,55",47,Software
SSD v5804,Lote tecnologico 5804,"282,52",193,Hardware
Monitor v5805,Lote tecnologico 5805,"1164,51",35,Licencias
Monitor v5806,Lote tecnologico 5806,"758,55",16,Software
Teclado v5807,Lote tecnologico 5807,"416,04",65,Servicios
Mouse v5808,Lote tecnologico 5808,"300,45",67,Servicios
SSD v5809,Lote tecnologico 5809,"589,68",4,Servicios
Laptop v5810,Lote tecnologico 5810,"88,91",79,Hardware
SSD v5811,Lote tecnologico 5811,"289,55",38,Licencias
Teclado v5812,Lote tecnologico 5812,"625,76",85,Servicios
RAM v5813,Lote tecnologico 5813,"770,26",113,Licencias
RAM v5814,Lote tecnologico 5814,"1368,34",90,Servicios
Mouse v5815,Lote tecnologico 5815,"409,97",154,Hardware
Monitor v5816,Lote tecnologico 5816,"343,9",159,Software
Laptop v5817,Lote tecnologico 5817,"964,82",10,Software
Mouse v5818,Lote tecnologico 5818,"1034,56",106,Hardware
RAM v5819,Lote tecnologico 5819,"1407,28",155,Servicios
Monitor v5820,Lote tecnologico 5820,"1481,31",0,Licencias
Monitor v5821,Lote tecnologico 5821,"746,93",116,Software
Monitor v5822,Lote tecnologico 5822,"1472,07",37,Hardware
Mouse v5823,Lote tecnologico 5823,"1121,9",41,Licencias
Laptop v5824,Lote tecnologico 5824,"1265,04",123,Servicios
Monitor v5825,Lote tecnologico 5825,"1326,07",68,Hardware
Monitor v5826,Lote tecnologico 5826,"534,43",127,Hardware
Monitor v5827,Lote tecnologico 5827,"948,83",94,Servicios
Monitor v5828,Lote tecnologico 5828,853,178,Servicios
SSD v5829,Lote tecnologico 5829,"167,14",199,Licencias
Mouse v5830,Lote tecnologico 5830,"811,53",165,Licencias
Teclado v5831,Lote tecnologico 5831,"326,11",54,Licencias
Laptop v5832,Lote tecnologico 5832,"1386,93",73,Hardware
RAM v5833,Lote tecnologico 5833,"1178,99",145,Licencias
Teclado v5834,Lote tecnologico 5834,"61,98",161,Licencias
RAM v5835,Lote tecnologico 5835,"1194,43",127,Servicios
Monitor v5836,Lote tecnologico 5836,"1173,75",11,Servicios
RAM v5837,Lote tecnologico 5837,"1331,42",140,Servicios
RAM v5838,Lote tecnologico 5838,"201,3",83,Hardware
Laptop v5839,Lote tecnologico 5839,"68,97",120,Software
RAM v5840,Lote tecnologico 5840,"680,13",123,Software
Monitor v5841,Lote tecnologico 5841,"1152,84",194,Licencias
RAM v5842,Lote tecnologico 5842,"654,23",80,Licencias
Laptop v5843,Lote tecnologico 5843,"61,69",86,Servicios
SSD v5844,Lote tecnologico 5844,"404,91",60,Servicios
RAM v5845,Lote tecnologico 5845,"1453,02",4,Hardware
SSD v5846,Lote tecnologico 5846,"1418,45",94,Licencias
Laptop v5847,Lote tecnologico 5847,"1334,55",148,Software
RAM v5848,Lote tecnologico 5848,"765,92",71,Servicios
Teclado v5849,Lote tecnologico 5849,"229,22",87,Licencias
Monitor v5850,Lote tecnologico 5850,"1357,56",28,Licencias
Mouse v5851,Lote tecnologico 5851,"489,56",63,Software
Mouse v5852,Lote tecnologico 5852,"1490,08",155,Servicios
Laptop v5853,Lote tecnologico 5853,"288,08",142,Servicios
Teclado v5854,Lote tecnologico 5854,"840,25",83,Servicios
SSD v5855,Lote tecnologico 5855,"474,97",171,Licencias
RAM v5856,Lote tecnologico 5856,"117,66",5,Software
SSD v5857,Lote tecnologico 5857,"1276,75",174,Servicios
Mouse v5858,Lote tecnologico 5858,"629,4",155,Licencias
RAM v5859,Lote tecnologico 5859,"666,14",17,Hardware
SSD v5860,Lote tecnologico 5860,"1415,42",169,Software
RAM v5861,Lote tecnologico 5861,"68,26",41,Servicios
Laptop v5862,Lote tecnologico 5862,"346,21",21,Hardware
Laptop v5863,Lote tecnologico 5863,"650,53",46,Hardware
Teclado v5864,Lote tecnologico 5864,"1267,49",86,Servicios
SSD v5865,Lote tecnologico 5865,"320,86",149,Software
RAM v5866,Lote tecnologico 5866,"1224,78",179,Hardware
RAM v5867,Lote tecnologico 5867,"1357,61",117,Licencias
Mouse v5868,Lote tecnologico 5868,"64,27",179,Hardware
Mouse v5869,Lote tecnologico 5869,"527,62",147,Software
Laptop v5870,Lote tecnologico 5870,"889,94",176,Software
Laptop v5871,Lote tecnologico 5871,"512,42",3,Licencias
Teclado v5872,Lote tecnologico 5872,"878,49",51,Licencias
SSD v5873,Lote tecnologico 5873,"92,03",73,Licencias
Teclado v5874,Lote tecnologico 5874,"204,48",169,Servicios
Mouse v5875,Lote tecnologico 5875,"1416,9",75,Hardware
Monitor v5876,Lote tecnologico 5876,"879,99",3,Hardware
Mouse v5877,Lote tecnologico 5877,"122,84",83,Software
Monitor v5878,Lote tecnologico 5878,"158,28",14,Software
Mouse v5879,Lote tecnologico 5879,"144,45",49,Licencias
Teclado v5880,Lote tecnologico 5880,"692,85",147,Licencias
Laptop v5881,Lote tecnologico 5881,"1464,35",124,Licencias
Monitor v5882,Lote tecnologico 5882,"412,89",7,Hardware
Teclado v5883,Lote tecnologico 5883,"1096,48",34,Software
Mouse v5884,Lote tecnologico 5884,"1322,75",147,Servicios
RAM v5885,Lote tecnologico 5885,"807,25",8,Licencias
SSD v5886,Lote tecnologico 5886,"1127,28",62,Hardware
Teclado v5887,Lote tecnologico 5887,"161,07",91,Licencias
Monitor v5888,Lote tecnologico 5888,"748,82",183,Hardware
RAM v5889,Lote tecnologico 5889,"999,21",72,Licencias
SSD v5890,Lote tecnologico 5890,"1387,61",43,Software
Monitor v5891,Lote tecnologico 5891,"865,82",110,Licencias
Teclado v5892,Lote tecnologico 5892,"1453,17",54,Hardware
Monitor v5893,Lote tecnologico 5893,"554,12",136,Licencias
Mouse v5894,Lote tecnologico 5894,"541,08",3,Hardware
Teclado v5895,Lote tecnologico 5895,"414,76",183,Servicios
SSD v5896,Lote tecnologico 5896,"75,7",139,Servicios
Mouse v5897,Lote tecnologico 5897,"554,45",118,Hardware
Teclado v5898,Lote tecnologico 5898,"1190,53",171,Servicios
Monitor v5899,Lote tecnologico 5899,"1032,92",38,Servicios
Teclado v5900,Lote tecnologico 5900,"1116,24",108,Hardware
Monitor v5901,Lote tecnologico 5901,"1108,43",173,Software
SSD v5902,Lote tecnologico 5902,"821,82",117,Servicios
RAM v5903,Lote tecnologico 5903,"881,21",114,Software
Laptop v5904,Lote tecnologico 5904,"1112,74",20,Hardware
Mouse v5905,Lote tecnologico 5905,"747,62",59,Hardware
Teclado v5906,Lote tecnologico 5906,"1270,3",159,Servicios
Mouse v5907,Lote tecnologico 5907,"515,7",181,Servicios
SSD v5908,Lote tecnologico 5908,"1335,53",134,Software
SSD v5909,Lote tecnologico 5909,"790,17",96,Software
SSD v5910,Lote tecnologico 5910,"1141,36",156,Servicios
Teclado v5911,Lote tecnologico 5911,"1220,19",119,Hardware
RAM v5912,Lote tecnologico 5912,"1315,25",186,Hardware
Laptop v5913,Lote tecnologico 5913,"300,95",74,Hardware
Monitor v5914,Lote tecnologico 5914,"1485,97",5,Servicios
Monitor v5915,Lote tecnologico 5915,"715,79",114,Hardware
Monitor v5916,Lote tecnologico 5916,"648,07",57,Software
SSD v5917,Lote tecnologico 5917,"1071,5",55,Hardware
RAM v5918,Lote tecnologico 5918,"1411,9",20,Servicios
Laptop v5919,Lote tecnologico 5919,"1247,3",46,Hardware
Teclado v5920,Lote tecnologico 5920,"1147,29",45,Licencias
SSD v5921,Lote tecnologico 5921,"1281,95",30,Licencias
Laptop v5922,Lote tecnologico 5922,"1349,46",36,Licencias
RAM v5923,Lote tecnologico 5923,"1294,95",65,Software
Mouse v5924,Lote tecnologico 5924,"542,93",198,Servicios
SSD v5925,Lote tecnologico 5925,"886,33",54,Hardware
Teclado v5926,Lote tecnologico 5926,"665,2",108,Servicios
Laptop v5927,Lote tecnologico 5927,"1137,49",16,Licencias
Mouse v5928,Lote tecnologico 5928,"111,04",181,Software
Monitor v5929,Lote tecnologico 5929,"1399,34",135,Hardware
SSD v5930,Lote tecnologico 5930,"105,96",197,Licencias
Monitor v5931,Lote tecnologico 5931,"1043,27",63,Software
Laptop v5932,Lote tecnologico 5932,"1094,49",82,Servicios
Mouse v5933,Lote tecnologico 5933,"1338,4",19,Servicios
Mouse v5934,Lote tecnologico 5934,"1331,7",128,Servicios
Teclado v5935,Lote tecnologico 5935,"594,66",163,Licencias
Laptop v5936,Lote tecnologico 5936,"1068,13",132,Hardware
Monitor v5937,Lote tecnologico 5937,"564,03",141,Servicios
RAM v5938,Lote tecnologico 5938,"1352,69",1,Licencias
Mouse v5939,Lote tecnologico 5939,"877,56",137,Licencias
SSD v5940,Lote tecnologico 5940,"71,65",179,Servicios
Mouse v5941,Lote tecnologico 5941,"349,64",80,Licencias
Teclado v5942,Lote tecnologico 5942,"1442,07",151,Hardware
Mouse v5943,Lote tecnologico 5943,"363,65",62,Hardware
Mouse v5944,Lote tecnologico 5944,"304,58",74,Software
Teclado v5945,Lote tecnologico 5945,"381,58",193,Licencias
Monitor v5946,Lote tecnologico 5946,"705,51",65,Licencias
Teclado v5947,Lote tecnologico 5947,"1424,98",89,Licencias
Monitor v5948,Lote tecnologico 5948,"1247,24",46,Servicios
SSD v5949,Lote tecnologico 5949,"664,6",94,Software
Monitor v5950,Lote tecnologico 5950,"704,98",151,Hardware
Teclado v5951,Lote tecnologico 5951,"1493,54",23,Licencias
Mouse v5952,Lote tecnologico 5952,"1033,88",161,Licencias
Laptop v5953,Lote tecnologico 5953,"449,32",180,Hardware
Monitor v5954,Lote tecnologico 5954,"511,77",0,Licencias
Mouse v5955,Lote tecnologico 5955,"1133,63",26,Servicios
Laptop v5956,Lote tecnologico 5956,"135,67",160,Hardware
Laptop v5957,Lote tecnologico 5957,"1286,8",10,Hardware
RAM v5958,Lote tecnologico 5958,"347,12",35,Hardware
Mouse v5959,Lote tecnologico 5959,"700,54",93,Servicios
Laptop v5960,Lote tecnologico 5960,"1036,19",124,Hardware
SSD v5961,Lote tecnologico 5961,"422,99",90,Servicios
SSD v5962,Lote tecnologico 5962,"1135,95",81,Licencias
Teclado v5963,Lote tecnologico 5963,"526,76",119,Hardware
SSD v5964,Lote tecnologico 5964,"1399,69",107,Hardware
Mouse v5965,Lote tecnologico 5965,"835,65",88,Servicios
SSD v5966,Lote tecnologico 5966,"1436,16",136,Servicios
Laptop v5967,Lote tecnologico 5967,"823,91",17,Licencias
Laptop v5968,Lote tecnologico 5968,"1097,39",59,Software
Mouse v5969,Lote tecnologico 5969,"582,38",179,Licencias
Monitor v5970,Lote tecnologico 5970,"373,42",38,Servicios
Mouse v5971,Lote tecnologico 5971,"1115,15",40,Servicios
Monitor v5972,Lote tecnologico 5972,"585,81",56,Hardware
Laptop v5973,Lote tecnologico 5973,"503,31",147,Licencias
Teclado v5974,Lote tecnologico 5974,"887,1",115,Software
RAM v5975,Lote tecnologico 5975,"1059,7",122,Hardware
Teclado v5976,Lote tecnologico 5976,"1289,66",149,Licencias
Monitor v5977,Lote tecnologico 5977,"1032,49",136,Hardware
SSD v5978,Lote tecnologico 5978,"372,93",150,Licencias
Mouse v5979,Lote tecnologico 5979,"1277,37",142,Licencias
SSD v5980,Lote tecnologico 5980,"789,48",38,Hardware
SSD v5981,Lote tecnologico 5981,"842,93",97,Software
Teclado v5982,Lote tecnologico 5982,"1395,41",121,Licencias
RAM v5983,Lote tecnologico 5983,"966,15",110,Hardware
Monitor v5984,Lote tecnologico 5984,"695,65",103,Hardware
RAM v5985,Lote tecnologico 5985,"945,08",76,Servicios
RAM v5986,Lote tecnologico 5986,"358,79",80,Licencias
RAM v5987,Lote tecnologico 5987,"1032,05",175,Licencias
Laptop v5988,Lote tecnologico 5988,"292,98",170,Licencias
Mouse v5989,Lote tecnologico 5989,"1067,8",112,Hardware
Laptop v5990,Lote tecnologico 5990,"414,68",27,Licencias
Laptop v5991,Lote tecnologico 5991,"264,85",180,Hardware
Monitor v5992,Lote tecnologico 5992,"77,36",37,Software
RAM v5993,Lote tecnologico 5993,"519,89",121,Servicios
Mouse v5994,Lote tecnologico 5994,"1407,84",90,Software
RAM v5995,Lote tecnologico 5995,"1182,62",71,Hardware
Mouse v5996,Lote tecnologico 5996,"1060,93",132,Software
Laptop v5997,Lote tecnologico 5997,"692,79",94,Licencias
Laptop v5998,Lote tecnologico 5998,"1145,08",159,Software
RAM v5999,Lote tecnologico 5999,"321,73",139,Hardware
Teclado v6000,Lote tecnologico 6000,"455,92",52,Software
Laptop v6001,Lote tecnologico 6001,"1245,16",182,Servicios
Teclado v6002,Lote tecnologico 6002,"407,58",145,Licencias
Teclado v6003,Lote tecnologico 6003,"975,21",195,Hardware
Teclado v6004,Lote tecnologico 6004,"1113,42",13,Software
Mouse v6005,Lote tecnologico 6005,"1045,22",28,Servicios
Mouse v6006,Lote tecnologico 6006,"623,47",146,Servicios
Monitor v6007,Lote tecnologico 6007,"917,07",23,Software
RAM v6008,Lote tecnologico 6008,"1249,64",126,Servicios
Teclado v6009,Lote tecnologico 6009,"1144,28",110,Software
Monitor v6010,Lote tecnologico 6010,"1166,57",63,Servicios
Mouse v6011,Lote tecnologico 6011,"1495,91",21,Licencias
Laptop v6012,Lote tecnologico 6012,"504,26",71,Servicios
Monitor v6013,Lote tecnologico 6013,"323,22",109,Hardware
Laptop v6014,Lote tecnologico 6014,"803,9",27,Servicios
SSD v6015,Lote tecnologico 6015,"945,57",144,Software
Laptop v6016,Lote tecnologico 6016,"1355,95",19,Software
Mouse v6017,Lote tecnologico 6017,"1083,57",84,Hardware
Monitor v6018,Lote tecnologico 6018,"1002,29",154,Hardware
Mouse v6019,Lote tecnologico 6019,"437,99",40,Software
RAM v6020,Lote tecnologico 6020,"583,89",162,Servicios
Teclado v6021,Lote tecnologico 6021,"161,81",23,Licencias
Monitor v6022,Lote tecnologico 6022,"133,85",156,Servicios
Teclado v6023,Lote tecnologico 6023,"823,53",28,Hardware
Mouse v6024,Lote tecnologico 6024,"1473,51",106,Hardware
SSD v6025,Lote tecnologico 6025,"1077,22",185,Servicios
Laptop v6026,Lote tecnologico 6026,"689,73",183,Hardware
RAM v6027,Lote tecnologico 6027,"1255,92",53,Servicios
Monitor v6028,Lote tecnologico 6028,"1409,76",67,Software
Mouse v6029,Lote tecnologico 6029,"292,18",35,Servicios
Monitor v6030,Lote tecnologico 6030,"556,62",84,Servicios
RAM v6031,Lote tecnologico 6031,"929,88",47,Software
Teclado v6032,Lote tecnologico 6032,"1477,87",181,Hardware
RAM v6033,Lote tecnologico 6033,"806,49",65,Software
Teclado v6034,Lote tecnologico 6034,"1029,44",119,Software
Teclado v6035,Lote tecnologico 6035,"1221,11",187,Software
SSD v6036,Lote tecnologico 6036,"1070,36",109,Hardware
Laptop v6037,Lote tecnologico 6037,"743,95",10,Software
Teclado v6038,Lote tecnologico 6038,"1081,35",178,Servicios
Teclado v6039,Lote tecnologico 6039,"268,38",45,Software
RAM v6040,Lote tecnologico 6040,"844,76",194,Hardware
Laptop v6041,Lote tecnologico 6041,"137,72",25,Servicios
Teclado v6042,Lote tecnologico 6042,"1257,08",11,Hardware
SSD v6043,Lote tecnologico 6043,"275,92",99,Hardware
Teclado v6044,Lote tecnologico 6044,"709,79",33,Software
Monitor v6045,Lote tecnologico 6045,"327,37",192,Hardware
Laptop v6046,Lote tecnologico 6046,"1207,09",49,Licencias
Mouse v6047,Lote tecnologico 6047,"291,98",168,Software
Teclado v6048,Lote tecnologico 6048,"462,89",27,Software
Teclado v6049,Lote tecnologico 6049,"261,81",169,Hardware
RAM v6050,Lote tecnologico 6050,"1220,08",23,Software
Teclado v6051,Lote tecnologico 6051,"543,23",4,Software
RAM v6052,Lote tecnologico 6052,"612,74",4,Licencias
Teclado v6053,Lote tecnologico 6053,"1184,51",154,Licencias
Monitor v6054,Lote tecnologico 6054,"452,9",15,Servicios
SSD v6055,Lote tecnologico 6055,"1005,5",56,Servicios
Laptop v6056,Lote tecnologico 6056,"919,23",115,Software
RAM v6057,Lote tecnologico 6057,"867,15",109,Servicios
RAM v6058,Lote tecnologico 6058,"293,41",146,Software
Mouse v6059,Lote tecnologico 6059,"1406,39",90,Licencias
RAM v6060,Lote tecnologico 6060,"679,98",65,Software
Teclado v6061,Lote tecnologico 6061,"709,55",149,Licencias
SSD v6062,Lote tecnologico 6062,"297,64",44,Servicios
RAM v6063,Lote tecnologico 6063,"608,26",24,Licencias
Laptop v6064,Lote tecnologico 6064,"606,48",142,Licencias
Laptop v6065,Lote tecnologico 6065,"91,8",178,Licencias
Monitor v6066,Lote tecnologico 6066,"1113,5",41,Hardware
RAM v6067,Lote tecnologico 6067,"661,04",38,Software
Teclado v6068,Lote tecnologico 6068,"1215,54",68,Licencias
Teclado v6069,Lote tecnologico 6069,"846,88",0,Software
Laptop v6070,Lote tecnologico 6070,"1180,77",160,Software
Monitor v6071,Lote tecnologico 6071,"335,92",127,Hardware
SSD v6072,Lote tecnologico 6072,"1487,05",5,Software
Laptop v6073,Lote tecnologico 6073,"752,36",182,Servicios
RAM v6074,Lote tecnologico 6074,"102,2",188,Hardware
Laptop v6075,Lote tecnologico 6075,"364,78",159,Software
Laptop v6076,Lote tecnologico 6076,"283,29",139,Software
SSD v6077,Lote tecnologico 6077,"1008,06",167,Licencias
Mouse v6078,Lote tecnologico 6078,"958,02",10,Hardware
Laptop v6079,Lote tecnologico 6079,"876,04",125,Software
Laptop v6080,Lote tecnologico 6080,"1246,68",141,Servicios
SSD v6081,Lote tecnologico 6081,"1074,78",59,Software
Teclado v6082,Lote tecnologico 6082,"278,73",181,Hardware
SSD v6083,Lote tecnologico 6083,"436,1",129,Licencias
SSD v6084,Lote tecnologico 6084,"868,22",143,Servicios
Mouse v6085,Lote tecnologico 6085,"646,39",45,Servicios
Laptop v6086,Lote tecnologico 6086,"1319,73",173,Software
Mouse v6087,Lote tecnologico 6087,"1382,12",156,Licencias
RAM v6088,Lote tecnologico 6088,"50,12",140,Servicios
RAM v6089,Lote tecnologico 6089,"1493,98",30,Hardware
Monitor v6090,Lote tecnologico 6090,"800,19",119,Hardware
RAM v6091,Lote tecnologico 6091,"1207,66",23,Hardware
SSD v6092,Lote tecnologico 6092,"618,47",101,Software
Laptop v6093,Lote tecnologico 6093,"428,62",153,Servicios
Monitor v6094,Lote tecnologico 6094,"860,89",144,Servicios
SSD v6095,Lote tecnologico 6095,"1256,65",16,Hardware
Mouse v6096,Lote tecnologico 6096,"985,54",115,Hardware
RAM v6097,Lote tecnologico 6097,"1414,72",138,Hardware
Teclado v6098,Lote tecnologico 6098,"1302,38",7,Software
Mouse v6099,Lote tecnologico 6099,"477,25",171,Licencias
Mouse v6100,Lote tecnologico 6100,"752,6",67,Software
Laptop v6101,Lote tecnologico 6101,"145,07",65,Servicios
Teclado v6102,Lote tecnologico 6102,"433,39",0,Software
Mouse v6103,Lote tecnologico 6103,"615,54",133,Servicios
Teclado v6104,Lote tecnologico 6104,"1100,02",121,Software
Laptop v6105,Lote tecnologico 6105,"518,77",59,Software
RAM v6106,Lote tecnologico 6106,"930,67",1,Licencias
Laptop v6107,Lote tecnologico 6107,"1100,84",26,Servicios
RAM v6108,Lote tecnologico 6108,"1179,9",17,Licencias
RAM v6109,Lote tecnologico 6109,"117,82",61,Software
Laptop v6110,Lote tecnologico 6110,1252,173,Software
Teclado v6111,Lote tecnologico 6111,"181,6",59,Hardware
Mouse v6112,Lote tecnologico 6112,"724,38",97,Servicios
Teclado v6113,Lote tecnologico 6113,"256,91",149,Licencias
Monitor v6114,Lote tecnologico 6114,"220,22",82,Software
Laptop v6115,Lote tecnologico 6115,"134,39",45,Licencias
Mouse v6116,Lote tecnologico 6116,"329,27",18,Hardware
Laptop v6117,Lote tecnologico 6117,"188,3",113,Servicios
SSD v6118,Lote tecnologico 6118,"354,8",39,Software
Teclado v6119,Lote tecnologico 6119,"767,39",6,Servicios
Laptop v6120,Lote tecnologico 6120,"1426,25",155,Servicios
RAM v6121,Lote tecnologico 6121,"230,35",86,Hardware
Teclado v6122,Lote tecnologico 6122,"365,33",183,Software
Mouse v6123,Lote tecnologico 6123,"383,43",180,Software
Laptop v6124,Lote tecnologico 6124,"566,42",181,Licencias
RAM v6125,Lote tecnologico 6125,"211,62",102,Licencias
Mouse v6126,Lote tecnologico 6126,"687,64",112,Software
Teclado v6127,Lote tecnologico 6127,"1399,79",187,Licencias
Monitor v6128,Lote tecnologico 6128,"1492,56",191,Software
Mouse v6129,Lote tecnologico 6129,"71,67",53,Licencias
Mouse v6130,Lote tecnologico 6130,"607,49",33,Hardware
Monitor v6131,Lote tecnologico 6131,"1369,79",72,Servicios
Laptop v6132,Lote tecnologico 6132,"531,66",156,Licencias
Monitor v6133,Lote tecnologico 6133,"76,29",52,Licencias
Monitor v6134,Lote tecnologico 6134,"626,47",57,Licencias
RAM v6135,Lote tecnologico 6135,"803,03",181,Hardware
Monitor v6136,Lote tecnologico 6136,"616,38",6,Hardware
Laptop v6137,Lote tecnologico 6137,"579,02",15,Servicios
RAM v6138,Lote tecnologico 6138,"378,89",107,Software
Teclado v6139,Lote tecnologico 6139,"497,47",98,Software
Monitor v6140,Lote tecnologico 6140,"1168,34",150,Licencias
RAM v6141,Lote tecnologico 6141,"1106,64",66,Servicios
Teclado v6142,Lote tecnologico 6142,"838,05",100,Licencias
RAM v6143,Lote tecnologico 6143,"315,59",78,Licencias
Teclado v6144,Lote tecnologico 6144,"437,49",124,Licencias
Teclado v6145,Lote tecnologico 6145,"887,74",190,Servicios
Monitor v6146,Lote tecnologico 6146,"1081,39",64,Licencias
Monitor v6147,Lote tecnologico 6147,"1243,39",91,Hardware
SSD v6148,Lote tecnologico 6148,"1428,11",107,Software
Teclado v6149,Lote tecnologico 6149,1304,84,Software
Laptop v6150,Lote tecnologico 6150,"786,41",139,Servicios
Laptop v6151,Lote tecnologico 6151,"783,87",66,Software
Laptop v6152,Lote tecnologico 6152,"602,17",141,Software
Monitor v6153,Lote tecnologico 6153,"50,36",105,Software
Mouse v6154,Lote tecnologico 6154,"1356,56",135,Software
RAM v6155,Lote tecnologico 6155,"1420,51",106,Servicios
Laptop v6156,Lote tecnologico 6156,"855,49",153,Hardware
Mouse v6157,Lote tecnologico 6157,"1434,27",62,Hardware
Teclado v6158,Lote tecnologico 6158,"521,46",132,Software
SSD v6159,Lote tecnologico 6159,"1442,32",141,Software
Teclado v6160,Lote tecnologico 6160,"401,4",77,Hardware
Mouse v6161,Lote tecnologico 6161,"1137,74",76,Servicios
RAM v6162,Lote tecnologico 6162,"1309,96",75,Hardware
RAM v6163,Lote tecnologico 6163,678,0,Servicios
Mouse v6164,Lote tecnologico 6164,"629,08",13,Servicios
Mouse v6165,Lote tecnologico 6165,"1019,52",116,Servicios
Laptop v6166,Lote tecnologico 6166,"137,23",142,Servicios
RAM v6167,Lote tecnologico 6167,"711,75",148,Software
Teclado v6168,Lote tecnologico 6168,"831,96",160,Servicios
SSD v6169,Lote tecnologico 6169,"63,94",130,Hardware
Laptop v6170,Lote tecnologico 6170,"1382,84",15,Hardware
RAM v6171,Lote tecnologico 6171,"814,28",123,Servicios
RAM v6172,Lote tecnologico 6172,"233,69",168,Hardware
SSD v6173,Lote tecnologico 6173,"183,43",85,Software
SSD v6174,Lote tecnologico 6174,"710,81",117,Software
SSD v6175,Lote tecnologico 6175,"904,59",3,Licencias
Laptop v6176,Lote tecnologico 6176,"1307,31",108,Servicios
SSD v6177,Lote tecnologico 6177,"1026,57",147,Software
SSD v6178,Lote tecnologico 6178,"1316,55",84,Servicios
Mouse v6179,Lote tecnologico 6179,"992,69",103,Software
Laptop v6180,Lote tecnologico 6180,"865,45",100,Licencias
SSD v6181,Lote tecnologico 6181,"1241,57",51,Servicios
SSD v6182,Lote tecnologico 6182,"874,34",162,Licencias
Teclado v6183,Lote tecnologico 6183,"1098,76",33,Hardware
Mouse v6184,Lote tecnologico 6184,"171,88",2,Software
Teclado v6185,Lote tecnologico 6185,"476,51",114,Hardware
Monitor v6186,Lote tecnologico 6186,"1020,58",126,Servicios
Mouse v6187,Lote tecnologico 6187,"1211,34",144,Software
Monitor v6188,Lote tecnologico 6188,"321,9",160,Hardware
Monitor v6189,Lote tecnologico 6189,"1446,24",5,Servicios
Teclado v6190,Lote tecnologico 6190,"1130,97",174,Licencias
Teclado v6191,Lote tecnologico 6191,"141,48",104,Licencias
Monitor v6192,Lote tecnologico 6192,"1153,73",139,Licencias
RAM v6193,Lote tecnologico 6193,"533,97",192,Licencias
Mouse v6194,Lote tecnologico 6194,"517,2",59,Servicios
Mouse v6195,Lote tecnologico 6195,"700,76",133,Hardware
SSD v6196,Lote tecnologico 6196,"460,63",167,Licencias
Teclado v6197,Lote tecnologico 6197,"193,35",181,Hardware
Mouse v6198,Lote tecnologico 6198,"879,76",178,Licencias
Laptop v6199,Lote tecnologico 6199,"1473,48",9,Licencias
Monitor v6200,Lote tecnologico 6200,"640,89",92,Servicios
Mouse v6201,Lote tecnologico 6201,"59,29",103,Servicios
Monitor v6202,Lote tecnologico 6202,"663,61",165,Software
Laptop v6203,Lote tecnologico 6203,"1221,7",86,Licencias
Laptop v6204,Lote tecnologico 6204,"454,95",119,Hardware
Monitor v6205,Lote tecnologico 6205,"359,95",59,Licencias
Mouse v6206,Lote tecnologico 6206,"720,58",80,Licencias
Monitor v6207,Lote tecnologico 6207,"598,57",138,Hardware
SSD v6208,Lote tecnologico 6208,"358,42",109,Licencias
RAM v6209,Lote tecnologico 6209,"587,44",169,Servicios
SSD v6210,Lote tecnologico 6210,"287,16",195,Hardware
SSD v6211,Lote tecnologico 6211,"398,82",23,Software
Teclado v6212,Lote tecnologico 6212,"994,49",186,Servicios
Mouse v6213,Lote tecnologico 6213,"105,63",39,Servicios
Monitor v6214,Lote tecnologico 6214,"906,72",104,Software
SSD v6215,Lote tecnologico 6215,"310,51",97,Servicios
SSD v6216,Lote tecnologico 6216,"426,75",10,Licencias
RAM v6217,Lote tecnologico 6217,"699,12",24,Software
SSD v6218,Lote tecnologico 6218,"406,35",18,Hardware
Teclado v6219,Lote tecnologico 6219,"297,92",146,Servicios
Teclado v6220,Lote tecnologico 6220,"900,92",71,Software
SSD v6221,Lote tecnologico 6221,"546,42",22,Hardware
Mouse v6222,Lote tecnologico 6222,"453,36",39,Software
Monitor v6223,Lote tecnologico 6223,"212,65",18,Servicios
Monitor v6224,Lote tecnologico 6224,"1493,98",72,Licencias
SSD v6225,Lote tecnologico 6225,"1389,58",194,Software
Laptop v6226,Lote tecnologico 6226,"435,68",174,Hardware
SSD v6227,Lote tecnologico 6227,"440,7",195,Hardware
Laptop v6228,Lote tecnologico 6228,"97,36",5,Software
Mouse v6229,Lote tecnologico 6229,"258,79",34,Servicios
RAM v6230,Lote tecnologico 6230,"1197,42",94,Software
RAM v6231,Lote tecnologico 6231,"1422,31",97,Servicios
RAM v6232,Lote tecnologico 6232,"1339,73",157,Licencias
SSD v6233,Lote tecnologico 6233,"521,15",125,Software
Mouse v6234,Lote tecnologico 6234,"1103,34",168,Hardware
Laptop v6235,Lote tecnologico 6235,"1266,06",107,Software
RAM v6236,Lote tecnologico 6236,"312,56",19,Software
Laptop v6237,Lote tecnologico 6237,"1089,52",125,Software
Monitor v6238,Lote tecnologico 6238,"573,76",154,Hardware
RAM v6239,Lote tecnologico 6239,"292,85",153,Servicios
SSD v6240,Lote tecnologico 6240,"647,93",150,Hardware
RAM v6241,Lote tecnologico 6241,"348,37",51,Servicios
SSD v6242,Lote tecnologico 6242,"1148,02",96,Hardware
Mouse v6243,Lote tecnologico 6243,"1448,17",159,Servicios
Monitor v6244,Lote tecnologico 6244,"1293,49",84,Software
Monitor v6245,Lote tecnologico 6245,"1008,21",70,Licencias
RAM v6246,Lote tecnologico 6246,"1305,06",139,Servicios
RAM v6247,Lote tecnologico 6247,"1467,18",88,Hardware
Teclado v6248,Lote tecnologico 6248,"372,88",106,Licencias
Monitor v6249,Lote tecnologico 6249,"1177,37",114,Hardware
Monitor v6250,Lote tecnologico 6250,"1065,52",146,Servicios
SSD v6251,Lote tecnologico 6251,"129,59",99,Software
Teclado v6252,Lote tecnologico 6252,"1374,31",44,Servicios
Teclado v6253,Lote tecnologico 6253,"1093,72",24,Licencias
SSD v6254,Lote tecnologico 6254,"1241,54",164,Hardware
RAM v6255,Lote tecnologico 6255,"971,3",34,Servicios
Monitor v6256,Lote tecnologico 6256,"533,63",34,Servicios
Teclado v6257,Lote tecnologico 6257,"903,77",93,Hardware
RAM v6258,Lote tecnologico 6258,"1150,1",75,Servicios
Laptop v6259,Lote tecnologico 6259,"263,25",18,Software
Laptop v6260,Lote tecnologico 6260,"1433,4",73,Licencias
SSD v6261,Lote tecnologico 6261,"929,95",160,Software
SSD v6262,Lote tecnologico 6262,"1337,95",105,Hardware
Laptop v6263,Lote tecnologico 6263,"424,47",146,Software
Laptop v6264,Lote tecnologico 6264,"1021,18",136,Servicios
Monitor v6265,Lote tecnologico 6265,"1063,56",158,Licencias
SSD v6266,Lote tecnologico 6266,"365,14",159,Software
Monitor v6267,Lote tecnologico 6267,"537,07",63,Licencias
RAM v6268,Lote tecnologico 6268,"874,18",51,Licencias
Monitor v6269,Lote tecnologico 6269,516,43,Servicios
Monitor v6270,Lote tecnologico 6270,"1125,07",3,Hardware
Teclado v6271,Lote tecnologico 6271,"1453,25",39,Software
Teclado v6272,Lote tecnologico 6272,"1194,71",161,Software
Teclado v6273,Lote tecnologico 6273,"685,73",62,Licencias
SSD v6274,Lote tecnologico 6274,"141,63",153,Servicios
SSD v6275,Lote tecnologico 6275,"1148,81",50,Licencias
Teclado v6276,Lote tecnologico 6276,"282,65",66,Servicios
SSD v6277,Lote tecnologico 6277,"1091,53",155,Software
SSD v6278,Lote tecnologico 6278,"971,17",59,Servicios
Laptop v6279,Lote tecnologico 6279,"1342,78",12,Licencias
Mouse v6280,Lote tecnologico 6280,"1496,6",150,Servicios
Teclado v6281,Lote tecnologico 6281,"691,65",10,Software
RAM v6282,Lote tecnologico 6282,"755,06",154,Licencias
SSD v6283,Lote tecnologico 6283,"1360,95",162,Licencias
Mouse v6284,Lote tecnologico 6284,"137,9",30,Hardware
SSD v6285,Lote tecnologico 6285,"316,81",82,Servicios
Monitor v6286,Lote tecnologico 6286,1248,146,Licencias
RAM v6287,Lote tecnologico 6287,"1088,41",98,Software
Monitor v6288,Lote tecnologico 6288,"110,79",196,Licencias
Monitor v6289,Lote tecnologico 6289,"949,44",105,Software
Teclado v6290,Lote tecnologico 6290,"346,63",174,Licencias
Laptop v6291,Lote tecnologico 6291,"1451,95",129,Hardware
Mouse v6292,Lote tecnologico 6292,"417,28",32,Licencias
Mouse v6293,Lote tecnologico 6293,"244,76",183,Servicios
SSD v6294,Lote tecnologico 6294,"197,17",194,Servicios
Mouse v6295,Lote tecnologico 6295,"1239,98",12,Hardware
Teclado v6296,Lote tecnologico 6296,"297,79",135,Servicios
Mouse v6297,Lote tecnologico 6297,"199,3",128,Software
SSD v6298,Lote tecnologico 6298,"240,17",86,Licencias
Laptop v6299,Lote tecnologico 6299,"322,11",130,Licencias
RAM v6300,Lote tecnologico 6300,"636,55",58,Licencias
Monitor v6301,Lote tecnologico 6301,"1459,47",154,Licencias
SSD v6302,Lote tecnologico 6302,"1103,81",139,Hardware
Teclado v6303,Lote tecnologico 6303,"243,15",51,Servicios
RAM v6304,Lote tecnologico 6304,"1495,21",122,Servicios
Laptop v6305,Lote tecnologico 6305,"718,66",67,Software
SSD v6306,Lote tecnologico 6306,"222,44",70,Licencias
Teclado v6307,Lote tecnologico 6307,"1061,56",4,Hardware
RAM v6308,Lote tecnologico 6308,"416,15",183,Licencias
Teclado v6309,Lote tecnologico 6309,"929,13",1,Hardware
Mouse v6310,Lote tecnologico 6310,"1353,42",161,Hardware
Laptop v6311,Lote tecnologico 6311,"1482,64",44,Servicios
RAM v6312,Lote tecnologico 6312,"851,58",145,Licencias
Mouse v6313,Lote tecnologico 6313,"66,79",75,Hardware
SSD v6314,Lote tecnologico 6314,"757,96",6,Licencias
SSD v6315,Lote tecnologico 6315,"331,56",2,Hardware
Laptop v6316,Lote tecnologico 6316,"946,73",181,Servicios
Monitor v6317,Lote tecnologico 6317,"735,94",68,Software
Teclado v6318,Lote tecnologico 6318,"545,92",94,Licencias
SSD v6319,Lote tecnologico 6319,"352,46",20,Hardware
RAM v6320,Lote tecnologico 6320,"1004,94",36,Servicios
RAM v6321,Lote tecnologico 6321,"1116,74",35,Software
Laptop v6322,Lote tecnologico 6322,"1440,76",182,Servicios
Monitor v6323,Lote tecnologico 6323,"964,21",77,Software
Teclado v6324,Lote tecnologico 6324,"1255,35",154,Servicios
RAM v6325,Lote tecnologico 6325,"612,75",129,Licencias
Laptop v6326,Lote tecnologico 6326,"1416,9",137,Servicios
Monitor v6327,Lote tecnologico 6327,"633,11",117,Hardware
Monitor v6328,Lote tecnologico 6328,"697,44",11,Licencias
SSD v6329,Lote tecnologico 6329,"151,7",102,Servicios
Mouse v6330,Lote tecnologico 6330,"540,59",197,Servicios
Teclado v6331,Lote tecnologico 6331,"971,23",75,Licencias
Mouse v6332,Lote tecnologico 6332,"892,25",175,Servicios
Laptop v6333,Lote tecnologico 6333,"384,24",52,Software
Mouse v6334,Lote tecnologico 6334,"1075,45",174,Hardware
Monitor v6335,Lote tecnologico 6335,"1069,4",110,Hardware
SSD v6336,Lote tecnologico 6336,"1398,88",155,Licencias
Teclado v6337,Lote tecnologico 6337,"191,43",191,Servicios
Laptop v6338,Lote tecnologico 6338,"152,34",106,Software
Laptop v6339,Lote tecnologico 6339,"1230,8",134,Hardware
RAM v6340,Lote tecnologico 6340,"95,69",90,Software
Teclado v6341,Lote tecnologico 6341,"579,23",49,Software
Mouse v6342,Lote tecnologico 6342,"1287,05",140,Licencias
Teclado v6343,Lote tecnologico 6343,"1361,09",113,Licencias
RAM v6344,Lote tecnologico 6344,"988,24",192,Software
SSD v6345,Lote tecnologico 6345,"1215,27",35,Hardware
Teclado v6346,Lote tecnologico 6346,"62,2",179,Hardware
Monitor v6347,Lote tecnologico 6347,"795,74",134,Hardware
RAM v6348,Lote tecnologico 6348,"969,6",83,Software
Mouse v6349,Lote tecnologico 6349,"850,53",143,Software
Mouse v6350,Lote tecnologico 6350,"583,27",29,Servicios
Monitor v6351,Lote tecnologico 6351,"654,87",125,Software
Monitor v6352,Lote tecnologico 6352,"524,87",142,Software
Mouse v6353,Lote tecnologico 6353,"614,98",52,Licencias
Laptop v6354,Lote tecnologico 6354,"264,36",46,Hardware
Mouse v6355,Lote tecnologico 6355,"306,71",195,Licencias
Monitor v6356,Lote tecnologico 6356,"1348,43",58,Hardware
RAM v6357,Lote tecnologico 6357,"318,31",191,Hardware
Monitor v6358,Lote tecnologico 6358,"1215,34",199,Software
Mouse v6359,Lote tecnologico 6359,"803,79",25,Software
Mouse v6360,Lote tecnologico 6360,"899,5",123,Software
Monitor v6361,Lote tecnologico 6361,"806,54",12,Servicios
Teclado v6362,Lote tecnologico 6362,"1399,6",119,Licencias
RAM v6363,Lote tecnologico 6363,"1390,57",129,Software
SSD v6364,Lote tecnologico 6364,"742,07",57,Hardware
Teclado v6365,Lote tecnologico 6365,"657,97",198,Servicios
Monitor v6366,Lote tecnologico 6366,"1066,36",5,Hardware
RAM v6367,Lote tecnologico 6367,"322,1",180,Software
Laptop v6368,Lote tecnologico 6368,"478,88",112,Software
Mouse v6369,Lote tecnologico 6369,"248,48",63,Hardware
Laptop v6370,Lote tecnologico 6370,"1266,58",12,Software
Laptop v6371,Lote tecnologico 6371,"517,12",120,Software
Teclado v6372,Lote tecnologico 6372,"303,95",85,Software
Monitor v6373,Lote tecnologico 6373,"185,89",11,Servicios
Teclado v6374,Lote tecnologico 6374,"671,33",183,Licencias
Laptop v6375,Lote tecnologico 6375,"1071,95",61,Software
Teclado v6376,Lote tecnologico 6376,"152,55",37,Hardware
RAM v6377,Lote tecnologico 6377,"1015,71",70,Licencias
SSD v6378,Lote tecnologico 6378,"518,3",131,Hardware
Teclado v6379,Lote tecnologico 6379,"1199,38",12,Licencias
Mouse v6380,Lote tecnologico 6380,"872,04",193,Hardware
Mouse v6381,Lote tecnologico 6381,"1043,39",86,Licencias
SSD v6382,Lote tecnologico 6382,"1487,36",100,Servicios
Monitor v6383,Lote tecnologico 6383,"145,05",95,Software
RAM v6384,Lote tecnologico 6384,"603,74",128,Software
Monitor v6385,Lote tecnologico 6385,"1280,34",164,Servicios
Teclado v6386,Lote tecnologico 6386,"1311,53",102,Software
Mouse v6387,Lote tecnologico 6387,"1192,24",92,Licencias
Mouse v6388,Lote tecnologico 6388,"1098,31",119,Servicios
Laptop v6389,Lote tecnologico 6389,"1497,97",188,Servicios
Teclado v6390,Lote tecnologico 6390,"482,95",148,Licencias
RAM v6391,Lote tecnologico 6391,"1442,08",188,Software
Laptop v6392,Lote tecnologico 6392,"1284,12",178,Licencias
RAM v6393,Lote tecnologico 6393,"210,62",79,Software
Mouse v6394,Lote tecnologico 6394,"1109,5",119,Servicios
Teclado v6395,Lote tecnologico 6395,"685,93",89,Licencias
RAM v6396,Lote tecnologico 6396,"1040,51",116,Software
SSD v6397,Lote tecnologico 6397,"672,52",79,Licencias
Monitor v6398,Lote tecnologico 6398,"1317,6",87,Servicios
Laptop v6399,Lote tecnologico 6399,"587,03",135,Servicios
Laptop v6400,Lote tecnologico 6400,"1335,61",150,Servicios
Teclado v6401,Lote tecnologico 6401,"1443,81",120,Software
Teclado v6402,Lote tecnologico 6402,"1089,23",51,Hardware
Monitor v6403,Lote tecnologico 6403,"1216,51",78,Licencias
Teclado v6404,Lote tecnologico 6404,"307,81",110,Software
Laptop v6405,Lote tecnologico 6405,"213,46",81,Hardware
Teclado v6406,Lote tecnologico 6406,"997,03",4,Licencias
Monitor v6407,Lote tecnologico 6407,"1476,73",174,Hardware
SSD v6408,Lote tecnologico 6408,"956,92",95,Servicios
Monitor v6409,Lote tecnologico 6409,"1046,03",107,Servicios
Teclado v6410,Lote tecnologico 6410,"681,86",158,Servicios
RAM v6411,Lote tecnologico 6411,"1496,82",152,Servicios
Monitor v6412,Lote tecnologico 6412,"1416,1",54,Servicios
Teclado v6413,Lote tecnologico 6413,"1243,07",136,Licencias
Monitor v6414,Lote tecnologico 6414,"1173,83",167,Servicios
Mouse v6415,Lote tecnologico 6415,"708,54",35,Hardware
SSD v6416,Lote tecnologico 6416,"817,76",165,Hardware
Monitor v6417,Lote tecnologico 6417,"900,43",199,Software
Laptop v6418,Lote tecnologico 6418,"723,2",47,Software
RAM v6419,Lote tecnologico 6419,"481,09",37,Servicios
Mouse v6420,Lote tecnologico 6420,"102,86",120,Servicios
RAM v6421,Lote tecnologico 6421,"1356,84",62,Servicios
SSD v6422,Lote tecnologico 6422,"432,02",47,Software
RAM v6423,Lote tecnologico 6423,"1149,78",107,Servicios
RAM v6424,Lote tecnologico 6424,"1464,4",18,Hardware
SSD v6425,Lote tecnologico 6425,"366,96",107,Software
RAM v6426,Lote tecnologico 6426,"1267,77",150,Servicios
Monitor v6427,Lote tecnologico 6427,"334,99",145,Hardware
SSD v6428,Lote tecnologico 6428,"234,77",8,Licencias
Teclado v6429,Lote tecnologico 6429,"339,61",43,Servicios
Mouse v6430,Lote tecnologico 6430,"1005,83",113,Servicios
RAM v6431,Lote tecnologico 6431,"929,15",4,Hardware
RAM v6432,Lote tecnologico 6432,"377,47",196,Licencias
Mouse v6433,Lote tecnologico 6433,"908,04",46,Software
RAM v6434,Lote tecnologico 6434,"216,7",80,Software
Laptop v6435,Lote tecnologico 6435,"1273,99",4,Licencias
SSD v6436,Lote tecnologico 6436,"1067,28",15,Servicios
Mouse v6437,Lote tecnologico 6437,"674,16",103,Hardware
RAM v6438,Lote tecnologico 6438,"1323,09",162,Software
RAM v6439,Lote tecnologico 6439,"952,57",180,Hardware
SSD v6440,Lote tecnologico 6440,"1216,72",16,Software
Monitor v6441,Lote tecnologico 6441,"133,64",164,Hardware
Laptop v6442,Lote tecnologico 6442,"923,09",186,Licencias
Teclado v6443,Lote tecnologico 6443,"1212,63",180,Servicios
Teclado v6444,Lote tecnologico 6444,"350,35",55,Software
Teclado v6445,Lote tecnologico 6445,"1321,22",118,Servicios
RAM v6446,Lote tecnologico 6446,"901,43",194,Hardware
RAM v6447,Lote tecnologico 6447,"409,88",96,Hardware
Monitor v6448,Lote tecnologico 6448,"636,33",124,Servicios
SSD v6449,Lote tecnologico 6449,"1393,42",164,Licencias
Monitor v6450,Lote tecnologico 6450,"515,17",53,Licencias
Teclado v6451,Lote tecnologico 6451,"1486,15",151,Hardware
Monitor v6452,Lote tecnologico 6452,"190,77",82,Servicios
Mouse v6453,Lote tecnologico 6453,"71,42",107,Servicios
SSD v6454,Lote tecnologico 6454,"517,31",61,Hardware
SSD v6455,Lote tecnologico 6455,"642,13",144,Licencias
SSD v6456,Lote tecnologico 6456,"926,89",181,Licencias
RAM v6457,Lote tecnologico 6457,"607,1",72,Servicios
Mouse v6458,Lote tecnologico 6458,"1102,64",140,Hardware
Mouse v6459,Lote tecnologico 6459,"1484,11",127,Servicios
RAM v6460,Lote tecnologico 6460,"721,08",45,Servicios
Monitor v6461,Lote tecnologico 6461,"468,17",177,Licencias
SSD v6462,Lote tecnologico 6462,"1178,71",53,Software
Teclado v6463,Lote tecnologico 6463,"342,26",11,Hardware
RAM v6464,Lote tecnologico 6464,"738,84",189,Software
Laptop v6465,Lote tecnologico 6465,"888,4",104,Servicios
Laptop v6466,Lote tecnologico 6466,"729,19",67,Software
Monitor v6467,Lote tecnologico 6467,"628,81",196,Servicios
RAM v6468,Lote tecnologico 6468,"1384,43",105,Hardware
Laptop v6469,Lote tecnologico 6469,"626,68",189,Hardware
SSD v6470,Lote tecnologico 6470,"678,19",84,Software
SSD v6471,Lote tecnologico 6471,"1099,31",53,Software
RAM v6472,Lote tecnologico 6472,"1054,16",0,Licencias
Laptop v6473,Lote tecnologico 6473,"376,43",94,Hardware
Teclado v6474,Lote tecnologico 6474,"294,45",158,Software
Teclado v6475,Lote tecnologico 6475,"424,09",75,Software
SSD v6476,Lote tecnologico 6476,"1268,17",71,Licencias
Mouse v6477,Lote tecnologico 6477,"1028,22",71,Hardware
Monitor v6478,Lote tecnologico 6478,"1115,31",104,Licencias
Mouse v6479,Lote tecnologico 6479,"1266,71",6,Software
Teclado v6480,Lote tecnologico 6480,"1414,01",165,Licencias
Mouse v6481,Lote tecnologico 6481,"1460,17",93,Licencias
Monitor v6482,Lote tecnologico 6482,"716,41",5,Servicios
Monitor v6483,Lote tecnologico 6483,"752,92",61,Hardware
Mouse v6484,Lote tecnologico 6484,"925,04",149,Hardware
Teclado v6485,Lote tecnologico 6485,"345,47",120,Licencias
RAM v6486,Lote tecnologico 6486,"507,15",87,Servicios
Monitor v6487,Lote tecnologico 6487,"462,23",15,Hardware
RAM v6488,Lote tecnologico 6488,"1478,41",42,Software
SSD v6489,Lote tecnologico 6489,"579,67",56,Licencias
Mouse v6490,Lote tecnologico 6490,"551,41",181,Licencias
SSD v6491,Lote tecnologico 6491,"268,35",30,Hardware
Laptop v6492,Lote tecnologico 6492,"1080,66",74,Servicios
Mouse v6493,Lote tecnologico 6493,"1325,57",101,Software
Laptop v6494,Lote tecnologico 6494,"639,82",160,Licencias
Monitor v6495,Lote tecnologico 6495,"1069,98",189,Software
RAM v6496,Lote tecnologico 6496,"878,44",46,Software
Monitor v6497,Lote tecnologico 6497,"862,77",115,Servicios
Mouse v6498,Lote tecnologico 6498,"368,03",126,Servicios
SSD v6499,Lote tecnologico 6499,"979,12",45,Servicios
Laptop v6500,Lote tecnologico 6500,"1124,57",166,Hardware
Teclado v6501,Lote tecnologico 6501,"527,37",4,Servicios
SSD v6502,Lote tecnologico 6502,"628,34",47,Licencias
Monitor v6503,Lote tecnologico 6503,"329,43",79,Hardware
Teclado v6504,Lote tecnologico 6504,"1094,81",55,Servicios
Mouse v6505,Lote tecnologico 6505,"1327,49",11,Servicios
RAM v6506,Lote tecnologico 6506,"905,04",28,Servicios
SSD v6507,Lote tecnologico 6507,"436,96",99,Software
SSD v6508,Lote tecnologico 6508,"569,08",169,Hardware
Laptop v6509,Lote tecnologico 6509,"1379,49",129,Software
SSD v6510,Lote tecnologico 6510,"980,5",117,Licencias
Mouse v6511,Lote tecnologico 6511,"1128,26",51,Hardware
SSD v6512,Lote tecnologico 6512,"152,98",161,Hardware
Laptop v6513,Lote tecnologico 6513,"69,67",55,Servicios
Teclado v6514,Lote tecnologico 6514,"1494,12",75,Servicios
Teclado v6515,Lote tecnologico 6515,"948,39",90,Software
Monitor v6516,Lote tecnologico 6516,"490,27",62,Servicios
Mouse v6517,Lote tecnologico 6517,"850,15",69,Software
Monitor v6518,Lote tecnologico 6518,"1029,32",124,Licencias
Laptop v6519,Lote tecnologico 6519,"1080,48",134,Hardware
Monitor v6520,Lote tecnologico 6520,"1141,67",129,Servicios
Teclado v6521,Lote tecnologico 6521,"309,65",127,Servicios
Laptop v6522,Lote tecnologico 6522,"635,63",133,Software
Laptop v6523,Lote tecnologico 6523,"338,52",67,Servicios
Mouse v6524,Lote tecnologico 6524,"429,29",164,Hardware
Laptop v6525,Lote tecnologico 6525,"1309,04",65,Software
Laptop v6526,Lote tecnologico 6526,"1255,39",18,Servicios
SSD v6527,Lote tecnologico 6527,"1137,78",33,Licencias
RAM v6528,Lote tecnologico 6528,"1442,56",183,Hardware
Mouse v6529,Lote tecnologico 6529,"936,22",22,Hardware
Teclado v6530,Lote tecnologico 6530,"1067,97",117,Software
Laptop v6531,Lote tecnologico 6531,682,166,Software
Monitor v6532,Lote tecnologico 6532,"362,29",47,Licencias
RAM v6533,Lote tecnologico 6533,"599,72",14,Software
Monitor v6534,Lote tecnologico 6534,"465,3",115,Hardware
RAM v6535,Lote tecnologico 6535,"136,7",155,Software
Mouse v6536,Lote tecnologico 6536,"693,7",42,Hardware
Monitor v6537,Lote tecnologico 6537,"334,65",32,Hardware
Teclado v6538,Lote tecnologico 6538,"591,52",71,Licencias
RAM v6539,Lote tecnologico 6539,"950,98",199,Servicios
Monitor v6540,Lote tecnologico 6540,"80,13",81,Servicios
Monitor v6541,Lote tecnologico 6541,"1170,47",195,Servicios
RAM v6542,Lote tecnologico 6542,"1209,11",91,Hardware
RAM v6543,Lote tecnologico 6543,"1407,18",166,Hardware
Teclado v6544,Lote tecnologico 6544,"610,53",39,Hardware
Mouse v6545,Lote tecnologico 6545,"269,77",65,Hardware
Laptop v6546,Lote tecnologico 6546,"323,9",117,Licencias
Monitor v6547,Lote tecnologico 6547,"1459,62",174,Hardware
RAM v6548,Lote tecnologico 6548,"1196,41",145,Licencias
Teclado v6549,Lote tecnologico 6549,"1428,22",183,Servicios
Mouse v6550,Lote tecnologico 6550,"1392,34",193,Licencias
SSD v6551,Lote tecnologico 6551,"681,23",70,Licencias
Mouse v6552,Lote tecnologico 6552,"638,87",167,Hardware
Laptop v6553,Lote tecnologico 6553,"486,89",123,Hardware
Mouse v6554,Lote tecnologico 6554,"466,58",100,Licencias
Teclado v6555,Lote tecnologico 6555,"1347,68",52,Licencias
Teclado v6556,Lote tecnologico 6556,"254,49",28,Hardware
RAM v6557,Lote tecnologico 6557,"697,06",85,Servicios
Teclado v6558,Lote tecnologico 6558,"450,24",194,Licencias
Monitor v6559,Lote tecnologico 6559,"1059,56",2,Hardware
RAM v6560,Lote tecnologico 6560,"63,64",133,Licencias
RAM v6561,Lote tecnologico 6561,"694,7",38,Software
RAM v6562,Lote tecnologico 6562,"933,04",105,Hardware
Teclado v6563,Lote tecnologico 6563,"1333,45",184,Software
Mouse v6564,Lote tecnologico 6564,"615,62",0,Servicios
Monitor v6565,Lote tecnologico 6565,"98,62",114,Software
SSD v6566,Lote tecnologico 6566,"196,19",153,Hardware
SSD v6567,Lote tecnologico 6567,"323,17",163,Servicios
SSD v6568,Lote tecnologico 6568,"1043,91",167,Servicios
RAM v6569,Lote tecnologico 6569,"1101,67",69,Licencias
Mouse v6570,Lote tecnologico 6570,"459,27",100,Hardware
Laptop v6571,Lote tecnologico 6571,"1472,52",85,Servicios
Monitor v6572,Lote tecnologico 6572,"330,54",151,Hardware
Laptop v6573,Lote tecnologico 6573,"1405,31",73,Hardware
RAM v6574,Lote tecnologico 6574,"159,72",3,Hardware
Monitor v6575,Lote tecnologico 6575,"622,32",46,Servicios
RAM v6576,Lote tecnologico 6576,"699,12",166,Hardware
Teclado v6577,Lote tecnologico 6577,"361,12",70,Servicios
Teclado v6578,Lote tecnologico 6578,"666,88",26,Software
Teclado v6579,Lote tecnologico 6579,"248,52",112,Hardware
Laptop v6580,Lote tecnologico 6580,"316,78",170,Hardware
Monitor v6581,Lote tecnologico 6581,"1376,03",140,Licencias
RAM v6582,Lote tecnologico 6582,"319,29",85,Hardware
RAM v6583,Lote tecnologico 6583,"1190,47",66,Software
Mouse v6584,Lote tecnologico 6584,"159,54",54,Licencias
SSD v6585,Lote tecnologico 6585,"1157,29",27,Servicios
Mouse v6586,Lote tecnologico 6586,"1476,71",85,Servicios
RAM v6587,Lote tecnologico 6587,"814,86",34,Hardware
Teclado v6588,Lote tecnologico 6588,"549,52",47,Licencias
RAM v6589,Lote tecnologico 6589,"109,08",119,Licencias
SSD v6590,Lote tecnologico 6590,"1405,22",29,Software
Teclado v6591,Lote tecnologico 6591,"245,82",2,Servicios
Teclado v6592,Lote tecnologico 6592,"783,54",182,Hardware
SSD v6593,Lote tecnologico 6593,"871,66",155,Hardware
Mouse v6594,Lote tecnologico 6594,"1283,61",149,Hardware
SSD v6595,Lote tecnologico 6595,"945,54",38,Licencias
RAM v6596,Lote tecnologico 6596,"1434,62",29,Licencias
SSD v6597,Lote tecnologico 6597,"422,48",0,Servicios
Teclado v6598,Lote tecnologico 6598,"1144,06",93,Hardware
Teclado v6599,Lote tecnologico 6599,"272,23",2,Hardware
Teclado v6600,Lote tecnologico 6600,"169,85",41,Software
Monitor v6601,Lote tecnologico 6601,"728,89",179,Licencias
RAM v6602,Lote tecnologico 6602,"1099,42",113,Software
SSD v6603,Lote tecnologico 6603,"1259,55",16,Licencias
Laptop v6604,Lote tecnologico 6604,"1283,3",94,Hardware
Teclado v6605,Lote tecnologico 6605,"1262,36",160,Software
Laptop v6606,Lote tecnologico 6606,"552,37",115,Servicios
Monitor v6607,Lote tecnologico 6607,"727,28",144,Software
Laptop v6608,Lote tecnologico 6608,"1169,37",147,Hardware
SSD v6609,Lote tecnologico 6609,"1003,08",36,Servicios
RAM v6610,Lote tecnologico 6610,"710,55",150,Hardware
Mouse v6611,Lote tecnologico 6611,"343,52",33,Hardware
Mouse v6612,Lote tecnologico 6612,"716,05",178,Servicios
SSD v6613,Lote tecnologico 6613,"987,04",12,Licencias
SSD v6614,Lote tecnologico 6614,"753,28",191,Licencias
SSD v6615,Lote tecnologico 6615,"51,65",80,Hardware
RAM v6616,Lote tecnologico 6616,"1097,96",43,Licencias
Laptop v6617,Lote tecnologico 6617,"1015,76",184,Software
RAM v6618,Lote tecnologico 6618,"202,96",116,Software
SSD v6619,Lote tecnologico 6619,"956,16",75,Servicios
Monitor v6620,Lote tecnologico 6620,"383,53",57,Licencias
Teclado v6621,Lote tecnologico 6621,"372,88",10,Licencias
Laptop v6622,Lote tecnologico 6622,"345,32",35,Hardware
Mouse v6623,Lote tecnologico 6623,1390,1,Software
Teclado v6624,Lote tecnologico 6624,"357,22",36,Servicios
Laptop v6625,Lote tecnologico 6625,"382,73",13,Software
Mouse v6626,Lote tecnologico 6626,"1281,46",141,Software
Teclado v6627,Lote tecnologico 6627,"1324,16",35,Hardware
Laptop v6628,Lote tecnologico 6628,"433,73",140,Hardware
RAM v6629,Lote tecnologico 6629,"856,39",33,Licencias
RAM v6630,Lote tecnologico 6630,"703,94",93,Software
Laptop v6631,Lote tecnologico 6631,"664,54",105,Licencias
SSD v6632,Lote tecnologico 6632,"1199,49",153,Licencias
RAM v6633,Lote tecnologico 6633,"1050,4",117,Servicios
Monitor v6634,Lote tecnologico 6634,"845,75",55,Software
Laptop v6635,Lote tecnologico 6635,"1346,39",126,Hardware
Laptop v6636,Lote tecnologico 6636,"1263,41",34,Servicios
RAM v6637,Lote tecnologico 6637,"534,66",166,Hardware
RAM v6638,Lote tecnologico 6638,"706,6",6,Servicios
SSD v6639,Lote tecnologico 6639,"781,01",82,Servicios
Teclado v6640,Lote tecnologico 6640,"77,28",180,Software
Monitor v6641,Lote tecnologico 6641,"1363,61",103,Servicios
Laptop v6642,Lote tecnologico 6642,"1309,69",168,Hardware
RAM v6643,Lote tecnologico 6643,"1399,03",178,Licencias
Laptop v6644,Lote tecnologico 6644,"1264,03",98,Licencias
Monitor v6645,Lote tecnologico 6645,"1480,13",188,Licencias
SSD v6646,Lote tecnologico 6646,"635,86",132,Licencias
Laptop v6647,Lote tecnologico 6647,"751,05",40,Software
Mouse v6648,Lote tecnologico 6648,"108,48",25,Licencias
SSD v6649,Lote tecnologico 6649,"726,74",167,Licencias
Teclado v6650,Lote tecnologico 6650,"1477,23",51,Hardware
SSD v6651,Lote tecnologico 6651,"1039,01",79,Hardware
Monitor v6652,Lote tecnologico 6652,"627,07",152,Servicios
Monitor v6653,Lote tecnologico 6653,"871,71",82,Servicios
Laptop v6654,Lote tecnologico 6654,"558,75",54,Licencias
Monitor v6655,Lote tecnologico 6655,"628,05",164,Servicios
SSD v6656,Lote tecnologico 6656,"1174,64",78,Software
Laptop v6657,Lote tecnologico 6657,"573,76",70,Software
SSD v6658,Lote tecnologico 6658,"936,51",11,Servicios
SSD v6659,Lote tecnologico 6659,"1212,83",181,Servicios
Laptop v6660,Lote tecnologico 6660,"453,99",109,Software
Teclado v6661,Lote tecnologico 6661,"1250,24",37,Software
Mouse v6662,Lote tecnologico 6662,"955,75",173,Servicios
Laptop v6663,Lote tecnologico 6663,"477,44",100,Hardware
Teclado v6664,Lote tecnologico 6664,"1251,74",125,Software
Mouse v6665,Lote tecnologico 6665,"893,87",97,Servicios
Teclado v6666,Lote tecnologico 6666,"1306,5",193,Hardware
Mouse v6667,Lote tecnologico 6667,"856,95",119,Servicios
Teclado v6668,Lote tecnologico 6668,"1009,85",20,Licencias
RAM v6669,Lote tecnologico 6669,"269,28",19,Hardware
Teclado v6670,Lote tecnologico 6670,"416,49",36,Hardware
SSD v6671,Lote tecnologico 6671,"1398,81",92,Servicios
Laptop v6672,Lote tecnologico 6672,"738,23",67,Software
Teclado v6673,Lote tecnologico 6673,"1071,47",183,Servicios
RAM v6674,Lote tecnologico 6674,"1056,53",171,Hardware
Monitor v6675,Lote tecnologico 6675,"1407,77",70,Hardware
Laptop v6676,Lote tecnologico 6676,"245,42",18,Hardware
SSD v6677,Lote tecnologico 6677,"1082,39",164,Licencias
Monitor v6678,Lote tecnologico 6678,"1476,02",5,Licencias
SSD v6679,Lote tecnologico 6679,"910,43",41,Servicios
Mouse v6680,Lote tecnologico 6680,"1004,14",46,Software
RAM v6681,Lote tecnologico 6681,"579,63",187,Licencias
Mouse v6682,Lote tecnologico 6682,"1477,89",187,Software
Monitor v6683,Lote tecnologico 6683,"585,93",81,Licencias
Teclado v6684,Lote tecnologico 6684,"804,29",42,Software
RAM v6685,Lote tecnologico 6685,"1342,63",10,Servicios
Mouse v6686,Lote tecnologico 6686,"1132,66",129,Servicios
Laptop v6687,Lote tecnologico 6687,"238,51",99,Software
Teclado v6688,Lote tecnologico 6688,"1144,13",145,Servicios
Monitor v6689,Lote tecnologico 6689,"685,35",147,Licencias
Laptop v6690,Lote tecnologico 6690,"865,03",93,Hardware
Mouse v6691,Lote tecnologico 6691,"215,36",83,Licencias
Teclado v6692,Lote tecnologico 6692,"75,55",81,Licencias
SSD v6693,Lote tecnologico 6693,"1197,3",18,Servicios
Teclado v6694,Lote tecnologico 6694,"1311,22",186,Licencias
Laptop v6695,Lote tecnologico 6695,"427,72",75,Servicios
Monitor v6696,Lote tecnologico 6696,"159,44",41,Servicios
Mouse v6697,Lote tecnologico 6697,"1189,98",139,Software
Teclado v6698,Lote tecnologico 6698,"397,71",70,Software
Laptop v6699,Lote tecnologico 6699,"1048,6",180,Licencias
SSD v6700,Lote tecnologico 6700,"331,02",57,Hardware
Mouse v6701,Lote tecnologico 6701,945,10,Licencias
Teclado v6702,Lote tecnologico 6702,"841,44",3,Licencias
Teclado v6703,Lote tecnologico 6703,"257,48",180,Licencias
Monitor v6704,Lote tecnologico 6704,"600,39",23,Servicios
Teclado v6705,Lote tecnologico 6705,"160,55",72,Hardware
RAM v6706,Lote tecnologico 6706,"101,68",170,Hardware
Teclado v6707,Lote tecnologico 6707,"102,06",152,Hardware
Monitor v6708,Lote tecnologico 6708,"836,12",105,Servicios
Teclado v6709,Lote tecnologico 6709,"1292,29",133,Hardware
RAM v6710,Lote tecnologico 6710,"1392,96",86,Hardware
SSD v6711,Lote tecnologico 6711,"739,17",78,Hardware
Teclado v6712,Lote tecnologico 6712,"753,78",169,Licencias
Monitor v6713,Lote tecnologico 6713,"822,88",7,Software
Teclado v6714,Lote tecnologico 6714,"731,75",19,Hardware
Laptop v6715,Lote tecnologico 6715,"376,22",163,Software
SSD v6716,Lote tecnologico 6716,"426,72",26,Servicios
SSD v6717,Lote tecnologico 6717,"1395,44",2,Servicios
Laptop v6718,Lote tecnologico 6718,"161,45",97,Licencias
Teclado v6719,Lote tecnologico 6719,"1308,81",146,Licencias
RAM v6720,Lote tecnologico 6720,"106,85",57,Software
Teclado v6721,Lote tecnologico 6721,"705,59",34,Hardware
Monitor v6722,Lote tecnologico 6722,"434,76",141,Hardware
Monitor v6723,Lote tecnologico 6723,"376,35",175,Hardware
Mouse v6724,Lote tecnologico 6724,"1331,67",183,Servicios
SSD v6725,Lote tecnologico 6725,"763,87",156,Licencias
Laptop v6726,Lote tecnologico 6726,"470,14",173,Licencias
Monitor v6727,Lote tecnologico 6727,"1013,51",13,Servicios
Laptop v6728,Lote tecnologico 6728,"1165,1",185,Hardware
Laptop v6729,Lote tecnologico 6729,"1028,85",2,Servicios
Monitor v6730,Lote tecnologico 6730,"293,11",117,Software
Monitor v6731,Lote tecnologico 6731,"619,69",103,Software
Teclado v6732,Lote tecnologico 6732,"928,54",84,Licencias
SSD v6733,Lote tecnologico 6733,"677,13",61,Licencias
Laptop v6734,Lote tecnologico 6734,"281,75",124,Software
Laptop v6735,Lote tecnologico 6735,"481,67",11,Servicios
SSD v6736,Lote tecnologico 6736,"409,65",172,Software
Monitor v6737,Lote tecnologico 6737,"1114,52",170,Software
RAM v6738,Lote tecnologico 6738,"845,53",166,Hardware
SSD v6739,Lote tecnologico 6739,"152,99",55,Hardware
RAM v6740,Lote tecnologico 6740,"692,85",168,Software
Mouse v6741,Lote tecnologico 6741,"935,83",197,Servicios
Laptop v6742,Lote tecnologico 6742,"659,41",143,Servicios
RAM v6743,Lote tecnologico 6743,"1158,81",91,Servicios
Teclado v6744,Lote tecnologico 6744,"1189,28",153,Hardware
Monitor v6745,Lote tecnologico 6745,"358,83",114,Hardware
SSD v6746,Lote tecnologico 6746,"247,18",198,Hardware
SSD v6747,Lote tecnologico 6747,"1024,88",20,Hardware
Mouse v6748,Lote tecnologico 6748,"1138,05",113,Software
SSD v6749,Lote tecnologico 6749,"72,71",90,Hardware
Mouse v6750,Lote tecnologico 6750,"973,26",155,Servicios
Mouse v6751,Lote tecnologico 6751,"653,55",113,Servicios
Mouse v6752,Lote tecnologico 6752,"1225,02",93,Licencias
Laptop v6753,Lote tecnologico 6753,"513,95",131,Software
Mouse v6754,Lote tecnologico 6754,"96,1",102,Hardware
Teclado v6755,Lote tecnologico 6755,"1094,32",94,Servicios
Monitor v6756,Lote tecnologico 6756,"288,17",12,Hardware
SSD v6757,Lote tecnologico 6757,"515,96",146,Hardware
RAM v6758,Lote tecnologico 6758,"849,56",37,Software
Teclado v6759,Lote tecnologico 6759,"815,42",103,Licencias
Mouse v6760,Lote tecnologico 6760,"710,07",153,Hardware
SSD v6761,Lote tecnologico 6761,"1086,21",1,Licencias
SSD v6762,Lote tecnologico 6762,"961,19",158,Hardware
RAM v6763,Lote tecnologico 6763,"1173,75",35,Licencias
Mouse v6764,Lote tecnologico 6764,"216,91",150,Licencias
Laptop v6765,Lote tecnologico 6765,"315,35",130,Software
Monitor v6766,Lote tecnologico 6766,"526,19",195,Servicios
SSD v6767,Lote tecnologico 6767,"981,52",104,Software
Laptop v6768,Lote tecnologico 6768,"1251,72",142,Hardware
Monitor v6769,Lote tecnologico 6769,"327,36",128,Hardware
RAM v6770,Lote tecnologico 6770,"1028,75",67,Hardware
RAM v6771,Lote tecnologico 6771,"921,29",134,Hardware
Laptop v6772,Lote tecnologico 6772,"1086,22",55,Hardware
RAM v6773,Lote tecnologico 6773,"648,61",188,Hardware
SSD v6774,Lote tecnologico 6774,"355,61",111,Licencias
Teclado v6775,Lote tecnologico 6775,"597,62",62,Servicios
Monitor v6776,Lote tecnologico 6776,"814,12",34,Hardware
Teclado v6777,Lote tecnologico 6777,"883,78",93,Licencias
Monitor v6778,Lote tecnologico 6778,"769,93",153,Software
Teclado v6779,Lote tecnologico 6779,"234,14",78,Licencias
SSD v6780,Lote tecnologico 6780,"590,11",8,Hardware
Mouse v6781,Lote tecnologico 6781,"992,96",149,Licencias
Laptop v6782,Lote tecnologico 6782,"1091,82",119,Licencias
Laptop v6783,Lote tecnologico 6783,"257,21",54,Software
Teclado v6784,Lote tecnologico 6784,"695,86",149,Hardware
SSD v6785,Lote tecnologico 6785,"289,24",54,Servicios
Monitor v6786,Lote tecnologico 6786,"483,29",26,Software
Monitor v6787,Lote tecnologico 6787,"1272,5",171,Licencias
Laptop v6788,Lote tecnologico 6788,"1469,83",101,Licencias
Mouse v6789,Lote tecnologico 6789,"632,84",50,Licencias
Laptop v6790,Lote tecnologico 6790,"1368,1",61,Hardware
Monitor v6791,Lote tecnologico 6791,"660,7",27,Hardware
SSD v6792,Lote tecnologico 6792,"773,79",12,Licencias
RAM v6793,Lote tecnologico 6793,"1122,7",179,Hardware
SSD v6794,Lote tecnologico 6794,"918,25",66,Hardware
RAM v6795,Lote tecnologico 6795,"219,95",57,Servicios
Monitor v6796,Lote tecnologico 6796,"73,69",123,Licencias
Mouse v6797,Lote tecnologico 6797,"1335,52",48,Licencias
SSD v6798,Lote tecnologico 6798,"702,32",158,Servicios
Mouse v6799,Lote tecnologico 6799,"717,74",23,Licencias
Mouse v6800,Lote tecnologico 6800,"541,32",135,Licencias
Mouse v6801,Lote tecnologico 6801,"1194,09",191,Software
Laptop v6802,Lote tecnologico 6802,"104,66",27,Servicios
SSD v6803,Lote tecnologico 6803,"1340,51",100,Hardware
Teclado v6804,Lote tecnologico 6804,"1344,86",193,Software
Monitor v6805,Lote tecnologico 6805,"508,83",112,Licencias
Mouse v6806,Lote tecnologico 6806,"148,87",182,Licencias
Mouse v6807,Lote tecnologico 6807,"662,76",167,Hardware
RAM v6808,Lote tecnologico 6808,"166,62",168,Servicios
Mouse v6809,Lote tecnologico 6809,"52,96",184,Servicios
Mouse v6810,Lote tecnologico 6810,"954,37",189,Hardware
Teclado v6811,Lote tecnologico 6811,"190,99",152,Software
RAM v6812,Lote tecnologico 6812,"949,24",8,Licencias
Teclado v6813,Lote tecnologico 6813,"1236,62",98,Hardware
Monitor v6814,Lote tecnologico 6814,"350,71",17,Servicios
Laptop v6815,Lote tecnologico 6815,"680,3",29,Licencias
Mouse v6816,Lote tecnologico 6816,"632,62",117,Licencias
RAM v6817,Lote tecnologico 6817,"1180,68",68,Hardware
Monitor v6818,Lote tecnologico 6818,"634,36",150,Servicios
RAM v6819,Lote tecnologico 6819,"1181,04",75,Hardware
Teclado v6820,Lote tecnologico 6820,"663,59",117,Servicios
Teclado v6821,Lote tecnologico 6821,"508,89",107,Servicios
Teclado v6822,Lote tecnologico 6822,"1114,13",85,Servicios
Monitor v6823,Lote tecnologico 6823,"684,15",176,Licencias
Mouse v6824,Lote tecnologico 6824,"719,74",16,Hardware
Laptop v6825,Lote tecnologico 6825,"474,04",37,Servicios
Mouse v6826,Lote tecnologico 6826,"401,76",197,Hardware
SSD v6827,Lote tecnologico 6827,"463,71",28,Software
Teclado v6828,Lote tecnologico 6828,"1004,93",19,Software
Teclado v6829,Lote tecnologico 6829,"522,25",67,Licencias
RAM v6830,Lote tecnologico 6830,"1290,44",136,Servicios
Monitor v6831,Lote tecnologico 6831,"1111,81",15,Servicios
Teclado v6832,Lote tecnologico 6832,"1496,24",156,Software
SSD v6833,Lote tecnologico 6833,"429,28",62,Licencias
Mouse v6834,Lote tecnologico 6834,"76,66",88,Servicios
Monitor v6835,Lote tecnologico 6835,"731,01",3,Licencias
Teclado v6836,Lote tecnologico 6836,"667,12",66,Software
SSD v6837,Lote tecnologico 6837,"259,67",168,Hardware
Laptop v6838,Lote tecnologico 6838,"1219,92",142,Servicios
RAM v6839,Lote tecnologico 6839,"1077,22",23,Hardware
Mouse v6840,Lote tecnologico 6840,"734,37",129,Servicios
RAM v6841,Lote tecnologico 6841,"875,73",135,Hardware
Laptop v6842,Lote tecnologico 6842,"600,95",90,Hardware
SSD v6843,Lote tecnologico 6843,"934,26",194,Software
Laptop v6844,Lote tecnologico 6844,"1049,28",187,Servicios
Mouse v6845,Lote tecnologico 6845,"80,32",62,Licencias
RAM v6846,Lote tecnologico 6846,"1024,39",177,Hardware
SSD v6847,Lote tecnologico 6847,"751,64",184,Software
Laptop v6848,Lote tecnologico 6848,"831,17",189,Servicios
SSD v6849,Lote tecnologico 6849,"1088,89",154,Servicios
Mouse v6850,Lote tecnologico 6850,588,75,Software
Teclado v6851,Lote tecnologico 6851,"738,22",83,Hardware
Teclado v6852,Lote tecnologico 6852,"561,02",73,Hardware
Monitor v6853,Lote tecnologico 6853,"1251,75",169,Licencias
Mouse v6854,Lote tecnologico 6854,"940,19",147,Software
RAM v6855,Lote tecnologico 6855,"850,44",163,Software
SSD v6856,Lote tecnologico 6856,"883,27",150,Licencias
SSD v6857,Lote tecnologico 6857,"328,3",189,Software
Laptop v6858,Lote tecnologico 6858,"1024,92",113,Servicios
Monitor v6859,Lote tecnologico 6859,"1252,35",106,Software
Teclado v6860,Lote tecnologico 6860,"1223,73",168,Licencias
RAM v6861,Lote tecnologico 6861,"1363,83",3,Licencias
Monitor v6862,Lote tecnologico 6862,"1371,57",171,Licencias
Mouse v6863,Lote tecnologico 6863,845,72,Hardware
SSD v6864,Lote tecnologico 6864,"1259,94",180,Licencias
Teclado v6865,Lote tecnologico 6865,"1411,02",81,Hardware
Teclado v6866,Lote tecnologico 6866,869,123,Hardware
Mouse v6867,Lote tecnologico 6867,"313,49",1,Licencias
RAM v6868,Lote tecnologico 6868,"864,62",12,Licencias
Laptop v6869,Lote tecnologico 6869,"972,58",193,Servicios
SSD v6870,Lote tecnologico 6870,"736,81",128,Software
SSD v6871,Lote tecnologico 6871,"563,07",130,Servicios
Teclado v6872,Lote tecnologico 6872,"1393,18",45,Hardware
SSD v6873,Lote tecnologico 6873,"324,84",122,Servicios
RAM v6874,Lote tecnologico 6874,"1450,58",156,Hardware
SSD v6875,Lote tecnologico 6875,"975,96",88,Hardware
Mouse v6876,Lote tecnologico 6876,"550,04",128,Servicios
RAM v6877,Lote tecnologico 6877,"1419,18",71,Hardware
Laptop v6878,Lote tecnologico 6878,"290,38",186,Servicios
Monitor v6879,Lote tecnologico 6879,"1462,04",1,Licencias
Monitor v6880,Lote tecnologico 6880,"907,27",165,Servicios
Laptop v6881,Lote tecnologico 6881,"116,83",92,Licencias
Mouse v6882,Lote tecnologico 6882,"1061,08",86,Software
RAM v6883,Lote tecnologico 6883,"1277,89",153,Servicios
SSD v6884,Lote tecnologico 6884,"1241,35",0,Software
Monitor v6885,Lote tecnologico 6885,"677,71",127,Hardware
SSD v6886,Lote tecnologico 6886,"1248,59",40,Software
Teclado v6887,Lote tecnologico 6887,"628,22",170,Software
RAM v6888,Lote tecnologico 6888,"1490,97",123,Software
Monitor v6889,Lote tecnologico 6889,"1156,62",59,Licencias
Monitor v6890,Lote tecnologico 6890,"273,48",60,Hardware
Teclado v6891,Lote tecnologico 6891,"649,51",116,Licencias
Laptop v6892,Lote tecnologico 6892,"113,18",131,Licencias
Monitor v6893,Lote tecnologico 6893,"566,19",121,Software
Teclado v6894,Lote tecnologico 6894,"694,12",105,Servicios
SSD v6895,Lote tecnologico 6895,"575,62",163,Software
Teclado v6896,Lote tecnologico 6896,"283,31",43,Hardware
Teclado v6897,Lote tecnologico 6897,"884,09",160,Servicios
Monitor v6898,Lote tecnologico 6898,"489,11",115,Software
Mouse v6899,Lote tecnologico 6899,"760,65",5,Servicios
Laptop v6900,Lote tecnologico 6900,"996,79",74,Software
Mouse v6901,Lote tecnologico 6901,"946,32",65,Licencias
Mouse v6902,Lote tecnologico 6902,"257,05",154,Software
Laptop v6903,Lote tecnologico 6903,"200,28",91,Software
Teclado v6904,Lote tecnologico 6904,"1324,19",22,Licencias
Mouse v6905,Lote tecnologico 6905,"775,19",86,Licencias
Monitor v6906,Lote tecnologico 6906,"613,16",15,Servicios
RAM v6907,Lote tecnologico 6907,"1378,63",179,Hardware
Monitor v6908,Lote tecnologico 6908,"1354,86",98,Software
SSD v6909,Lote tecnologico 6909,"144,07",184,Servicios
RAM v6910,Lote tecnologico 6910,"1418,48",164,Software
Laptop v6911,Lote tecnologico 6911,"1032,12",110,Hardware
RAM v6912,Lote tecnologico 6912,"765,24",118,Hardware
Teclado v6913,Lote tecnologico 6913,"1230,26",92,Hardware
SSD v6914,Lote tecnologico 6914,"1025,82",118,Licencias
Monitor v6915,Lote tecnologico 6915,"822,9",46,Servicios
Teclado v6916,Lote tecnologico 6916,"1350,32",166,Licencias
Monitor v6917,Lote tecnologico 6917,"458,06",66,Licencias
RAM v6918,Lote tecnologico 6918,"60,04",28,Hardware
Monitor v6919,Lote tecnologico 6919,"1445,28",42,Software
Monitor v6920,Lote tecnologico 6920,"539,28",62,Hardware
SSD v6921,Lote tecnologico 6921,"871,52",47,Hardware
SSD v6922,Lote tecnologico 6922,"502,14",122,Licencias
SSD v6923,Lote tecnologico 6923,"190,3",18,Software
Mouse v6924,Lote tecnologico 6924,"199,96",56,Licencias
Teclado v6925,Lote tecnologico 6925,"1224,83",165,Servicios
Teclado v6926,Lote tecnologico 6926,"432,44",14,Software
Mouse v6927,Lote tecnologico 6927,"544,66",43,Servicios
RAM v6928,Lote tecnologico 6928,"803,62",13,Hardware
Teclado v6929,Lote tecnologico 6929,"439,88",116,Software
RAM v6930,Lote tecnologico 6930,"362,74",196,Hardware
Laptop v6931,Lote tecnologico 6931,"1230,16",182,Software
Mouse v6932,Lote tecnologico 6932,"685,75",96,Hardware
Laptop v6933,Lote tecnologico 6933,"283,59",108,Licencias
Mouse v6934,Lote tecnologico 6934,"1362,62",12,Servicios
RAM v6935,Lote tecnologico 6935,"670,01",111,Servicios
SSD v6936,Lote tecnologico 6936,"1475,21",122,Servicios
Laptop v6937,Lote tecnologico 6937,"1330,07",119,Servicios
Mouse v6938,Lote tecnologico 6938,"1058,72",180,Hardware
Laptop v6939,Lote tecnologico 6939,"885,49",195,Hardware
Laptop v6940,Lote tecnologico 6940,"325,48",47,Hardware
SSD v6941,Lote tecnologico 6941,"939,18",154,Software
Laptop v6942,Lote tecnologico 6942,"1328,96",125,Hardware
Teclado v6943,Lote tecnologico 6943,"775,39",109,Hardware
SSD v6944,Lote tecnologico 6944,"1093,64",56,Servicios
RAM v6945,Lote tecnologico 6945,"55,2",145,Hardware
SSD v6946,Lote tecnologico 6946,"582,49",178,Hardware
SSD v6947,Lote tecnologico 6947,"964,48",100,Licencias
RAM v6948,Lote tecnologico 6948,"652,22",150,Hardware
SSD v6949,Lote tecnologico 6949,"873,09",149,Servicios
Teclado v6950,Lote tecnologico 6950,"64,62",143,Hardware
Laptop v6951,Lote tecnologico 6951,"1382,55",139,Software
Laptop v6952,Lote tecnologico 6952,"137,95",51,Licencias
Monitor v6953,Lote tecnologico 6953,"1078,59",173,Licencias
RAM v6954,Lote tecnologico 6954,"1391,41",174,Servicios
SSD v6955,Lote tecnologico 6955,"190,34",7,Licencias
Teclado v6956,Lote tecnologico 6956,"207,3",87,Software
Mouse v6957,Lote tecnologico 6957,"1445,38",53,Hardware
Teclado v6958,Lote tecnologico 6958,"483,34",35,Servicios
RAM v6959,Lote tecnologico 6959,"1357,96",90,Servicios
Laptop v6960,Lote tecnologico 6960,"664,66",123,Servicios
Monitor v6961,Lote tecnologico 6961,"1054,17",163,Servicios
Teclado v6962,Lote tecnologico 6962,"1028,32",39,Software
Laptop v6963,Lote tecnologico 6963,"1100,48",182,Licencias
Monitor v6964,Lote tecnologico 6964,"1467,95",84,Servicios
Mouse v6965,Lote tecnologico 6965,"300,52",193,Software
SSD v6966,Lote tecnologico 6966,"926,25",164,Licencias
SSD v6967,Lote tecnologico 6967,"1187,08",150,Servicios
RAM v6968,Lote tecnologico 6968,"878,72",86,Hardware
Mouse v6969,Lote tecnologico 6969,"488,1",55,Servicios
SSD v6970,Lote tecnologico 6970,"661,09",69,Hardware
RAM v6971,Lote tecnologico 6971,"828,11",111,Licencias
Laptop v6972,Lote tecnologico 6972,"1462,67",50,Licencias
Monitor v6973,Lote tecnologico 6973,"451,65",102,Software
Laptop v6974,Lote tecnologico 6974,"1306,68",56,Licencias
Laptop v6975,Lote tecnologico 6975,"980,99",169,Servicios
SSD v6976,Lote tecnologico 6976,"367,91",67,Servicios
SSD v6977,Lote tecnologico 6977,"989,49",88,Servicios
SSD v6978,Lote tecnologico 6978,"1418,71",156,Software
Teclado v6979,Lote tecnologico 6979,"732,15",138,Licencias
Laptop v6980,Lote tecnologico 6980,"1204,8",195,Licencias
Mouse v6981,Lote tecnologico 6981,"287,7",110,Licencias
SSD v6982,Lote tecnologico 6982,"165,29",44,Hardware
Teclado v6983,Lote tecnologico 6983,"1348,46",93,Servicios
Mouse v6984,Lote tecnologico 6984,"1290,71",128,Licencias
Mouse v6985,Lote tecnologico 6985,"144,62",93,Licencias
Teclado v6986,Lote tecnologico 6986,"1170,89",62,Software
SSD v6987,Lote tecnologico 6987,"978,23",141,Hardware
RAM v6988,Lote tecnologico 6988,"1145,6",152,Hardware
SSD v6989,Lote tecnologico 6989,"206,13",147,Servicios
Teclado v6990,Lote tecnologico 6990,"860,44",83,Servicios
Teclado v6991,Lote tecnologico 6991,"153,28",137,Licencias
RAM v6992,Lote tecnologico 6992,"347,94",153,Servicios
Laptop v6993,Lote tecnologico 6993,"510,03",159,Servicios
SSD v6994,Lote tecnologico 6994,"134,13",157,Software
SSD v6995,Lote tecnologico 6995,"1399,14",6,Hardware
SSD v6996,Lote tecnologico 6996,"1161,06",174,Licencias
Teclado v6997,Lote tecnologico 6997,"1182,06",177,Software
Teclado v6998,Lote tecnologico 6998,"1398,68",159,Software
SSD v6999,Lote tecnologico 6999,"1405,26",51,Hardware
Mouse v7000,Lote tecnologico 7000,"124,39",56,Servicios
Teclado v7001,Lote tecnologico 7001,"431,48",145,Software
Laptop v7002,Lote tecnologico 7002,"392,18",10,Hardware
Mouse v7003,Lote tecnologico 7003,"1462,79",185,Servicios
Monitor v7004,Lote tecnologico 7004,"817,85",158,Servicios
SSD v7005,Lote tecnologico 7005,"617,07",2,Servicios
Laptop v7006,Lote tecnologico 7006,"1358,89",72,Software
Monitor v7007,Lote tecnologico 7007,"274,28",52,Hardware
RAM v7008,Lote tecnologico 7008,"967,73",164,Hardware
SSD v7009,Lote tecnologico 7009,"1060,76",131,Software
Teclado v7010,Lote tecnologico 7010,"691,63",125,Software
SSD v7011,Lote tecnologico 7011,"477,04",126,Hardware
Laptop v7012,Lote tecnologico 7012,"357,21",55,Hardware
RAM v7013,Lote tecnologico 7013,"1447,53",184,Licencias
Mouse v7014,Lote tecnologico 7014,"1093,98",162,Licencias
Mouse v7015,Lote tecnologico 7015,"1076,61",141,Software
Teclado v7016,Lote tecnologico 7016,"1339,04",105,Hardware
Monitor v7017,Lote tecnologico 7017,"1192,83",189,Software
SSD v7018,Lote tecnologico 7018,"622,57",82,Software
Laptop v7019,Lote tecnologico 7019,"990,46",92,Software
SSD v7020,Lote tecnologico 7020,"427,23",83,Hardware
SSD v7021,Lote tecnologico 7021,"355,39",197,Licencias
RAM v7022,Lote tecnologico 7022,"1393,11",75,Licencias
SSD v7023,Lote tecnologico 7023,"597,41",49,Servicios
SSD v7024,Lote tecnologico 7024,720,54,Software
SSD v7025,Lote tecnologico 7025,"161,86",189,Licencias
Teclado v7026,Lote tecnologico 7026,"843,21",6,Hardware
Laptop v7027,Lote tecnologico 7027,"605,32",7,Software
RAM v7028,Lote tecnologico 7028,"427,21",12,Hardware
Laptop v7029,Lote tecnologico 7029,"1300,07",76,Servicios
RAM v7030,Lote tecnologico 7030,"1432,82",118,Servicios
RAM v7031,Lote tecnologico 7031,"471,69",4,Licencias
Laptop v7032,Lote tecnologico 7032,"1315,1",114,Software
Laptop v7033,Lote tecnologico 7033,"95,2",193,Hardware
SSD v7034,Lote tecnologico 7034,"448,12",129,Servicios
Monitor v7035,Lote tecnologico 7035,"1368,8",24,Servicios
Teclado v7036,Lote tecnologico 7036,"673,67",76,Servicios
Monitor v7037,Lote tecnologico 7037,"662,81",41,Servicios
SSD v7038,Lote tecnologico 7038,"1202,39",29,Licencias
Teclado v7039,Lote tecnologico 7039,"626,93",25,Servicios
Mouse v7040,Lote tecnologico 7040,"1382,29",1,Hardware
SSD v7041,Lote tecnologico 7041,"304,74",177,Hardware
SSD v7042,Lote tecnologico 7042,"661,03",154,Licencias
RAM v7043,Lote tecnologico 7043,"199,74",101,Hardware
SSD v7044,Lote tecnologico 7044,"986,09",32,Servicios
Laptop v7045,Lote tecnologico 7045,"1185,53",156,Licencias
SSD v7046,Lote tecnologico 7046,"932,9",73,Servicios
Mouse v7047,Lote tecnologico 7047,"1216,81",55,Software
Laptop v7048,Lote tecnologico 7048,"745,52",63,Software
Monitor v7049,Lote tecnologico 7049,"1101,34",146,Licencias
SSD v7050,Lote tecnologico 7050,"175,59",9,Hardware
Laptop v7051,Lote tecnologico 7051,"1093,43",149,Servicios
Mouse v7052,Lote tecnologico 7052,"1341,63",93,Servicios
Teclado v7053,Lote tecnologico 7053,"1466,41",125,Licencias
Monitor v7054,Lote tecnologico 7054,"552,69",174,Licencias
RAM v7055,Lote tecnologico 7055,"608,3",0,Servicios
Monitor v7056,Lote tecnologico 7056,"1345,74",2,Licencias
SSD v7057,Lote tecnologico 7057,"986,83",32,Servicios
Mouse v7058,Lote tecnologico 7058,"1114,37",5,Software
RAM v7059,Lote tecnologico 7059,"936,92",30,Software
RAM v7060,Lote tecnologico 7060,"678,87",16,Licencias
Monitor v7061,Lote tecnologico 7061,"1238,13",118,Software
Monitor v7062,Lote tecnologico 7062,"993,02",117,Servicios
Laptop v7063,Lote tecnologico 7063,"1236,46",138,Licencias
RAM v7064,Lote tecnologico 7064,"672,61",195,Hardware
Mouse v7065,Lote tecnologico 7065,"1018,12",33,Hardware
Teclado v7066,Lote tecnologico 7066,"1491,64",3,Licencias
Monitor v7067,Lote tecnologico 7067,"166,69",0,Licencias
Teclado v7068,Lote tecnologico 7068,"1015,2",18,Licencias
Monitor v7069,Lote tecnologico 7069,"753,3",85,Software
RAM v7070,Lote tecnologico 7070,"1033,53",20,Servicios
Monitor v7071,Lote tecnologico 7071,"939,79",135,Hardware
RAM v7072,Lote tecnologico 7072,"363,04",29,Servicios
Teclado v7073,Lote tecnologico 7073,"537,2",117,Servicios
Monitor v7074,Lote tecnologico 7074,"1089,11",102,Licencias
Teclado v7075,Lote tecnologico 7075,"186,9",157,Licencias
Laptop v7076,Lote tecnologico 7076,"942,76",196,Servicios
Laptop v7077,Lote tecnologico 7077,"304,64",126,Licencias
Monitor v7078,Lote tecnologico 7078,"602,71",72,Hardware
Mouse v7079,Lote tecnologico 7079,"1225,24",21,Software
RAM v7080,Lote tecnologico 7080,"785,83",39,Hardware
SSD v7081,Lote tecnologico 7081,"1446,5",155,Licencias
RAM v7082,Lote tecnologico 7082,"247,94",50,Software
Laptop v7083,Lote tecnologico 7083,"1031,5",42,Licencias
RAM v7084,Lote tecnologico 7084,"1279,01",75,Licencias
Monitor v7085,Lote tecnologico 7085,"846,52",179,Hardware
Laptop v7086,Lote tecnologico 7086,"403,18",124,Software
RAM v7087,Lote tecnologico 7087,"263,07",152,Licencias
SSD v7088,Lote tecnologico 7088,"60,28",112,Hardware
SSD v7089,Lote tecnologico 7089,"831,5",155,Hardware
SSD v7090,Lote tecnologico 7090,"640,4",133,Software
RAM v7091,Lote tecnologico 7091,"799,48",113,Software
Monitor v7092,Lote tecnologico 7092,"1065,27",146,Licencias
Laptop v7093,Lote tecnologico 7093,"1032,4",132,Hardware
SSD v7094,Lote tecnologico 7094,"1416,25",9,Software
SSD v7095,Lote tecnologico 7095,"756,34",154,Licencias
Teclado v7096,Lote tecnologico 7096,"1285,73",194,Hardware
Monitor v7097,Lote tecnologico 7097,"986,78",105,Software
SSD v7098,Lote tecnologico 7098,"1454,43",161,Software
Laptop v7099,Lote tecnologico 7099,"1330,13",97,Servicios
Mouse v7100,Lote tecnologico 7100,"1494,12",106,Servicios
SSD v7101,Lote tecnologico 7101,"716,53",122,Hardware
Teclado v7102,Lote tecnologico 7102,"1355,44",54,Servicios
Teclado v7103,Lote tecnologico 7103,"461,83",180,Licencias
Teclado v7104,Lote tecnologico 7104,"1427,46",169,Servicios
Teclado v7105,Lote tecnologico 7105,"644,67",95,Software
Monitor v7106,Lote tecnologico 7106,"541,15",45,Servicios
SSD v7107,Lote tecnologico 7107,"74,24",132,Software
Monitor v7108,Lote tecnologico 7108,"477,87",43,Software
SSD v7109,Lote tecnologico 7109,"1250,4",125,Licencias
Monitor v7110,Lote tecnologico 7110,"309,42",198,Licencias
SSD v7111,Lote tecnologico 7111,"871,21",4,Servicios
Laptop v7112,Lote tecnologico 7112,"967,72",62,Hardware
Laptop v7113,Lote tecnologico 7113,"81,66",183,Licencias
Monitor v7114,Lote tecnologico 7114,362,131,Licencias
Teclado v7115,Lote tecnologico 7115,"938,6",97,Software
Laptop v7116,Lote tecnologico 7116,"594,06",167,Software
Laptop v7117,Lote tecnologico 7117,"744,71",1,Software
Teclado v7118,Lote tecnologico 7118,"352,32",10,Licencias
Monitor v7119,Lote tecnologico 7119,"1068,26",60,Licencias
Laptop v7120,Lote tecnologico 7120,"1378,29",144,Software
SSD v7121,Lote tecnologico 7121,"364,21",170,Hardware
RAM v7122,Lote tecnologico 7122,"814,01",28,Hardware
SSD v7123,Lote tecnologico 7123,"772,82",8,Servicios
Teclado v7124,Lote tecnologico 7124,"239,88",133,Servicios
Teclado v7125,Lote tecnologico 7125,"256,97",174,Hardware
Laptop v7126,Lote tecnologico 7126,"659,05",30,Software
Laptop v7127,Lote tecnologico 7127,"1194,24",160,Software
Mouse v7128,Lote tecnologico 7128,"1306,97",190,Software
SSD v7129,Lote tecnologico 7129,"384,36",84,Hardware
Mouse v7130,Lote tecnologico 7130,"90,71",196,Servicios
Monitor v7131,Lote tecnologico 7131,"550,82",10,Software
Laptop v7132,Lote tecnologico 7132,"330,56",67,Hardware
Laptop v7133,Lote tecnologico 7133,"447,61",138,Hardware
Mouse v7134,Lote tecnologico 7134,"801,78",11,Hardware
RAM v7135,Lote tecnologico 7135,"506,63",144,Licencias
Monitor v7136,Lote tecnologico 7136,"1394,18",108,Licencias
Mouse v7137,Lote tecnologico 7137,"1385,82",177,Licencias
Monitor v7138,Lote tecnologico 7138,"162,67",44,Hardware
RAM v7139,Lote tecnologico 7139,"104,78",132,Licencias
Monitor v7140,Lote tecnologico 7140,"540,88",35,Licencias
RAM v7141,Lote tecnologico 7141,"542,12",57,Servicios
Monitor v7142,Lote tecnologico 7142,"847,44",80,Servicios
Teclado v7143,Lote tecnologico 7143,"357,49",0,Licencias
Laptop v7144,Lote tecnologico 7144,"1045,15",105,Servicios
Mouse v7145,Lote tecnologico 7145,"399,48",46,Hardware
Laptop v7146,Lote tecnologico 7146,"354,36",113,Software
Laptop v7147,Lote tecnologico 7147,"969,86",147,Servicios
RAM v7148,Lote tecnologico 7148,"531,9",104,Servicios
Teclado v7149,Lote tecnologico 7149,"384,33",135,Licencias
Mouse v7150,Lote tecnologico 7150,"1313,82",96,Servicios
Laptop v7151,Lote tecnologico 7151,"707,11",9,Servicios
SSD v7152,Lote tecnologico 7152,"632,83",2,Software
RAM v7153,Lote tecnologico 7153,"769,56",187,Software
RAM v7154,Lote tecnologico 7154,"436,96",197,Software
RAM v7155,Lote tecnologico 7155,"145,61",153,Servicios
Laptop v7156,Lote tecnologico 7156,"848,79",86,Servicios
RAM v7157,Lote tecnologico 7157,"58,09",78,Licencias
Laptop v7158,Lote tecnologico 7158,"547,71",153,Servicios
Teclado v7159,Lote tecnologico 7159,"343,18",88,Software
RAM v7160,Lote tecnologico 7160,"1086,07",32,Software
Mouse v7161,Lote tecnologico 7161,"1004,56",137,Hardware
Mouse v7162,Lote tecnologico 7162,"427,27",4,Software
Monitor v7163,Lote tecnologico 7163,"128,39",41,Licencias
Mouse v7164,Lote tecnologico 7164,"1094,95",43,Software
Monitor v7165,Lote tecnologico 7165,"737,95",36,Licencias
Mouse v7166,Lote tecnologico 7166,"1062,76",25,Licencias
Mouse v7167,Lote tecnologico 7167,"413,85",63,Hardware
Laptop v7168,Lote tecnologico 7168,"128,65",109,Software
Teclado v7169,Lote tecnologico 7169,"157,15",182,Software
RAM v7170,Lote tecnologico 7170,"444,82",199,Hardware
SSD v7171,Lote tecnologico 7171,"619,26",79,Hardware
Laptop v7172,Lote tecnologico 7172,"1105,52",98,Software
RAM v7173,Lote tecnologico 7173,"826,02",119,Hardware
Mouse v7174,Lote tecnologico 7174,"460,21",84,Software
RAM v7175,Lote tecnologico 7175,"425,03",114,Software
Laptop v7176,Lote tecnologico 7176,"410,29",89,Servicios
SSD v7177,Lote tecnologico 7177,"559,77",57,Hardware
Teclado v7178,Lote tecnologico 7178,"1182,77",137,Servicios
Monitor v7179,Lote tecnologico 7179,"1072,8",1,Licencias
SSD v7180,Lote tecnologico 7180,"1294,41",181,Servicios
Mouse v7181,Lote tecnologico 7181,"617,75",197,Licencias
RAM v7182,Lote tecnologico 7182,"158,53",64,Hardware
Mouse v7183,Lote tecnologico 7183,"206,67",143,Software
Monitor v7184,Lote tecnologico 7184,"831,12",92,Servicios
Mouse v7185,Lote tecnologico 7185,"1288,93",52,Hardware
SSD v7186,Lote tecnologico 7186,"163,39",135,Hardware
SSD v7187,Lote tecnologico 7187,"907,22",76,Hardware
SSD v7188,Lote tecnologico 7188,"607,32",199,Software
Mouse v7189,Lote tecnologico 7189,"1087,01",185,Hardware
RAM v7190,Lote tecnologico 7190,"897,93",185,Hardware
Monitor v7191,Lote tecnologico 7191,"217,99",184,Servicios
Laptop v7192,Lote tecnologico 7192,"1009,01",100,Licencias
Laptop v7193,Lote tecnologico 7193,"374,82",18,Servicios
Laptop v7194,Lote tecnologico 7194,"1333,1",133,Servicios
SSD v7195,Lote tecnologico 7195,"483,67",194,Software
Laptop v7196,Lote tecnologico 7196,"692,72",59,Licencias
SSD v7197,Lote tecnologico 7197,"1281,83",184,Software
SSD v7198,Lote tecnologico 7198,"367,82",8,Licencias
RAM v7199,Lote tecnologico 7199,"502,21",135,Servicios
Mouse v7200,Lote tecnologico 7200,"1373,54",44,Servicios
Teclado v7201,Lote tecnologico 7201,"719,1",121,Software
RAM v7202,Lote tecnologico 7202,"693,79",188,Licencias
Laptop v7203,Lote tecnologico 7203,"136,91",58,Hardware
Laptop v7204,Lote tecnologico 7204,"1084,39",23,Hardware
Laptop v7205,Lote tecnologico 7205,"924,18",124,Servicios
Monitor v7206,Lote tecnologico 7206,"1069,36",183,Software
SSD v7207,Lote tecnologico 7207,"1041,06",172,Hardware
Laptop v7208,Lote tecnologico 7208,"270,25",127,Software
RAM v7209,Lote tecnologico 7209,"290,25",154,Hardware
Mouse v7210,Lote tecnologico 7210,"918,3",16,Servicios
Laptop v7211,Lote tecnologico 7211,"616,85",159,Licencias
Laptop v7212,Lote tecnologico 7212,"1085,96",113,Software
Monitor v7213,Lote tecnologico 7213,"1196,97",8,Servicios
Monitor v7214,Lote tecnologico 7214,"1018,4",111,Licencias
SSD v7215,Lote tecnologico 7215,"726,09",112,Software
Mouse v7216,Lote tecnologico 7216,"1158,48",3,Licencias
SSD v7217,Lote tecnologico 7217,"190,86",55,Software
Mouse v7218,Lote tecnologico 7218,"531,61",149,Licencias
Laptop v7219,Lote tecnologico 7219,"426,28",45,Licencias
RAM v7220,Lote tecnologico 7220,"240,52",49,Licencias
Mouse v7221,Lote tecnologico 7221,"331,97",157,Software
RAM v7222,Lote tecnologico 7222,"1495,68",86,Licencias
SSD v7223,Lote tecnologico 7223,"958,84",142,Hardware
Mouse v7224,Lote tecnologico 7224,"727,81",125,Hardware
Laptop v7225,Lote tecnologico 7225,"424,48",137,Servicios
RAM v7226,Lote tecnologico 7226,"821,82",165,Servicios
RAM v7227,Lote tecnologico 7227,"1415,15",88,Hardware
SSD v7228,Lote tecnologico 7228,"154,58",29,Licencias
Monitor v7229,Lote tecnologico 7229,"1432,57",104,Software
Teclado v7230,Lote tecnologico 7230,"483,95",25,Hardware
Mouse v7231,Lote tecnologico 7231,"384,97",145,Licencias
SSD v7232,Lote tecnologico 7232,"539,06",197,Software
Monitor v7233,Lote tecnologico 7233,352,114,Software
Teclado v7234,Lote tecnologico 7234,"1256,8",129,Servicios
Monitor v7235,Lote tecnologico 7235,"50,27",83,Licencias
Mouse v7236,Lote tecnologico 7236,"1309,8",89,Licencias
RAM v7237,Lote tecnologico 7237,"874,66",9,Licencias
SSD v7238,Lote tecnologico 7238,"470,85",183,Hardware
RAM v7239,Lote tecnologico 7239,"1234,97",166,Software
Teclado v7240,Lote tecnologico 7240,"68,74",174,Hardware
Laptop v7241,Lote tecnologico 7241,"1062,69",74,Servicios
Mouse v7242,Lote tecnologico 7242,"276,84",73,Servicios
Monitor v7243,Lote tecnologico 7243,"321,25",149,Hardware
Monitor v7244,Lote tecnologico 7244,"1118,73",154,Servicios
Mouse v7245,Lote tecnologico 7245,"926,96",62,Licencias
RAM v7246,Lote tecnologico 7246,"1482,3",184,Licencias
Laptop v7247,Lote tecnologico 7247,"577,11",2,Licencias
Monitor v7248,Lote tecnologico 7248,"991,89",86,Hardware
Teclado v7249,Lote tecnologico 7249,"730,96",8,Software
RAM v7250,Lote tecnologico 7250,"496,05",130,Servicios
Laptop v7251,Lote tecnologico 7251,"789,63",109,Software
Laptop v7252,Lote tecnologico 7252,"549,49",55,Hardware
Monitor v7253,Lote tecnologico 7253,"74,2",0,Hardware
Monitor v7254,Lote tecnologico 7254,"554,26",117,Hardware
SSD v7255,Lote tecnologico 7255,"384,14",36,Software
SSD v7256,Lote tecnologico 7256,"535,21",138,Licencias
Laptop v7257,Lote tecnologico 7257,"348,56",88,Servicios
Monitor v7258,Lote tecnologico 7258,"76,83",150,Licencias
Mouse v7259,Lote tecnologico 7259,"513,99",37,Licencias
Mouse v7260,Lote tecnologico 7260,"785,45",193,Software
Monitor v7261,Lote tecnologico 7261,"1235,99",42,Licencias
Teclado v7262,Lote tecnologico 7262,"619,11",181,Licencias
Monitor v7263,Lote tecnologico 7263,773,85,Software
SSD v7264,Lote tecnologico 7264,"474,18",143,Software
Mouse v7265,Lote tecnologico 7265,"876,63",168,Software
Mouse v7266,Lote tecnologico 7266,"910,78",50,Licencias
Laptop v7267,Lote tecnologico 7267,"508,83",89,Servicios
Laptop v7268,Lote tecnologico 7268,"958,71",8,Servicios
Teclado v7269,Lote tecnologico 7269,"607,4",15,Software
Teclado v7270,Lote tecnologico 7270,"770,38",32,Software
RAM v7271,Lote tecnologico 7271,"1394,8",180,Hardware
Monitor v7272,Lote tecnologico 7272,"123,85",85,Software
RAM v7273,Lote tecnologico 7273,"730,8",148,Servicios
Monitor v7274,Lote tecnologico 7274,"1203,29",82,Hardware
Teclado v7275,Lote tecnologico 7275,"1190,74",4,Software
Monitor v7276,Lote tecnologico 7276,"1378,39",177,Hardware
Laptop v7277,Lote tecnologico 7277,"1210,17",35,Software
SSD v7278,Lote tecnologico 7278,"225,93",155,Software
Teclado v7279,Lote tecnologico 7279,"1212,01",111,Software
Mouse v7280,Lote tecnologico 7280,"1045,38",30,Software
RAM v7281,Lote tecnologico 7281,"92,6",63,Licencias
Monitor v7282,Lote tecnologico 7282,"244,45",193,Software
Monitor v7283,Lote tecnologico 7283,"86,73",169,Licencias
Teclado v7284,Lote tecnologico 7284,"279,33",134,Servicios
SSD v7285,Lote tecnologico 7285,"1217,37",12,Licencias
Monitor v7286,Lote tecnologico 7286,"271,51",51,Software
Mouse v7287,Lote tecnologico 7287,"808,15",90,Servicios
Monitor v7288,Lote tecnologico 7288,"1051,88",125,Licencias
Monitor v7289,Lote tecnologico 7289,"1069,36",130,Licencias
SSD v7290,Lote tecnologico 7290,"1101,69",81,Servicios
SSD v7291,Lote tecnologico 7291,"705,77",42,Servicios
Laptop v7292,Lote tecnologico 7292,"908,28",87,Software
Mouse v7293,Lote tecnologico 7293,"468,34",89,Hardware
Teclado v7294,Lote tecnologico 7294,"630,52",130,Servicios
Mouse v7295,Lote tecnologico 7295,"1420,82",146,Servicios
Monitor v7296,Lote tecnologico 7296,"1479,86",89,Hardware
Monitor v7297,Lote tecnologico 7297,"688,25",107,Licencias
Mouse v7298,Lote tecnologico 7298,"1332,12",168,Software
Laptop v7299,Lote tecnologico 7299,"1040,92",112,Servicios
SSD v7300,Lote tecnologico 7300,"801,92",53,Licencias
Mouse v7301,Lote tecnologico 7301,"283,24",27,Software
RAM v7302,Lote tecnologico 7302,"643,11",116,Software
Monitor v7303,Lote tecnologico 7303,"1201,42",115,Hardware
RAM v7304,Lote tecnologico 7304,"393,84",144,Licencias
RAM v7305,Lote tecnologico 7305,"826,81",2,Licencias
Teclado v7306,Lote tecnologico 7306,"1148,48",128,Software
RAM v7307,Lote tecnologico 7307,"993,94",142,Hardware
RAM v7308,Lote tecnologico 7308,"924,92",170,Licencias
Monitor v7309,Lote tecnologico 7309,"1118,7",12,Hardware
Mouse v7310,Lote tecnologico 7310,"1081,37",153,Software
Mouse v7311,Lote tecnologico 7311,"1017,56",93,Licencias
Monitor v7312,Lote tecnologico 7312,"960,4",182,Hardware
Teclado v7313,Lote tecnologico 7313,"734,16",26,Licencias
Monitor v7314,Lote tecnologico 7314,"286,77",109,Servicios
Teclado v7315,Lote tecnologico 7315,"1276,41",151,Hardware
Mouse v7316,Lote tecnologico 7316,"566,35",97,Software
Mouse v7317,Lote tecnologico 7317,"1080,33",97,Licencias
SSD v7318,Lote tecnologico 7318,"1315,56",7,Hardware
Mouse v7319,Lote tecnologico 7319,"737,8",131,Licencias
SSD v7320,Lote tecnologico 7320,"1022,58",15,Software
Mouse v7321,Lote tecnologico 7321,"1423,78",22,Licencias
RAM v7322,Lote tecnologico 7322,"74,85",50,Hardware
Teclado v7323,Lote tecnologico 7323,"989,27",173,Licencias
Mouse v7324,Lote tecnologico 7324,"1084,76",42,Servicios
Mouse v7325,Lote tecnologico 7325,"1307,17",84,Hardware
Teclado v7326,Lote tecnologico 7326,"923,72",71,Software
Monitor v7327,Lote tecnologico 7327,"639,11",146,Licencias
Mouse v7328,Lote tecnologico 7328,"1425,66",90,Hardware
SSD v7329,Lote tecnologico 7329,"607,03",128,Servicios
SSD v7330,Lote tecnologico 7330,"287,7",138,Hardware
Teclado v7331,Lote tecnologico 7331,"838,37",26,Software
RAM v7332,Lote tecnologico 7332,"1129,22",157,Hardware
Teclado v7333,Lote tecnologico 7333,"141,66",109,Licencias
Mouse v7334,Lote tecnologico 7334,"796,54",192,Hardware
Monitor v7335,Lote tecnologico 7335,"1420,89",150,Software
RAM v7336,Lote tecnologico 7336,"794,87",104,Licencias
Mouse v7337,Lote tecnologico 7337,"1156,77",158,Hardware
SSD v7338,Lote tecnologico 7338,"893,27",14,Hardware
Monitor v7339,Lote tecnologico 7339,"752,37",115,Servicios
SSD v7340,Lote tecnologico 7340,"1118,44",117,Hardware
Mouse v7341,Lote tecnologico 7341,"965,65",176,Servicios
Teclado v7342,Lote tecnologico 7342,"750,18",144,Servicios
RAM v7343,Lote tecnologico 7343,"1154,87",191,Hardware
RAM v7344,Lote tecnologico 7344,"799,76",87,Licencias
Monitor v7345,Lote tecnologico 7345,"1402,59",118,Hardware
RAM v7346,Lote tecnologico 7346,"1487,85",46,Licencias
SSD v7347,Lote tecnologico 7347,"568,41",189,Servicios
Teclado v7348,Lote tecnologico 7348,"604,5",41,Hardware
RAM v7349,Lote tecnologico 7349,"992,36",6,Hardware
Laptop v7350,Lote tecnologico 7350,"946,4",121,Licencias
Laptop v7351,Lote tecnologico 7351,"1424,24",136,Servicios
Laptop v7352,Lote tecnologico 7352,"450,88",85,Servicios
Teclado v7353,Lote tecnologico 7353,"647,24",157,Licencias
Mouse v7354,Lote tecnologico 7354,"1182,5",115,Servicios
Monitor v7355,Lote tecnologico 7355,"88,8",25,Servicios
Teclado v7356,Lote tecnologico 7356,"598,23",169,Licencias
RAM v7357,Lote tecnologico 7357,"1199,26",39,Servicios
Monitor v7358,Lote tecnologico 7358,"1230,31",160,Hardware
SSD v7359,Lote tecnologico 7359,"565,77",196,Software
SSD v7360,Lote tecnologico 7360,"474,82",54,Software
SSD v7361,Lote tecnologico 7361,"981,35",170,Hardware
Teclado v7362,Lote tecnologico 7362,"683,29",60,Software
Monitor v7363,Lote tecnologico 7363,"193,58",159,Software
Teclado v7364,Lote tecnologico 7364,"1155,7",71,Servicios
Monitor v7365,Lote tecnologico 7365,"56,52",29,Hardware
Monitor v7366,Lote tecnologico 7366,"1274,78",109,Licencias
RAM v7367,Lote tecnologico 7367,"702,12",107,Software
SSD v7368,Lote tecnologico 7368,"413,49",53,Hardware
Mouse v7369,Lote tecnologico 7369,"379,2",175,Servicios
Teclado v7370,Lote tecnologico 7370,"1173,17",141,Servicios
SSD v7371,Lote tecnologico 7371,"1108,59",61,Licencias
SSD v7372,Lote tecnologico 7372,"598,47",114,Licencias
RAM v7373,Lote tecnologico 7373,"521,69",36,Licencias
RAM v7374,Lote tecnologico 7374,"629,72",38,Software
Mouse v7375,Lote tecnologico 7375,"1361,65",89,Licencias
Monitor v7376,Lote tecnologico 7376,"651,07",51,Hardware
Teclado v7377,Lote tecnologico 7377,"1226,22",156,Licencias
RAM v7378,Lote tecnologico 7378,"823,56",98,Hardware
Teclado v7379,Lote tecnologico 7379,"416,63",192,Hardware
Teclado v7380,Lote tecnologico 7380,"846,78",59,Hardware
Laptop v7381,Lote tecnologico 7381,"1488,75",104,Licencias
SSD v7382,Lote tecnologico 7382,"621,33",5,Servicios
Mouse v7383,Lote tecnologico 7383,"616,1",25,Licencias
Teclado v7384,Lote tecnologico 7384,"1409,89",64,Software
Monitor v7385,Lote tecnologico 7385,"663,8",120,Licencias
RAM v7386,Lote tecnologico 7386,"1194,28",55,Software
Mouse v7387,Lote tecnologico 7387,"962,33",45,Hardware
SSD v7388,Lote tecnologico 7388,"1229,96",83,Servicios
RAM v7389,Lote tecnologico 7389,"105,03",142,Servicios
Monitor v7390,Lote tecnologico 7390,"106,06",121,Hardware
RAM v7391,Lote tecnologico 7391,"1469,16",4,Software
SSD v7392,Lote tecnologico 7392,"976,44",115,Software
RAM v7393,Lote tecnologico 7393,"455,39",158,Licencias
SSD v7394,Lote tecnologico 7394,"1198,14",24,Servicios
RAM v7395,Lote tecnologico 7395,"866,26",94,Hardware
RAM v7396,Lote tecnologico 7396,"228,65",18,Licencias
RAM v7397,Lote tecnologico 7397,"914,97",178,Software
SSD v7398,Lote tecnologico 7398,"315,45",148,Servicios
Monitor v7399,Lote tecnologico 7399,"486,22",18,Hardware
Laptop v7400,Lote tecnologico 7400,"96,81",196,Licencias
Teclado v7401,Lote tecnologico 7401,"412,07",70,Licencias
Mouse v7402,Lote tecnologico 7402,"1258,13",45,Software
Teclado v7403,Lote tecnologico 7403,"405,76",169,Software
Monitor v7404,Lote tecnologico 7404,"823,78",138,Licencias
SSD v7405,Lote tecnologico 7405,"1076,79",118,Licencias
SSD v7406,Lote tecnologico 7406,"160,82",183,Hardware
RAM v7407,Lote tecnologico 7407,"101,86",22,Software
RAM v7408,Lote tecnologico 7408,"460,52",29,Servicios
Mouse v7409,Lote tecnologico 7409,"798,88",197,Software
RAM v7410,Lote tecnologico 7410,"339,43",63,Servicios
Teclado v7411,Lote tecnologico 7411,"1427,43",154,Servicios
Laptop v7412,Lote tecnologico 7412,"483,51",10,Software
Laptop v7413,Lote tecnologico 7413,"89,3",163,Software
Monitor v7414,Lote tecnologico 7414,"667,03",37,Servicios
Laptop v7415,Lote tecnologico 7415,"264,82",84,Hardware
Mouse v7416,Lote tecnologico 7416,"421,85",23,Hardware
Laptop v7417,Lote tecnologico 7417,"578,84",85,Hardware
Teclado v7418,Lote tecnologico 7418,"992,53",53,Hardware
SSD v7419,Lote tecnologico 7419,"1445,93",129,Software
Laptop v7420,Lote tecnologico 7420,"847,05",129,Licencias
Monitor v7421,Lote tecnologico 7421,"580,58",174,Software
SSD v7422,Lote tecnologico 7422,"1429,3",30,Software
Mouse v7423,Lote tecnologico 7423,"142,48",91,Servicios
Teclado v7424,Lote tecnologico 7424,"890,77",112,Software
Mouse v7425,Lote tecnologico 7425,"767,86",141,Servicios
Laptop v7426,Lote tecnologico 7426,"1069,71",177,Servicios
Monitor v7427,Lote tecnologico 7427,"534,6",59,Software
Teclado v7428,Lote tecnologico 7428,"936,07",135,Hardware
SSD v7429,Lote tecnologico 7429,"1002,36",153,Software
Laptop v7430,Lote tecnologico 7430,"733,55",106,Software
Mouse v7431,Lote tecnologico 7431,"1013,32",140,Hardware
SSD v7432,Lote tecnologico 7432,"1290,16",56,Hardware
SSD v7433,Lote tecnologico 7433,"462,88",167,Software
SSD v7434,Lote tecnologico 7434,"1395,18",7,Licencias
Mouse v7435,Lote tecnologico 7435,"1213,74",57,Servicios
Laptop v7436,Lote tecnologico 7436,"1112,76",114,Hardware
Mouse v7437,Lote tecnologico 7437,"144,04",151,Servicios
Mouse v7438,Lote tecnologico 7438,"223,78",54,Software
SSD v7439,Lote tecnologico 7439,"667,16",165,Servicios
RAM v7440,Lote tecnologico 7440,"971,63",150,Licencias
SSD v7441,Lote tecnologico 7441,"1318,99",186,Servicios
SSD v7442,Lote tecnologico 7442,"1176,36",177,Servicios
Mouse v7443,Lote tecnologico 7443,"362,57",18,Licencias
Mouse v7444,Lote tecnologico 7444,"1487,23",18,Licencias
Monitor v7445,Lote tecnologico 7445,"1117,39",40,Servicios
Laptop v7446,Lote tecnologico 7446,"1090,56",150,Software
Monitor v7447,Lote tecnologico 7447,"775,46",26,Hardware
RAM v7448,Lote tecnologico 7448,"331,94",154,Servicios
Monitor v7449,Lote tecnologico 7449,"1433,84",111,Software
Mouse v7450,Lote tecnologico 7450,"456,49",189,Software
Monitor v7451,Lote tecnologico 7451,"811,16",135,Hardware
SSD v7452,Lote tecnologico 7452,"1237,77",60,Hardware
RAM v7453,Lote tecnologico 7453,752,187,Hardware
RAM v7454,Lote tecnologico 7454,"667,24",131,Licencias
RAM v7455,Lote tecnologico 7455,"721,77",7,Licencias
Monitor v7456,Lote tecnologico 7456,"535,34",47,Software
Monitor v7457,Lote tecnologico 7457,"514,01",49,Licencias
RAM v7458,Lote tecnologico 7458,"989,77",190,Licencias
SSD v7459,Lote tecnologico 7459,"734,98",78,Hardware
SSD v7460,Lote tecnologico 7460,"317,86",194,Software
Mouse v7461,Lote tecnologico 7461,"803,54",166,Servicios
Monitor v7462,Lote tecnologico 7462,"1448,78",127,Licencias
RAM v7463,Lote tecnologico 7463,"678,51",69,Hardware
Laptop v7464,Lote tecnologico 7464,"532,71",5,Software
SSD v7465,Lote tecnologico 7465,"652,64",192,Servicios
SSD v7466,Lote tecnologico 7466,"922,46",177,Hardware
SSD v7467,Lote tecnologico 7467,"779,52",103,Software
Mouse v7468,Lote tecnologico 7468,"895,66",67,Licencias
Laptop v7469,Lote tecnologico 7469,"270,22",169,Licencias
SSD v7470,Lote tecnologico 7470,"911,96",12,Servicios
Teclado v7471,Lote tecnologico 7471,"410,86",68,Servicios
Laptop v7472,Lote tecnologico 7472,"345,59",109,Hardware
SSD v7473,Lote tecnologico 7473,"782,2",109,Licencias
Mouse v7474,Lote tecnologico 7474,"812,52",75,Licencias
Mouse v7475,Lote tecnologico 7475,"1224,83",146,Hardware
Laptop v7476,Lote tecnologico 7476,"361,73",110,Servicios
Mouse v7477,Lote tecnologico 7477,"543,07",100,Servicios
Monitor v7478,Lote tecnologico 7478,"503,44",31,Hardware
Monitor v7479,Lote tecnologico 7479,"1044,69",67,Servicios
Monitor v7480,Lote tecnologico 7480,"1276,8",110,Servicios
Laptop v7481,Lote tecnologico 7481,"1377,95",137,Hardware
SSD v7482,Lote tecnologico 7482,"90,08",138,Licencias
Mouse v7483,Lote tecnologico 7483,"1288,15",36,Licencias
RAM v7484,Lote tecnologico 7484,"377,57",129,Software
Monitor v7485,Lote tecnologico 7485,"968,85",184,Hardware
Laptop v7486,Lote tecnologico 7486,"803,02",165,Licencias
Laptop v7487,Lote tecnologico 7487,"1143,72",79,Licencias
RAM v7488,Lote tecnologico 7488,"360,82",186,Hardware
Monitor v7489,Lote tecnologico 7489,"742,85",165,Licencias
RAM v7490,Lote tecnologico 7490,"227,57",112,Servicios
Monitor v7491,Lote tecnologico 7491,"288,71",161,Licencias
Mouse v7492,Lote tecnologico 7492,"300,25",145,Licencias
SSD v7493,Lote tecnologico 7493,"500,8",159,Servicios
SSD v7494,Lote tecnologico 7494,"134,87",97,Licencias
Mouse v7495,Lote tecnologico 7495,"1113,67",17,Servicios
Monitor v7496,Lote tecnologico 7496,"403,02",7,Hardware
Monitor v7497,Lote tecnologico 7497,"1185,03",49,Hardware
Laptop v7498,Lote tecnologico 7498,"784,12",37,Software
SSD v7499,Lote tecnologico 7499,"1423,06",113,Hardware
Teclado v7500,Lote tecnologico 7500,"756,66",198,Licencias
Laptop v7501,Lote tecnologico 7501,"1337,82",94,Hardware
Teclado v7502,Lote tecnologico 7502,"852,09",181,Software
Monitor v7503,Lote tecnologico 7503,"185,22",17,Hardware
SSD v7504,Lote tecnologico 7504,"141,38",188,Software
Mouse v7505,Lote tecnologico 7505,"266,94",153,Servicios
Mouse v7506,Lote tecnologico 7506,"556,32",142,Licencias
Laptop v7507,Lote tecnologico 7507,"78,77",185,Hardware
Teclado v7508,Lote tecnologico 7508,"384,66",132,Hardware
RAM v7509,Lote tecnologico 7509,"1068,97",105,Software
SSD v7510,Lote tecnologico 7510,"907,36",49,Hardware
Mouse v7511,Lote tecnologico 7511,"458,64",125,Servicios
SSD v7512,Lote tecnologico 7512,"412,84",60,Licencias
SSD v7513,Lote tecnologico 7513,"931,78",65,Licencias
Mouse v7514,Lote tecnologico 7514,"609,52",17,Servicios
RAM v7515,Lote tecnologico 7515,"788,82",104,Licencias
Laptop v7516,Lote tecnologico 7516,"630,55",189,Hardware
Teclado v7517,Lote tecnologico 7517,"483,27",170,Servicios
Teclado v7518,Lote tecnologico 7518,"640,4",164,Software
Mouse v7519,Lote tecnologico 7519,"1007,43",127,Servicios
SSD v7520,Lote tecnologico 7520,"1212,77",190,Licencias
Laptop v7521,Lote tecnologico 7521,"302,74",193,Software
SSD v7522,Lote tecnologico 7522,"777,64",153,Servicios
Laptop v7523,Lote tecnologico 7523,"1224,47",177,Hardware
Teclado v7524,Lote tecnologico 7524,"559,3",121,Licencias
RAM v7525,Lote tecnologico 7525,"885,06",65,Servicios
SSD v7526,Lote tecnologico 7526,"1355,15",100,Software
Teclado v7527,Lote tecnologico 7527,"96,1",185,Licencias
RAM v7528,Lote tecnologico 7528,"1490,46",192,Servicios
Teclado v7529,Lote tecnologico 7529,"1321,32",159,Hardware
Mouse v7530,Lote tecnologico 7530,"841,46",142,Servicios
Mouse v7531,Lote tecnologico 7531,"1025,08",152,Licencias
SSD v7532,Lote tecnologico 7532,"1254,71",132,Servicios
SSD v7533,Lote tecnologico 7533,"1121,11",161,Hardware
Teclado v7534,Lote tecnologico 7534,"293,38",89,Hardware
Monitor v7535,Lote tecnologico 7535,"690,58",154,Licencias
Monitor v7536,Lote tecnologico 7536,"1318,72",3,Software
Monitor v7537,Lote tecnologico 7537,"248,17",0,Software
Monitor v7538,Lote tecnologico 7538,"1487,83",153,Servicios
Monitor v7539,Lote tecnologico 7539,"135,82",64,Licencias
Teclado v7540,Lote tecnologico 7540,"1217,34",170,Software
Teclado v7541,Lote tecnologico 7541,"108,83",185,Hardware
Mouse v7542,Lote tecnologico 7542,"1479,47",69,Licencias
Monitor v7543,Lote tecnologico 7543,"977,54",196,Hardware
Teclado v7544,Lote tecnologico 7544,"569,6",85,Licencias
Mouse v7545,Lote tecnologico 7545,"944,69",40,Software
SSD v7546,Lote tecnologico 7546,"1297,94",197,Software
Mouse v7547,Lote tecnologico 7547,"1018,73",134,Servicios
Teclado v7548,Lote tecnologico 7548,"492,96",122,Servicios
SSD v7549,Lote tecnologico 7549,"966,73",189,Servicios
Mouse v7550,Lote tecnologico 7550,"654,31",165,Licencias
Mouse v7551,Lote tecnologico 7551,"464,76",178,Hardware
Laptop v7552,Lote tecnologico 7552,"135,24",14,Software
RAM v7553,Lote tecnologico 7553,"839,04",169,Hardware
Monitor v7554,Lote tecnologico 7554,"794,16",6,Hardware
Monitor v7555,Lote tecnologico 7555,"136,64",86,Licencias
RAM v7556,Lote tecnologico 7556,"1495,67",33,Hardware
RAM v7557,Lote tecnologico 7557,"643,21",66,Software
Monitor v7558,Lote tecnologico 7558,"1407,49",163,Software
Mouse v7559,Lote tecnologico 7559,"212,89",81,Licencias
Laptop v7560,Lote tecnologico 7560,"965,83",190,Hardware
SSD v7561,Lote tecnologico 7561,"145,14",105,Hardware
Teclado v7562,Lote tecnologico 7562,"312,22",78,Servicios
Monitor v7563,Lote tecnologico 7563,"792,69",72,Licencias
Monitor v7564,Lote tecnologico 7564,"1349,2",71,Hardware
RAM v7565,Lote tecnologico 7565,"1249,39",121,Hardware
RAM v7566,Lote tecnologico 7566,1463,183,Servicios
Teclado v7567,Lote tecnologico 7567,"1417,36",183,Hardware
RAM v7568,Lote tecnologico 7568,"1472,5",98,Servicios
Laptop v7569,Lote tecnologico 7569,"990,95",167,Software
Laptop v7570,Lote tecnologico 7570,"1105,72",189,Servicios
RAM v7571,Lote tecnologico 7571,431,195,Software
Mouse v7572,Lote tecnologico 7572,"312,41",14,Hardware
RAM v7573,Lote tecnologico 7573,"1205,75",89,Hardware
Monitor v7574,Lote tecnologico 7574,"1384,98",169,Servicios
RAM v7575,Lote tecnologico 7575,"1186,1",136,Software
Mouse v7576,Lote tecnologico 7576,"485,14",68,Hardware
Teclado v7577,Lote tecnologico 7577,"915,63",144,Software
RAM v7578,Lote tecnologico 7578,"1085,26",110,Hardware
SSD v7579,Lote tecnologico 7579,"299,51",132,Hardware
RAM v7580,Lote tecnologico 7580,"1339,1",17,Servicios
Monitor v7581,Lote tecnologico 7581,"1211,11",105,Servicios
Mouse v7582,Lote tecnologico 7582,"594,45",60,Licencias
SSD v7583,Lote tecnologico 7583,"732,2",170,Servicios
Monitor v7584,Lote tecnologico 7584,"1495,56",58,Servicios
Teclado v7585,Lote tecnologico 7585,"1154,16",165,Hardware
SSD v7586,Lote tecnologico 7586,"1026,95",126,Hardware
Monitor v7587,Lote tecnologico 7587,"235,23",161,Servicios
Mouse v7588,Lote tecnologico 7588,"687,68",46,Servicios
Laptop v7589,Lote tecnologico 7589,"424,17",54,Servicios
Mouse v7590,Lote tecnologico 7590,"1122,3",100,Software
RAM v7591,Lote tecnologico 7591,"1181,94",160,Licencias
Laptop v7592,Lote tecnologico 7592,"1292,73",108,Licencias
Mouse v7593,Lote tecnologico 7593,"176,22",176,Software
RAM v7594,Lote tecnologico 7594,"264,64",122,Servicios
Monitor v7595,Lote tecnologico 7595,"57,41",23,Software
RAM v7596,Lote tecnologico 7596,"971,62",136,Licencias
Monitor v7597,Lote tecnologico 7597,"853,6",195,Licencias
Mouse v7598,Lote tecnologico 7598,"580,1",37,Software
Monitor v7599,Lote tecnologico 7599,"1295,18",159,Software
RAM v7600,Lote tecnologico 7600,"273,87",68,Software
Monitor v7601,Lote tecnologico 7601,"313,33",15,Servicios
Laptop v7602,Lote tecnologico 7602,"278,21",192,Software
Laptop v7603,Lote tecnologico 7603,"722,68",119,Licencias
RAM v7604,Lote tecnologico 7604,"610,5",46,Licencias
Monitor v7605,Lote tecnologico 7605,"725,59",100,Servicios
Laptop v7606,Lote tecnologico 7606,"422,27",156,Software
Monitor v7607,Lote tecnologico 7607,"1082,79",149,Software
Mouse v7608,Lote tecnologico 7608,"84,1",139,Licencias
RAM v7609,Lote tecnologico 7609,"1389,03",166,Hardware
Monitor v7610,Lote tecnologico 7610,"741,79",121,Licencias
Laptop v7611,Lote tecnologico 7611,"189,49",35,Licencias
Mouse v7612,Lote tecnologico 7612,"649,11",195,Hardware
Teclado v7613,Lote tecnologico 7613,"1345,37",189,Servicios
RAM v7614,Lote tecnologico 7614,"915,28",116,Servicios
Mouse v7615,Lote tecnologico 7615,"1370,22",159,Hardware
Teclado v7616,Lote tecnologico 7616,"194,42",198,Hardware
SSD v7617,Lote tecnologico 7617,"1126,08",89,Servicios
Mouse v7618,Lote tecnologico 7618,"1067,44",6,Servicios
SSD v7619,Lote tecnologico 7619,"508,15",102,Servicios
RAM v7620,Lote tecnologico 7620,"1275,57",5,Licencias
RAM v7621,Lote tecnologico 7621,"1134,61",112,Licencias
RAM v7622,Lote tecnologico 7622,"845,97",71,Servicios
Teclado v7623,Lote tecnologico 7623,"1188,52",140,Hardware
Laptop v7624,Lote tecnologico 7624,"1392,68",26,Software
Mouse v7625,Lote tecnologico 7625,"1493,29",28,Software
Laptop v7626,Lote tecnologico 7626,"525,92",67,Hardware
Mouse v7627,Lote tecnologico 7627,"639,21",164,Licencias
Monitor v7628,Lote tecnologico 7628,"508,52",94,Software
Monitor v7629,Lote tecnologico 7629,53,137,Hardware
Mouse v7630,Lote tecnologico 7630,"1184,69",159,Hardware
Mouse v7631,Lote tecnologico 7631,"645,91",107,Servicios
Laptop v7632,Lote tecnologico 7632,"459,5",67,Software
Teclado v7633,Lote tecnologico 7633,"535,69",144,Software
Monitor v7634,Lote tecnologico 7634,"831,37",29,Licencias
Laptop v7635,Lote tecnologico 7635,"1415,51",126,Servicios
Monitor v7636,Lote tecnologico 7636,"814,16",116,Licencias
Laptop v7637,Lote tecnologico 7637,"1302,19",134,Licencias
Monitor v7638,Lote tecnologico 7638,"1249,66",50,Licencias
Monitor v7639,Lote tecnologico 7639,"1021,73",196,Licencias
RAM v7640,Lote tecnologico 7640,"533,13",82,Servicios
RAM v7641,Lote tecnologico 7641,"1173,9",6,Software
SSD v7642,Lote tecnologico 7642,"1203,19",147,Hardware
Teclado v7643,Lote tecnologico 7643,"793,06",57,Software
SSD v7644,Lote tecnologico 7644,"71,02",66,Servicios
RAM v7645,Lote tecnologico 7645,"899,38",45,Licencias
SSD v7646,Lote tecnologico 7646,"555,31",58,Licencias
Teclado v7647,Lote tecnologico 7647,"1228,17",102,Hardware
Mouse v7648,Lote tecnologico 7648,"1471,97",87,Hardware
Laptop v7649,Lote tecnologico 7649,"1429,23",51,Licencias
Mouse v7650,Lote tecnologico 7650,"448,55",120,Servicios
Teclado v7651,Lote tecnologico 7651,"870,94",95,Licencias
Mouse v7652,Lote tecnologico 7652,"1326,96",143,Licencias
SSD v7653,Lote tecnologico 7653,"1338,03",195,Servicios
RAM v7654,Lote tecnologico 7654,"699,73",64,Software
Laptop v7655,Lote tecnologico 7655,"860,89",187,Licencias
SSD v7656,Lote tecnologico 7656,1280,148,Servicios
Teclado v7657,Lote tecnologico 7657,"152,09",189,Hardware
Monitor v7658,Lote tecnologico 7658,"782,19",25,Licencias
Laptop v7659,Lote tecnologico 7659,"1435,07",199,Hardware
Teclado v7660,Lote tecnologico 7660,"1305,97",18,Servicios
SSD v7661,Lote tecnologico 7661,"1293,22",95,Servicios
RAM v7662,Lote tecnologico 7662,"1174,95",186,Software
Laptop v7663,Lote tecnologico 7663,"1452,85",150,Hardware
Laptop v7664,Lote tecnologico 7664,"726,94",101,Software
Laptop v7665,Lote tecnologico 7665,"1289,9",79,Servicios
Monitor v7666,Lote tecnologico 7666,"695,01",131,Software
SSD v7667,Lote tecnologico 7667,"172,41",169,Hardware
Mouse v7668,Lote tecnologico 7668,"169,18",49,Servicios
Mouse v7669,Lote tecnologico 7669,"565,42",141,Hardware
Monitor v7670,Lote tecnologico 7670,"1195,03",10,Licencias
Laptop v7671,Lote tecnologico 7671,"1057,93",35,Hardware
RAM v7672,Lote tecnologico 7672,"98,05",168,Servicios
Laptop v7673,Lote tecnologico 7673,"256,04",185,Hardware
Teclado v7674,Lote tecnologico 7674,"730,77",126,Servicios
SSD v7675,Lote tecnologico 7675,"580,03",181,Software
RAM v7676,Lote tecnologico 7676,"548,21",193,Servicios
Monitor v7677,Lote tecnologico 7677,1261,120,Hardware
Laptop v7678,Lote tecnologico 7678,"147,62",197,Software
SSD v7679,Lote tecnologico 7679,"113,83",22,Software
Laptop v7680,Lote tecnologico 7680,"1202,89",140,Software
Mouse v7681,Lote tecnologico 7681,"1399,01",20,Software
Teclado v7682,Lote tecnologico 7682,"359,14",106,Hardware
SSD v7683,Lote tecnologico 7683,"586,41",92,Hardware
Monitor v7684,Lote tecnologico 7684,"870,45",29,Hardware
Mouse v7685,Lote tecnologico 7685,"1456,97",145,Software
Mouse v7686,Lote tecnologico 7686,"473,94",85,Servicios
Monitor v7687,Lote tecnologico 7687,"110,2",131,Hardware
Mouse v7688,Lote tecnologico 7688,"1132,25",115,Servicios
SSD v7689,Lote tecnologico 7689,"408,84",169,Hardware
RAM v7690,Lote tecnologico 7690,"372,28",101,Servicios
Laptop v7691,Lote tecnologico 7691,"842,77",116,Licencias
SSD v7692,Lote tecnologico 7692,"1103,32",32,Hardware
Mouse v7693,Lote tecnologico 7693,"1289,31",152,Software
Teclado v7694,Lote tecnologico 7694,"917,02",126,Licencias
Monitor v7695,Lote tecnologico 7695,"557,97",5,Software
RAM v7696,Lote tecnologico 7696,"462,76",104,Software
Monitor v7697,Lote tecnologico 7697,"407,81",17,Software
Laptop v7698,Lote tecnologico 7698,"387,59",198,Hardware
SSD v7699,Lote tecnologico 7699,"673,57",191,Licencias
Mouse v7700,Lote tecnologico 7700,"592,01",190,Servicios
RAM v7701,Lote tecnologico 7701,"549,78",31,Servicios
Monitor v7702,Lote tecnologico 7702,"331,71",113,Licencias
RAM v7703,Lote tecnologico 7703,"907,34",95,Licencias
Teclado v7704,Lote tecnologico 7704,"1418,64",120,Software
SSD v7705,Lote tecnologico 7705,"735,72",7,Hardware
Laptop v7706,Lote tecnologico 7706,"904,56",178,Software
SSD v7707,Lote tecnologico 7707,"1204,56",117,Software
RAM v7708,Lote tecnologico 7708,"227,25",48,Hardware
Teclado v7709,Lote tecnologico 7709,"1136,64",182,Hardware
Teclado v7710,Lote tecnologico 7710,"1447,94",22,Hardware
SSD v7711,Lote tecnologico 7711,"786,95",170,Hardware
Monitor v7712,Lote tecnologico 7712,"704,02",19,Licencias
Teclado v7713,Lote tecnologico 7713,"816,73",100,Software
Teclado v7714,Lote tecnologico 7714,"1156,78",63,Hardware
Monitor v7715,Lote tecnologico 7715,"945,72",88,Licencias
Monitor v7716,Lote tecnologico 7716,"1162,35",16,Software
Laptop v7717,Lote tecnologico 7717,"1338,33",65,Hardware
SSD v7718,Lote tecnologico 7718,"954,95",182,Servicios
Mouse v7719,Lote tecnologico 7719,"1377,35",143,Hardware
Laptop v7720,Lote tecnologico 7720,"191,94",73,Licencias
SSD v7721,Lote tecnologico 7721,"1470,98",79,Servicios
Mouse v7722,Lote tecnologico 7722,"458,29",27,Software
Laptop v7723,Lote tecnologico 7723,"1387,34",4,Hardware
Mouse v7724,Lote tecnologico 7724,"64,03",59,Licencias
SSD v7725,Lote tecnologico 7725,"1324,55",117,Servicios
Teclado v7726,Lote tecnologico 7726,"1435,55",112,Licencias
Teclado v7727,Lote tecnologico 7727,"1084,17",112,Licencias
Mouse v7728,Lote tecnologico 7728,"1099,74",142,Licencias
Teclado v7729,Lote tecnologico 7729,"1062,72",20,Servicios
Teclado v7730,Lote tecnologico 7730,"1140,96",159,Hardware
Laptop v7731,Lote tecnologico 7731,"538,2",104,Software
SSD v7732,Lote tecnologico 7732,"913,54",88,Licencias
Laptop v7733,Lote tecnologico 7733,"370,83",197,Licencias
Monitor v7734,Lote tecnologico 7734,"899,82",21,Software
Mouse v7735,Lote tecnologico 7735,"801,96",22,Software
Mouse v7736,Lote tecnologico 7736,"161,85",98,Servicios
RAM v7737,Lote tecnologico 7737,"942,87",10,Servicios
Teclado v7738,Lote tecnologico 7738,"451,84",57,Servicios
Mouse v7739,Lote tecnologico 7739,"667,1",173,Licencias
RAM v7740,Lote tecnologico 7740,"1219,77",77,Licencias
Laptop v7741,Lote tecnologico 7741,"207,02",161,Licencias
Laptop v7742,Lote tecnologico 7742,"822,04",125,Servicios
Laptop v7743,Lote tecnologico 7743,"862,6",176,Servicios
Teclado v7744,Lote tecnologico 7744,"662,84",1,Software
RAM v7745,Lote tecnologico 7745,"986,8",181,Servicios
SSD v7746,Lote tecnologico 7746,"1458,46",180,Software
Mouse v7747,Lote tecnologico 7747,"164,99",0,Software
SSD v7748,Lote tecnologico 7748,"653,81",155,Hardware
Monitor v7749,Lote tecnologico 7749,"535,34",191,Servicios
Monitor v7750,Lote tecnologico 7750,"359,52",1,Servicios
Laptop v7751,Lote tecnologico 7751,"756,22",156,Servicios
RAM v7752,Lote tecnologico 7752,"1207,05",88,Software
RAM v7753,Lote tecnologico 7753,"625,64",13,Licencias
Laptop v7754,Lote tecnologico 7754,"1343,62",22,Software
Laptop v7755,Lote tecnologico 7755,"554,03",153,Servicios
Mouse v7756,Lote tecnologico 7756,"1131,64",27,Hardware
RAM v7757,Lote tecnologico 7757,"545,25",53,Licencias
Mouse v7758,Lote tecnologico 7758,"1336,47",176,Licencias
Teclado v7759,Lote tecnologico 7759,"1375,68",51,Software
Laptop v7760,Lote tecnologico 7760,"358,49",166,Servicios
Mouse v7761,Lote tecnologico 7761,"505,29",35,Servicios
Laptop v7762,Lote tecnologico 7762,"1009,76",14,Servicios
Mouse v7763,Lote tecnologico 7763,"302,29",99,Hardware
Laptop v7764,Lote tecnologico 7764,"1308,31",1,Servicios
Teclado v7765,Lote tecnologico 7765,"1054,49",5,Licencias
RAM v7766,Lote tecnologico 7766,"778,99",99,Licencias
SSD v7767,Lote tecnologico 7767,"718,73",112,Hardware
SSD v7768,Lote tecnologico 7768,"1249,04",176,Licencias
Teclado v7769,Lote tecnologico 7769,"607,18",62,Hardware
Teclado v7770,Lote tecnologico 7770,"249,85",105,Software
Mouse v7771,Lote tecnologico 7771,"1374,88",52,Software
SSD v7772,Lote tecnologico 7772,372,139,Servicios
Mouse v7773,Lote tecnologico 7773,"453,53",92,Servicios
SSD v7774,Lote tecnologico 7774,"1139,9",159,Servicios
Teclado v7775,Lote tecnologico 7775,"618,8",188,Hardware
Laptop v7776,Lote tecnologico 7776,"1254,47",147,Licencias
Monitor v7777,Lote tecnologico 7777,"1059,1",74,Hardware
Teclado v7778,Lote tecnologico 7778,"415,55",94,Software
Monitor v7779,Lote tecnologico 7779,"627,27",74,Hardware
Monitor v7780,Lote tecnologico 7780,"1487,88",168,Software
Mouse v7781,Lote tecnologico 7781,"501,09",152,Software
Mouse v7782,Lote tecnologico 7782,"998,43",10,Software
Monitor v7783,Lote tecnologico 7783,"707,52",125,Software
RAM v7784,Lote tecnologico 7784,"534,87",122,Hardware
Laptop v7785,Lote tecnologico 7785,"1376,5",143,Servicios
Teclado v7786,Lote tecnologico 7786,"684,38",191,Licencias
Teclado v7787,Lote tecnologico 7787,"560,6",14,Licencias
Mouse v7788,Lote tecnologico 7788,"172,4",175,Servicios
SSD v7789,Lote tecnologico 7789,"1097,18",109,Hardware
RAM v7790,Lote tecnologico 7790,"1466,34",162,Hardware
RAM v7791,Lote tecnologico 7791,"711,45",194,Software
Monitor v7792,Lote tecnologico 7792,"1036,45",72,Licencias
Laptop v7793,Lote tecnologico 7793,"571,79",4,Software
Monitor v7794,Lote tecnologico 7794,"1072,34",166,Licencias
RAM v7795,Lote tecnologico 7795,"1145,88",127,Servicios
Teclado v7796,Lote tecnologico 7796,"1058,95",191,Hardware
RAM v7797,Lote tecnologico 7797,"136,95",17,Licencias
SSD v7798,Lote tecnologico 7798,"513,79",66,Servicios
RAM v7799,Lote tecnologico 7799,"853,69",8,Hardware
SSD v7800,Lote tecnologico 7800,"952,37",31,Software
Monitor v7801,Lote tecnologico 7801,"367,22",94,Software
Teclado v7802,Lote tecnologico 7802,"1019,6",19,Software
Teclado v7803,Lote tecnologico 7803,"321,57",6,Software
Monitor v7804,Lote tecnologico 7804,"228,73",183,Licencias
Monitor v7805,Lote tecnologico 7805,"616,88",55,Servicios
SSD v7806,Lote tecnologico 7806,"288,22",101,Hardware
Monitor v7807,Lote tecnologico 7807,"1015,21",63,Hardware
Teclado v7808,Lote tecnologico 7808,"904,48",167,Hardware
Monitor v7809,Lote tecnologico 7809,"436,17",78,Licencias
Mouse v7810,Lote tecnologico 7810,"109,36",115,Hardware
Monitor v7811,Lote tecnologico 7811,"648,32",82,Licencias
RAM v7812,Lote tecnologico 7812,"347,03",120,Servicios
Mouse v7813,Lote tecnologico 7813,"105,22",84,Servicios
SSD v7814,Lote tecnologico 7814,"407,47",177,Software
Teclado v7815,Lote tecnologico 7815,"1250,66",137,Servicios
Laptop v7816,Lote tecnologico 7816,"408,19",28,Servicios
SSD v7817,Lote tecnologico 7817,"1018,95",189,Hardware
Monitor v7818,Lote tecnologico 7818,"1475,44",163,Licencias
Mouse v7819,Lote tecnologico 7819,"790,67",128,Licencias
Mouse v7820,Lote tecnologico 7820,"366,6",48,Licencias
Teclado v7821,Lote tecnologico 7821,"115,05",199,Software
RAM v7822,Lote tecnologico 7822,"580,49",131,Hardware
Mouse v7823,Lote tecnologico 7823,"1485,73",18,Licencias
Laptop v7824,Lote tecnologico 7824,"711,06",75,Hardware
Mouse v7825,Lote tecnologico 7825,"1304,8",25,Hardware
Mouse v7826,Lote tecnologico 7826,"106,83",175,Servicios
SSD v7827,Lote tecnologico 7827,"1205,84",59,Software
SSD v7828,Lote tecnologico 7828,"710,8",174,Licencias
Mouse v7829,Lote tecnologico 7829,"266,22",188,Licencias
Monitor v7830,Lote tecnologico 7830,"1441,7",149,Servicios
Mouse v7831,Lote tecnologico 7831,"350,51",144,Licencias
Mouse v7832,Lote tecnologico 7832,"414,44",149,Software
SSD v7833,Lote tecnologico 7833,"191,65",85,Servicios
SSD v7834,Lote tecnologico 7834,"290,23",0,Servicios
RAM v7835,Lote tecnologico 7835,"464,42",144,Software
SSD v7836,Lote tecnologico 7836,"835,76",70,Licencias
Teclado v7837,Lote tecnologico 7837,"142,83",76,Licencias
Teclado v7838,Lote tecnologico 7838,"131,33",107,Servicios
SSD v7839,Lote tecnologico 7839,"1333,38",141,Software
Laptop v7840,Lote tecnologico 7840,"1208,76",15,Servicios
SSD v7841,Lote tecnologico 7841,"831,71",151,Hardware
Monitor v7842,Lote tecnologico 7842,"959,36",152,Servicios
RAM v7843,Lote tecnologico 7843,"818,72",117,Licencias
SSD v7844,Lote tecnologico 7844,"285,58",59,Servicios
SSD v7845,Lote tecnologico 7845,"170,04",81,Software
Monitor v7846,Lote tecnologico 7846,"1094,34",147,Licencias
Mouse v7847,Lote tecnologico 7847,"1376,74",79,Licencias
RAM v7848,Lote tecnologico 7848,"347,6",65,Software
Laptop v7849,Lote tecnologico 7849,"1261,21",196,Licencias
Mouse v7850,Lote tecnologico 7850,"815,5",62,Licencias
Laptop v7851,Lote tecnologico 7851,"1205,34",99,Software
Mouse v7852,Lote tecnologico 7852,"634,68",63,Servicios
Mouse v7853,Lote tecnologico 7853,"1441,74",145,Licencias
SSD v7854,Lote tecnologico 7854,"531,54",44,Servicios
Mouse v7855,Lote tecnologico 7855,"802,88",124,Licencias
Teclado v7856,Lote tecnologico 7856,"215,82",62,Hardware
Monitor v7857,Lote tecnologico 7857,"964,64",185,Hardware
Mouse v7858,Lote tecnologico 7858,"1081,7",31,Hardware
SSD v7859,Lote tecnologico 7859,"708,31",181,Licencias
SSD v7860,Lote tecnologico 7860,"158,66",83,Hardware
SSD v7861,Lote tecnologico 7861,"823,33",23,Servicios
RAM v7862,Lote tecnologico 7862,"992,55",188,Servicios
Laptop v7863,Lote tecnologico 7863,"152,43",48,Hardware
Teclado v7864,Lote tecnologico 7864,"420,43",160,Servicios
Laptop v7865,Lote tecnologico 7865,"1143,22",108,Hardware
Mouse v7866,Lote tecnologico 7866,"651,35",64,Hardware
Monitor v7867,Lote tecnologico 7867,"164,95",180,Software
Monitor v7868,Lote tecnologico 7868,"918,95",194,Software
Monitor v7869,Lote tecnologico 7869,"709,28",35,Licencias
Monitor v7870,Lote tecnologico 7870,"111,22",40,Licencias
Mouse v7871,Lote tecnologico 7871,"688,52",67,Hardware
RAM v7872,Lote tecnologico 7872,"1172,22",176,Licencias
SSD v7873,Lote tecnologico 7873,"337,61",81,Servicios
Monitor v7874,Lote tecnologico 7874,"580,61",141,Servicios
RAM v7875,Lote tecnologico 7875,"873,81",161,Licencias
SSD v7876,Lote tecnologico 7876,"823,84",111,Servicios
Monitor v7877,Lote tecnologico 7877,"874,29",29,Hardware
Teclado v7878,Lote tecnologico 7878,"295,08",58,Servicios
Monitor v7879,Lote tecnologico 7879,"1148,68",19,Licencias
Monitor v7880,Lote tecnologico 7880,"548,29",11,Hardware
SSD v7881,Lote tecnologico 7881,"1015,47",75,Software
Monitor v7882,Lote tecnologico 7882,"373,15",127,Servicios
RAM v7883,Lote tecnologico 7883,"1261,34",6,Servicios
Laptop v7884,Lote tecnologico 7884,"1408,45",128,Servicios
Laptop v7885,Lote tecnologico 7885,"474,77",67,Servicios
RAM v7886,Lote tecnologico 7886,"344,18",137,Hardware
Monitor v7887,Lote tecnologico 7887,"1474,07",180,Software
SSD v7888,Lote tecnologico 7888,"1252,24",25,Hardware
RAM v7889,Lote tecnologico 7889,"533,28",129,Hardware
Teclado v7890,Lote tecnologico 7890,683,33,Hardware
Laptop v7891,Lote tecnologico 7891,"1399,43",117,Software
Monitor v7892,Lote tecnologico 7892,"1261,97",75,Software
Mouse v7893,Lote tecnologico 7893,"1386,17",0,Licencias
Monitor v7894,Lote tecnologico 7894,"988,26",116,Licencias
Mouse v7895,Lote tecnologico 7895,"954,97",82,Hardware
Laptop v7896,Lote tecnologico 7896,"154,35",121,Servicios
SSD v7897,Lote tecnologico 7897,"347,65",163,Servicios
RAM v7898,Lote tecnologico 7898,"843,07",76,Software
Mouse v7899,Lote tecnologico 7899,"951,05",154,Software
Teclado v7900,Lote tecnologico 7900,"477,34",129,Software
Monitor v7901,Lote tecnologico 7901,"1205,77",156,Hardware
RAM v7902,Lote tecnologico 7902,"994,57",102,Servicios
Laptop v7903,Lote tecnologico 7903,"1033,78",104,Licencias
Monitor v7904,Lote tecnologico 7904,"489,62",113,Licencias
Teclado v7905,Lote tecnologico 7905,"128,48",38,Servicios
SSD v7906,Lote tecnologico 7906,"929,55",117,Hardware
Laptop v7907,Lote tecnologico 7907,"997,97",77,Servicios
SSD v7908,Lote tecnologico 7908,"133,19",155,Hardware
Laptop v7909,Lote tecnologico 7909,"111,91",195,Software
Laptop v7910,Lote tecnologico 7910,"193,87",73,Servicios
Teclado v7911,Lote tecnologico 7911,"744,89",185,Software
Laptop v7912,Lote tecnologico 7912,"1119,93",183,Software
Mouse v7913,Lote tecnologico 7913,"613,94",182,Servicios
RAM v7914,Lote tecnologico 7914,"1241,26",38,Software
Monitor v7915,Lote tecnologico 7915,"1421,9",166,Servicios
Mouse v7916,Lote tecnologico 7916,"120,38",57,Hardware
Mouse v7917,Lote tecnologico 7917,"846,79",135,Licencias
SSD v7918,Lote tecnologico 7918,"1374,11",56,Licencias
Mouse v7919,Lote tecnologico 7919,"910,38",162,Servicios
SSD v7920,Lote tecnologico 7920,"1270,7",170,Servicios
Mouse v7921,Lote tecnologico 7921,"83,61",54,Servicios
RAM v7922,Lote tecnologico 7922,"1213,18",122,Servicios
Teclado v7923,Lote tecnologico 7923,"338,63",88,Hardware
SSD v7924,Lote tecnologico 7924,"573,28",136,Hardware
Monitor v7925,Lote tecnologico 7925,"619,48",102,Hardware
Teclado v7926,Lote tecnologico 7926,"1037,91",85,Servicios
Mouse v7927,Lote tecnologico 7927,"894,13",56,Licencias
Mouse v7928,Lote tecnologico 7928,"1232,37",16,Software
Teclado v7929,Lote tecnologico 7929,"120,42",122,Servicios
Laptop v7930,Lote tecnologico 7930,"1374,62",98,Servicios
SSD v7931,Lote tecnologico 7931,"393,35",13,Licencias
SSD v7932,Lote tecnologico 7932,"1063,92",16,Software
RAM v7933,Lote tecnologico 7933,"1455,95",197,Hardware
Laptop v7934,Lote tecnologico 7934,"1139,64",99,Software
Mouse v7935,Lote tecnologico 7935,"313,99",190,Servicios
Monitor v7936,Lote tecnologico 7936,"143,65",190,Hardware
Laptop v7937,Lote tecnologico 7937,"146,35",142,Hardware
Mouse v7938,Lote tecnologico 7938,"1177,45",170,Licencias
Mouse v7939,Lote tecnologico 7939,"779,65",119,Software
Mouse v7940,Lote tecnologico 7940,"1248,3",30,Hardware
SSD v7941,Lote tecnologico 7941,"639,58",137,Hardware
Monitor v7942,Lote tecnologico 7942,"1217,81",170,Hardware
Teclado v7943,Lote tecnologico 7943,"572,59",47,Hardware
Monitor v7944,Lote tecnologico 7944,"1388,23",102,Software
Mouse v7945,Lote tecnologico 7945,"1005,72",180,Software
Teclado v7946,Lote tecnologico 7946,"1328,03",59,Licencias
Mouse v7947,Lote tecnologico 7947,"254,78",16,Servicios
SSD v7948,Lote tecnologico 7948,"624,76",151,Servicios
Teclado v7949,Lote tecnologico 7949,"142,08",108,Servicios
Monitor v7950,Lote tecnologico 7950,"1491,25",183,Licencias
Monitor v7951,Lote tecnologico 7951,"1119,17",146,Licencias
SSD v7952,Lote tecnologico 7952,"206,09",144,Hardware
Monitor v7953,Lote tecnologico 7953,1026,44,Licencias
Laptop v7954,Lote tecnologico 7954,"519,27",58,Licencias
Laptop v7955,Lote tecnologico 7955,"1423,48",168,Licencias
Mouse v7956,Lote tecnologico 7956,"1070,24",31,Software
Teclado v7957,Lote tecnologico 7957,"76,38",82,Servicios
Mouse v7958,Lote tecnologico 7958,"182,97",27,Servicios
SSD v7959,Lote tecnologico 7959,1181,163,Hardware
RAM v7960,Lote tecnologico 7960,"1211,23",113,Servicios
Monitor v7961,Lote tecnologico 7961,"1354,69",32,Servicios
SSD v7962,Lote tecnologico 7962,"1455,49",43,Licencias
Laptop v7963,Lote tecnologico 7963,"639,93",129,Servicios
Mouse v7964,Lote tecnologico 7964,"817,3",126,Licencias
Laptop v7965,Lote tecnologico 7965,"1187,34",172,Servicios
Monitor v7966,Lote tecnologico 7966,"1114,13",46,Software
Monitor v7967,Lote tecnologico 7967,"913,26",170,Software
SSD v7968,Lote tecnologico 7968,"1390,6",126,Licencias
RAM v7969,Lote tecnologico 7969,"1389,84",166,Servicios
Monitor v7970,Lote tecnologico 7970,"789,16",120,Software
SSD v7971,Lote tecnologico 7971,"576,57",117,Servicios
Laptop v7972,Lote tecnologico 7972,"362,57",124,Hardware
RAM v7973,Lote tecnologico 7973,"163,41",14,Software
SSD v7974,Lote tecnologico 7974,"70,57",154,Servicios
Monitor v7975,Lote tecnologico 7975,"478,73",35,Software
Teclado v7976,Lote tecnologico 7976,"1116,96",102,Hardware
Laptop v7977,Lote tecnologico 7977,"737,91",115,Software
Mouse v7978,Lote tecnologico 7978,"1265,6",123,Hardware
Mouse v7979,Lote tecnologico 7979,"722,72",134,Licencias
Teclado v7980,Lote tecnologico 7980,"297,74",179,Licencias
RAM v7981,Lote tecnologico 7981,"1490,03",64,Software
Teclado v7982,Lote tecnologico 7982,"633,43",97,Servicios
RAM v7983,Lote tecnologico 7983,"104,21",30,Licencias
Laptop v7984,Lote tecnologico 7984,"487,74",0,Servicios
SSD v7985,Lote tecnologico 7985,"357,31",89,Servicios
Laptop v7986,Lote tecnologico 7986,1436,2,Software
Monitor v7987,Lote tecnologico 7987,"1116,49",181,Software
Monitor v7988,Lote tecnologico 7988,"1192,43",1,Licencias
Teclado v7989,Lote tecnologico 7989,"166,46",192,Licencias
Mouse v7990,Lote tecnologico 7990,"670,8",30,Servicios
Teclado v7991,Lote tecnologico 7991,"178,39",20,Servicios
RAM v7992,Lote tecnologico 7992,"349,16",151,Servicios
Laptop v7993,Lote tecnologico 7993,"401,55",180,Software
Mouse v7994,Lote tecnologico 7994,"236,89",57,Licencias
Teclado v7995,Lote tecnologico 7995,"603,25",15,Licencias
Laptop v7996,Lote tecnologico 7996,"1001,91",76,Servicios
Teclado v7997,Lote tecnologico 7997,"1319,8",152,Licencias
RAM v7998,Lote tecnologico 7998,"502,37",99,Hardware
Monitor v7999,Lote tecnologico 7999,"887,58",169,Software
Monitor v8000,Lote tecnologico 8000,"836,27",53,Software
SSD v8001,Lote tecnologico 8001,"598,1",131,Software
RAM v8002,Lote tecnologico 8002,"832,09",196,Licencias
SSD v8003,Lote tecnologico 8003,"1421,66",177,Software
RAM v8004,Lote tecnologico 8004,"703,72",63,Hardware
SSD v8005,Lote tecnologico 8005,"131,04",21,Hardware
Mouse v8006,Lote tecnologico 8006,"1070,48",72,Hardware
SSD v8007,Lote tecnologico 8007,"1250,95",39,Licencias
Teclado v8008,Lote tecnologico 8008,"1496,28",89,Software
Monitor v8009,Lote tecnologico 8009,"1254,38",34,Licencias
Laptop v8010,Lote tecnologico 8010,"231,39",121,Software
Mouse v8011,Lote tecnologico 8011,"1015,93",69,Software
Laptop v8012,Lote tecnologico 8012,"963,68",147,Servicios
Monitor v8013,Lote tecnologico 8013,"1486,59",157,Servicios
Teclado v8014,Lote tecnologico 8014,"186,63",99,Servicios
Teclado v8015,Lote tecnologico 8015,"727,46",194,Servicios
SSD v8016,Lote tecnologico 8016,"702,82",24,Licencias
Mouse v8017,Lote tecnologico 8017,"942,06",67,Software
Teclado v8018,Lote tecnologico 8018,"933,29",151,Licencias
Monitor v8019,Lote tecnologico 8019,"1315,92",177,Hardware
Laptop v8020,Lote tecnologico 8020,"896,57",181,Software
SSD v8021,Lote tecnologico 8021,"380,81",75,Software
Mouse v8022,Lote tecnologico 8022,"799,94",17,Servicios
Teclado v8023,Lote tecnologico 8023,"848,34",195,Hardware
Teclado v8024,Lote tecnologico 8024,"179,98",29,Software
RAM v8025,Lote tecnologico 8025,"969,92",145,Servicios
Teclado v8026,Lote tecnologico 8026,"1428,93",70,Software
Teclado v8027,Lote tecnologico 8027,"1044,37",36,Software
Teclado v8028,Lote tecnologico 8028,"391,27",196,Hardware
Laptop v8029,Lote tecnologico 8029,"361,74",165,Hardware
Teclado v8030,Lote tecnologico 8030,"585,82",127,Licencias
Teclado v8031,Lote tecnologico 8031,"420,57",0,Servicios
Teclado v8032,Lote tecnologico 8032,"1058,2",63,Hardware
RAM v8033,Lote tecnologico 8033,"1267,28",197,Servicios
Laptop v8034,Lote tecnologico 8034,"1256,22",167,Servicios
Monitor v8035,Lote tecnologico 8035,"1493,37",13,Software
SSD v8036,Lote tecnologico 8036,"703,27",33,Licencias
Monitor v8037,Lote tecnologico 8037,"379,29",171,Servicios
Mouse v8038,Lote tecnologico 8038,"386,82",136,Servicios
RAM v8039,Lote tecnologico 8039,"390,43",25,Hardware
RAM v8040,Lote tecnologico 8040,"517,86",94,Software
Laptop v8041,Lote tecnologico 8041,"826,55",167,Servicios
Mouse v8042,Lote tecnologico 8042,"1148,87",159,Licencias
Laptop v8043,Lote tecnologico 8043,"665,29",71,Servicios
SSD v8044,Lote tecnologico 8044,"291,92",44,Licencias
Monitor v8045,Lote tecnologico 8045,"265,03",190,Servicios
Mouse v8046,Lote tecnologico 8046,"1182,13",162,Licencias
SSD v8047,Lote tecnologico 8047,"1212,06",52,Licencias
Mouse v8048,Lote tecnologico 8048,"1099,61",76,Hardware
RAM v8049,Lote tecnologico 8049,"1310,26",10,Licencias
SSD v8050,Lote tecnologico 8050,"894,1",124,Hardware
Monitor v8051,Lote tecnologico 8051,"1381,07",140,Hardware
Teclado v8052,Lote tecnologico 8052,"1360,94",0,Licencias
Laptop v8053,Lote tecnologico 8053,"985,84",130,Software
Mouse v8054,Lote tecnologico 8054,"765,27",106,Software
RAM v8055,Lote tecnologico 8055,"851,74",190,Licencias
SSD v8056,Lote tecnologico 8056,"614,08",187,Servicios
SSD v8057,Lote tecnologico 8057,"380,06",98,Hardware
Laptop v8058,Lote tecnologico 8058,"109,44",152,Licencias
Monitor v8059,Lote tecnologico 8059,"1167,79",133,Software
RAM v8060,Lote tecnologico 8060,"758,31",110,Servicios
Laptop v8061,Lote tecnologico 8061,"319,21",93,Software
RAM v8062,Lote tecnologico 8062,"99,84",65,Licencias
SSD v8063,Lote tecnologico 8063,"1360,7",156,Licencias
Teclado v8064,Lote tecnologico 8064,"821,86",104,Hardware
RAM v8065,Lote tecnologico 8065,"752,84",24,Servicios
RAM v8066,Lote tecnologico 8066,"418,51",177,Hardware
Monitor v8067,Lote tecnologico 8067,"1313,19",28,Software
Monitor v8068,Lote tecnologico 8068,"1494,27",95,Licencias
Teclado v8069,Lote tecnologico 8069,"495,09",159,Software
Mouse v8070,Lote tecnologico 8070,"709,74",71,Servicios
Monitor v8071,Lote tecnologico 8071,"197,5",85,Hardware
Laptop v8072,Lote tecnologico 8072,"432,56",107,Licencias
RAM v8073,Lote tecnologico 8073,"1320,81",6,Hardware
Laptop v8074,Lote tecnologico 8074,"1030,06",9,Servicios
Teclado v8075,Lote tecnologico 8075,"588,17",12,Servicios
Laptop v8076,Lote tecnologico 8076,"453,3",58,Hardware
Monitor v8077,Lote tecnologico 8077,"503,74",69,Servicios
Mouse v8078,Lote tecnologico 8078,"487,15",29,Hardware
Teclado v8079,Lote tecnologico 8079,"1310,81",71,Servicios
RAM v8080,Lote tecnologico 8080,"689,65",96,Licencias
SSD v8081,Lote tecnologico 8081,"347,61",189,Servicios
Monitor v8082,Lote tecnologico 8082,"397,62",125,Hardware
SSD v8083,Lote tecnologico 8083,"1098,29",193,Licencias
Mouse v8084,Lote tecnologico 8084,"841,9",11,Hardware
Mouse v8085,Lote tecnologico 8085,"700,99",88,Servicios
Monitor v8086,Lote tecnologico 8086,"70,79",8,Hardware
SSD v8087,Lote tecnologico 8087,"851,43",123,Licencias
RAM v8088,Lote tecnologico 8088,"1391,99",126,Licencias
SSD v8089,Lote tecnologico 8089,"413,13",55,Hardware
RAM v8090,Lote tecnologico 8090,347,172,Software
Monitor v8091,Lote tecnologico 8091,"1056,64",150,Servicios
Laptop v8092,Lote tecnologico 8092,"315,54",45,Servicios
Monitor v8093,Lote tecnologico 8093,"650,5",42,Software
Monitor v8094,Lote tecnologico 8094,"1049,58",1,Software
SSD v8095,Lote tecnologico 8095,"168,19",143,Software
Teclado v8096,Lote tecnologico 8096,"1198,44",57,Servicios
Mouse v8097,Lote tecnologico 8097,"1139,94",56,Licencias
Mouse v8098,Lote tecnologico 8098,"117,86",145,Software
Teclado v8099,Lote tecnologico 8099,"509,35",77,Software
Teclado v8100,Lote tecnologico 8100,"946,48",144,Software
SSD v8101,Lote tecnologico 8101,"700,8",198,Software
Laptop v8102,Lote tecnologico 8102,"725,56",38,Software
RAM v8103,Lote tecnologico 8103,"461,86",168,Hardware
Mouse v8104,Lote tecnologico 8104,"393,02",21,Software
Monitor v8105,Lote tecnologico 8105,"1031,36",193,Hardware
Teclado v8106,Lote tecnologico 8106,"415,21",170,Licencias
SSD v8107,Lote tecnologico 8107,"717,76",63,Servicios
Teclado v8108,Lote tecnologico 8108,"461,49",109,Servicios
Laptop v8109,Lote tecnologico 8109,"858,39",72,Servicios
RAM v8110,Lote tecnologico 8110,"558,58",53,Servicios
RAM v8111,Lote tecnologico 8111,"808,55",10,Hardware
Laptop v8112,Lote tecnologico 8112,"212,08",132,Software
Monitor v8113,Lote tecnologico 8113,"1121,39",173,Software
SSD v8114,Lote tecnologico 8114,"788,84",63,Hardware
SSD v8115,Lote tecnologico 8115,"1077,48",189,Software
Mouse v8116,Lote tecnologico 8116,"242,17",112,Hardware
RAM v8117,Lote tecnologico 8117,"236,42",66,Software
Laptop v8118,Lote tecnologico 8118,"855,03",18,Licencias
SSD v8119,Lote tecnologico 8119,"1256,73",101,Hardware
Mouse v8120,Lote tecnologico 8120,"765,45",49,Servicios
SSD v8121,Lote tecnologico 8121,"1495,35",195,Software
Teclado v8122,Lote tecnologico 8122,"1149,58",107,Software
RAM v8123,Lote tecnologico 8123,"127,85",110,Hardware
SSD v8124,Lote tecnologico 8124,"307,67",0,Servicios
RAM v8125,Lote tecnologico 8125,"442,24",175,Licencias
SSD v8126,Lote tecnologico 8126,"1142,5",84,Servicios
Laptop v8127,Lote tecnologico 8127,"646,11",32,Hardware
Laptop v8128,Lote tecnologico 8128,"613,48",62,Servicios
Monitor v8129,Lote tecnologico 8129,"978,54",83,Hardware
SSD v8130,Lote tecnologico 8130,"678,31",116,Software
SSD v8131,Lote tecnologico 8131,"407,7",144,Servicios
Mouse v8132,Lote tecnologico 8132,"1284,8",45,Servicios
RAM v8133,Lote tecnologico 8133,"1463,84",151,Software
Teclado v8134,Lote tecnologico 8134,"558,11",164,Licencias
Laptop v8135,Lote tecnologico 8135,"1462,13",90,Licencias
Monitor v8136,Lote tecnologico 8136,"864,74",158,Servicios
RAM v8137,Lote tecnologico 8137,"591,73",198,Software
Mouse v8138,Lote tecnologico 8138,"1403,3",173,Servicios
RAM v8139,Lote tecnologico 8139,"982,69",45,Hardware
Monitor v8140,Lote tecnologico 8140,"92,58",183,Software
Monitor v8141,Lote tecnologico 8141,"595,72",67,Servicios
Monitor v8142,Lote tecnologico 8142,"835,64",42,Software
SSD v8143,Lote tecnologico 8143,"244,84",35,Hardware
Mouse v8144,Lote tecnologico 8144,"1046,6",10,Hardware
SSD v8145,Lote tecnologico 8145,"1161,37",119,Licencias
Teclado v8146,Lote tecnologico 8146,"263,56",171,Licencias
RAM v8147,Lote tecnologico 8147,"813,96",160,Software
Monitor v8148,Lote tecnologico 8148,"595,47",0,Software
Monitor v8149,Lote tecnologico 8149,"393,61",166,Licencias
Teclado v8150,Lote tecnologico 8150,"505,53",161,Hardware
SSD v8151,Lote tecnologico 8151,"883,72",184,Servicios
Laptop v8152,Lote tecnologico 8152,"195,76",72,Licencias
RAM v8153,Lote tecnologico 8153,"1032,96",25,Software
Teclado v8154,Lote tecnologico 8154,"1240,64",185,Servicios
Monitor v8155,Lote tecnologico 8155,"458,67",32,Servicios
Laptop v8156,Lote tecnologico 8156,"1021,91",157,Licencias
SSD v8157,Lote tecnologico 8157,"279,07",154,Hardware
SSD v8158,Lote tecnologico 8158,"931,66",42,Servicios
RAM v8159,Lote tecnologico 8159,"1199,17",145,Hardware
Teclado v8160,Lote tecnologico 8160,"1153,05",84,Software
Monitor v8161,Lote tecnologico 8161,"634,98",126,Licencias
Laptop v8162,Lote tecnologico 8162,"594,64",12,Servicios
Monitor v8163,Lote tecnologico 8163,"349,5",27,Servicios
Teclado v8164,Lote tecnologico 8164,"814,86",134,Software
RAM v8165,Lote tecnologico 8165,"875,5",43,Servicios
Mouse v8166,Lote tecnologico 8166,"1133,1",9,Licencias
RAM v8167,Lote tecnologico 8167,"1190,51",65,Licencias
Laptop v8168,Lote tecnologico 8168,"1020,92",38,Licencias
Monitor v8169,Lote tecnologico 8169,"1128,81",27,Hardware
Monitor v8170,Lote tecnologico 8170,"149,55",129,Licencias
Monitor v8171,Lote tecnologico 8171,"972,27",128,Servicios
Monitor v8172,Lote tecnologico 8172,"1488,96",153,Servicios
Teclado v8173,Lote tecnologico 8173,"470,94",124,Hardware
Teclado v8174,Lote tecnologico 8174,"58,59",161,Servicios
Laptop v8175,Lote tecnologico 8175,"53,93",181,Licencias
Monitor v8176,Lote tecnologico 8176,"1294,81",91,Servicios
Monitor v8177,Lote tecnologico 8177,"877,33",163,Licencias
Monitor v8178,Lote tecnologico 8178,"385,84",88,Hardware
Laptop v8179,Lote tecnologico 8179,"499,47",11,Servicios
Laptop v8180,Lote tecnologico 8180,"411,45",8,Hardware
Laptop v8181,Lote tecnologico 8181,"495,45",111,Hardware
Laptop v8182,Lote tecnologico 8182,"1112,49",80,Hardware
RAM v8183,Lote tecnologico 8183,"625,42",78,Software
SSD v8184,Lote tecnologico 8184,"705,67",33,Software
Mouse v8185,Lote tecnologico 8185,"1464,46",112,Hardware
Laptop v8186,Lote tecnologico 8186,"282,37",57,Servicios
Monitor v8187,Lote tecnologico 8187,"957,15",67,Software
Mouse v8188,Lote tecnologico 8188,"95,15",162,Licencias
Monitor v8189,Lote tecnologico 8189,"133,15",186,Software
Laptop v8190,Lote tecnologico 8190,"1109,48",195,Hardware
Monitor v8191,Lote tecnologico 8191,"658,12",78,Servicios
Mouse v8192,Lote tecnologico 8192,"758,14",173,Servicios
Teclado v8193,Lote tecnologico 8193,"399,92",97,Servicios
SSD v8194,Lote tecnologico 8194,"781,44",70,Licencias
RAM v8195,Lote tecnologico 8195,"1202,78",128,Licencias
RAM v8196,Lote tecnologico 8196,"411,84",113,Software
Monitor v8197,Lote tecnologico 8197,"143,69",109,Hardware
Laptop v8198,Lote tecnologico 8198,"1218,99",59,Software
Mouse v8199,Lote tecnologico 8199,"508,51",159,Servicios
Laptop v8200,Lote tecnologico 8200,"438,7",40,Servicios
SSD v8201,Lote tecnologico 8201,"1333,66",153,Hardware
RAM v8202,Lote tecnologico 8202,"274,43",165,Hardware
Laptop v8203,Lote tecnologico 8203,"1032,82",153,Licencias
RAM v8204,Lote tecnologico 8204,"1145,57",39,Software
Mouse v8205,Lote tecnologico 8205,"439,37",132,Hardware
Monitor v8206,Lote tecnologico 8206,"439,71",15,Licencias
RAM v8207,Lote tecnologico 8207,"343,9",3,Software
Mouse v8208,Lote tecnologico 8208,"616,48",75,Licencias
Laptop v8209,Lote tecnologico 8209,"879,13",31,Hardware
SSD v8210,Lote tecnologico 8210,"720,59",58,Hardware
Laptop v8211,Lote tecnologico 8211,"695,6",159,Hardware
RAM v8212,Lote tecnologico 8212,"621,7",151,Licencias
SSD v8213,Lote tecnologico 8213,"1400,42",85,Software
Mouse v8214,Lote tecnologico 8214,"250,28",153,Servicios
Teclado v8215,Lote tecnologico 8215,"762,28",198,Servicios
Monitor v8216,Lote tecnologico 8216,"701,13",188,Licencias
Mouse v8217,Lote tecnologico 8217,"933,87",48,Licencias
Teclado v8218,Lote tecnologico 8218,"118,23",155,Software
Mouse v8219,Lote tecnologico 8219,"863,05",9,Servicios
Monitor v8220,Lote tecnologico 8220,"1223,78",116,Licencias
Laptop v8221,Lote tecnologico 8221,"1213,77",91,Hardware
Monitor v8222,Lote tecnologico 8222,"1456,66",130,Software
Teclado v8223,Lote tecnologico 8223,"855,02",72,Hardware
Mouse v8224,Lote tecnologico 8224,"463,36",133,Software
Mouse v8225,Lote tecnologico 8225,"1026,19",117,Licencias
Monitor v8226,Lote tecnologico 8226,"1143,71",182,Servicios
RAM v8227,Lote tecnologico 8227,"1349,54",85,Hardware
Monitor v8228,Lote tecnologico 8228,"380,02",196,Hardware
SSD v8229,Lote tecnologico 8229,"158,58",104,Licencias
Monitor v8230,Lote tecnologico 8230,"661,61",115,Software
Laptop v8231,Lote tecnologico 8231,"64,29",11,Licencias
Mouse v8232,Lote tecnologico 8232,"840,78",30,Licencias
Laptop v8233,Lote tecnologico 8233,"933,33",194,Servicios
Monitor v8234,Lote tecnologico 8234,"701,53",59,Licencias
Mouse v8235,Lote tecnologico 8235,"95,32",140,Hardware
RAM v8236,Lote tecnologico 8236,"497,26",72,Hardware
Monitor v8237,Lote tecnologico 8237,"274,92",127,Licencias
Monitor v8238,Lote tecnologico 8238,"875,76",74,Servicios
Monitor v8239,Lote tecnologico 8239,"1031,66",43,Licencias
Mouse v8240,Lote tecnologico 8240,"1475,85",107,Software
Mouse v8241,Lote tecnologico 8241,"1020,49",109,Licencias
Monitor v8242,Lote tecnologico 8242,"334,37",13,Licencias
RAM v8243,Lote tecnologico 8243,"910,32",43,Servicios
Laptop v8244,Lote tecnologico 8244,"1059,11",87,Licencias
Mouse v8245,Lote tecnologico 8245,"359,34",77,Servicios
Monitor v8246,Lote tecnologico 8246,"1398,63",191,Hardware
Laptop v8247,Lote tecnologico 8247,"1026,99",50,Licencias
RAM v8248,Lote tecnologico 8248,"994,5",55,Software
Monitor v8249,Lote tecnologico 8249,"495,27",7,Licencias
RAM v8250,Lote tecnologico 8250,"548,7",79,Software
SSD v8251,Lote tecnologico 8251,"483,47",32,Servicios
SSD v8252,Lote tecnologico 8252,"264,61",138,Servicios
Laptop v8253,Lote tecnologico 8253,"510,98",72,Servicios
Monitor v8254,Lote tecnologico 8254,"713,93",129,Licencias
Teclado v8255,Lote tecnologico 8255,"1006,96",20,Licencias
Mouse v8256,Lote tecnologico 8256,"56,71",65,Hardware
Laptop v8257,Lote tecnologico 8257,"401,28",39,Hardware
Teclado v8258,Lote tecnologico 8258,"1293,92",124,Servicios
Teclado v8259,Lote tecnologico 8259,"1383,39",51,Licencias
Monitor v8260,Lote tecnologico 8260,"836,04",86,Software
Monitor v8261,Lote tecnologico 8261,"128,87",63,Licencias
Laptop v8262,Lote tecnologico 8262,"87,92",59,Hardware
SSD v8263,Lote tecnologico 8263,"1325,61",140,Servicios
Laptop v8264,Lote tecnologico 8264,"411,43",122,Servicios
Monitor v8265,Lote tecnologico 8265,"1114,18",60,Servicios
RAM v8266,Lote tecnologico 8266,"528,87",15,Servicios
Monitor v8267,Lote tecnologico 8267,"1253,33",176,Licencias
RAM v8268,Lote tecnologico 8268,"1062,18",156,Software
Teclado v8269,Lote tecnologico 8269,"87,21",84,Software
Laptop v8270,Lote tecnologico 8270,"676,76",190,Hardware
SSD v8271,Lote tecnologico 8271,"97,8",111,Licencias
Monitor v8272,Lote tecnologico 8272,"476,45",15,Licencias
Laptop v8273,Lote tecnologico 8273,"880,61",171,Servicios
Mouse v8274,Lote tecnologico 8274,"644,61",188,Hardware
SSD v8275,Lote tecnologico 8275,"1294,84",144,Software
Mouse v8276,Lote tecnologico 8276,"294,22",127,Servicios
RAM v8277,Lote tecnologico 8277,"773,29",136,Software
RAM v8278,Lote tecnologico 8278,"798,7",124,Hardware
Mouse v8279,Lote tecnologico 8279,"695,88",190,Servicios
Monitor v8280,Lote tecnologico 8280,"169,53",29,Software
RAM v8281,Lote tecnologico 8281,"417,75",157,Hardware
Laptop v8282,Lote tecnologico 8282,"1358,76",3,Licencias
Teclado v8283,Lote tecnologico 8283,717,36,Licencias
Mouse v8284,Lote tecnologico 8284,"908,56",101,Software
SSD v8285,Lote tecnologico 8285,"547,14",6,Software
SSD v8286,Lote tecnologico 8286,"504,48",154,Licencias
RAM v8287,Lote tecnologico 8287,"673,68",111,Servicios
Mouse v8288,Lote tecnologico 8288,"1459,49",186,Software
SSD v8289,Lote tecnologico 8289,"1110,57",169,Hardware
SSD v8290,Lote tecnologico 8290,"1259,94",43,Hardware
Monitor v8291,Lote tecnologico 8291,"447,31",157,Software
Laptop v8292,Lote tecnologico 8292,"942,26",83,Hardware
Laptop v8293,Lote tecnologico 8293,"405,6",94,Software
Laptop v8294,Lote tecnologico 8294,"1313,61",196,Software
Monitor v8295,Lote tecnologico 8295,"124,46",159,Servicios
SSD v8296,Lote tecnologico 8296,"852,17",142,Hardware
RAM v8297,Lote tecnologico 8297,"975,18",26,Software
SSD v8298,Lote tecnologico 8298,"286,79",152,Hardware
SSD v8299,Lote tecnologico 8299,"989,86",137,Servicios
SSD v8300,Lote tecnologico 8300,"756,48",57,Software
RAM v8301,Lote tecnologico 8301,"1143,06",122,Software
SSD v8302,Lote tecnologico 8302,"360,46",40,Software
Monitor v8303,Lote tecnologico 8303,"109,09",8,Licencias
RAM v8304,Lote tecnologico 8304,"1010,92",166,Licencias
Laptop v8305,Lote tecnologico 8305,"755,62",28,Hardware
Laptop v8306,Lote tecnologico 8306,"1312,56",184,Licencias
Laptop v8307,Lote tecnologico 8307,"807,09",172,Servicios
Laptop v8308,Lote tecnologico 8308,"1358,21",133,Hardware
Mouse v8309,Lote tecnologico 8309,"682,48",49,Software
Teclado v8310,Lote tecnologico 8310,"1427,84",163,Licencias
Teclado v8311,Lote tecnologico 8311,"1255,8",100,Software
Mouse v8312,Lote tecnologico 8312,"259,83",28,Hardware
Monitor v8313,Lote tecnologico 8313,"1180,78",52,Servicios
RAM v8314,Lote tecnologico 8314,"687,46",8,Hardware
Monitor v8315,Lote tecnologico 8315,"1216,78",104,Hardware
Teclado v8316,Lote tecnologico 8316,"151,87",69,Licencias
Teclado v8317,Lote tecnologico 8317,"927,06",177,Servicios
Laptop v8318,Lote tecnologico 8318,"974,21",117,Software
SSD v8319,Lote tecnologico 8319,"1449,12",72,Hardware
Laptop v8320,Lote tecnologico 8320,"315,52",69,Servicios
SSD v8321,Lote tecnologico 8321,"97,98",34,Software
Laptop v8322,Lote tecnologico 8322,"960,72",177,Software
Monitor v8323,Lote tecnologico 8323,"364,13",60,Servicios
Mouse v8324,Lote tecnologico 8324,"786,8",40,Software
Teclado v8325,Lote tecnologico 8325,"623,48",168,Software
Laptop v8326,Lote tecnologico 8326,"1492,61",136,Software
Monitor v8327,Lote tecnologico 8327,"585,9",35,Servicios
Monitor v8328,Lote tecnologico 8328,"965,3",76,Servicios
Mouse v8329,Lote tecnologico 8329,"1294,62",196,Hardware
Mouse v8330,Lote tecnologico 8330,"966,22",108,Software
Laptop v8331,Lote tecnologico 8331,"529,1",40,Software
Laptop v8332,Lote tecnologico 8332,"1114,79",42,Servicios
Teclado v8333,Lote tecnologico 8333,"882,31",94,Servicios
Monitor v8334,Lote tecnologico 8334,"1245,86",165,Licencias
SSD v8335,Lote tecnologico 8335,"1344,01",122,Software
Monitor v8336,Lote tecnologico 8336,"1081,7",107,Hardware
Monitor v8337,Lote tecnologico 8337,"165,52",140,Servicios
SSD v8338,Lote tecnologico 8338,"816,03",58,Licencias
Teclado v8339,Lote tecnologico 8339,"1350,93",41,Licencias
SSD v8340,Lote tecnologico 8340,"61,54",36,Software
Teclado v8341,Lote tecnologico 8341,"404,07",185,Licencias
Teclado v8342,Lote tecnologico 8342,"474,75",92,Software
RAM v8343,Lote tecnologico 8343,"218,45",36,Hardware
RAM v8344,Lote tecnologico 8344,"986,67",145,Hardware
SSD v8345,Lote tecnologico 8345,"90,51",77,Software
SSD v8346,Lote tecnologico 8346,"1148,38",79,Servicios
SSD v8347,Lote tecnologico 8347,"1219,55",49,Servicios
Monitor v8348,Lote tecnologico 8348,"555,67",148,Servicios
Mouse v8349,Lote tecnologico 8349,"1169,63",189,Hardware
Monitor v8350,Lote tecnologico 8350,"475,93",105,Hardware
Laptop v8351,Lote tecnologico 8351,"1008,92",152,Software
Teclado v8352,Lote tecnologico 8352,"1002,1",12,Licencias
RAM v8353,Lote tecnologico 8353,"1368,65",192,Software
Teclado v8354,Lote tecnologico 8354,"609,62",80,Software
Mouse v8355,Lote tecnologico 8355,"1219,86",1,Hardware
RAM v8356,Lote tecnologico 8356,"696,88",72,Hardware
Laptop v8357,Lote tecnologico 8357,"850,18",109,Licencias
SSD v8358,Lote tecnologico 8358,"61,49",15,Software
Laptop v8359,Lote tecnologico 8359,"135,71",65,Hardware
Teclado v8360,Lote tecnologico 8360,"1240,39",32,Servicios
Laptop v8361,Lote tecnologico 8361,"1087,9",35,Hardware
Laptop v8362,Lote tecnologico 8362,"795,88",73,Licencias
Laptop v8363,Lote tecnologico 8363,"944,9",172,Servicios
Laptop v8364,Lote tecnologico 8364,"183,69",171,Servicios
Mouse v8365,Lote tecnologico 8365,"251,1",136,Hardware
Monitor v8366,Lote tecnologico 8366,"422,08",69,Software
RAM v8367,Lote tecnologico 8367,"87,05",28,Licencias
SSD v8368,Lote tecnologico 8368,"780,73",17,Servicios
RAM v8369,Lote tecnologico 8369,"70,66",197,Hardware
Mouse v8370,Lote tecnologico 8370,"1442,87",37,Hardware
RAM v8371,Lote tecnologico 8371,"315,92",54,Software
Laptop v8372,Lote tecnologico 8372,"842,22",55,Hardware
Laptop v8373,Lote tecnologico 8373,"863,89",105,Hardware
SSD v8374,Lote tecnologico 8374,"1141,62",196,Software
SSD v8375,Lote tecnologico 8375,"1462,49",135,Servicios
Teclado v8376,Lote tecnologico 8376,"656,26",110,Hardware
SSD v8377,Lote tecnologico 8377,"809,58",34,Software
Teclado v8378,Lote tecnologico 8378,"557,54",122,Licencias
RAM v8379,Lote tecnologico 8379,"835,09",94,Servicios
Teclado v8380,Lote tecnologico 8380,"123,25",69,Hardware
Laptop v8381,Lote tecnologico 8381,"972,22",44,Hardware
SSD v8382,Lote tecnologico 8382,"196,57",147,Licencias
RAM v8383,Lote tecnologico 8383,"1256,75",141,Hardware
Teclado v8384,Lote tecnologico 8384,"938,73",188,Licencias
Teclado v8385,Lote tecnologico 8385,"1080,12",8,Hardware
Teclado v8386,Lote tecnologico 8386,"400,55",25,Hardware
Teclado v8387,Lote tecnologico 8387,"715,61",21,Servicios
Teclado v8388,Lote tecnologico 8388,"930,4",142,Licencias
Monitor v8389,Lote tecnologico 8389,"513,33",187,Software
Mouse v8390,Lote tecnologico 8390,"86,18",175,Servicios
SSD v8391,Lote tecnologico 8391,"114,85",80,Licencias
Monitor v8392,Lote tecnologico 8392,"1305,67",155,Software
Mouse v8393,Lote tecnologico 8393,"1015,34",152,Licencias
Laptop v8394,Lote tecnologico 8394,"894,51",102,Hardware
Mouse v8395,Lote tecnologico 8395,994,98,Hardware
SSD v8396,Lote tecnologico 8396,"1076,56",71,Software
RAM v8397,Lote tecnologico 8397,"1410,94",85,Software
Mouse v8398,Lote tecnologico 8398,"832,25",49,Licencias
Laptop v8399,Lote tecnologico 8399,"773,83",148,Servicios
RAM v8400,Lote tecnologico 8400,"433,97",174,Servicios
Laptop v8401,Lote tecnologico 8401,"114,71",172,Hardware
Monitor v8402,Lote tecnologico 8402,"995,93",26,Software
SSD v8403,Lote tecnologico 8403,"1488,1",127,Software
Monitor v8404,Lote tecnologico 8404,"360,95",84,Servicios
RAM v8405,Lote tecnologico 8405,"948,45",56,Software
SSD v8406,Lote tecnologico 8406,"923,61",173,Software
Teclado v8407,Lote tecnologico 8407,"807,69",45,Hardware
Mouse v8408,Lote tecnologico 8408,"936,88",168,Hardware
Teclado v8409,Lote tecnologico 8409,"528,47",78,Hardware
Laptop v8410,Lote tecnologico 8410,"314,76",167,Software
Laptop v8411,Lote tecnologico 8411,"84,8",22,Licencias
Laptop v8412,Lote tecnologico 8412,"1085,9",143,Software
RAM v8413,Lote tecnologico 8413,"166,29",92,Licencias
SSD v8414,Lote tecnologico 8414,"587,57",125,Hardware
SSD v8415,Lote tecnologico 8415,"68,6",102,Licencias
Teclado v8416,Lote tecnologico 8416,"1261,24",62,Licencias
Monitor v8417,Lote tecnologico 8417,"188,46",84,Hardware
RAM v8418,Lote tecnologico 8418,"73,83",146,Licencias
Teclado v8419,Lote tecnologico 8419,"1056,02",52,Hardware
Teclado v8420,Lote tecnologico 8420,"605,2",68,Licencias
Laptop v8421,Lote tecnologico 8421,"526,6",171,Licencias
SSD v8422,Lote tecnologico 8422,"729,16",17,Servicios
Teclado v8423,Lote tecnologico 8423,"774,42",8,Servicios
Monitor v8424,Lote tecnologico 8424,"685,43",100,Software
Teclado v8425,Lote tecnologico 8425,"891,76",70,Hardware
Laptop v8426,Lote tecnologico 8426,"654,93",119,Servicios
Monitor v8427,Lote tecnologico 8427,"191,19",139,Servicios
SSD v8428,Lote tecnologico 8428,"424,19",171,Software
Laptop v8429,Lote tecnologico 8429,"1445,29",85,Licencias
Monitor v8430,Lote tecnologico 8430,"537,23",177,Software
Laptop v8431,Lote tecnologico 8431,"596,62",138,Software
Teclado v8432,Lote tecnologico 8432,"1248,26",181,Licencias
Teclado v8433,Lote tecnologico 8433,"113,11",187,Licencias
Mouse v8434,Lote tecnologico 8434,"756,12",194,Licencias
Teclado v8435,Lote tecnologico 8435,"1446,35",47,Licencias
Monitor v8436,Lote tecnologico 8436,"1410,19",70,Hardware
Teclado v8437,Lote tecnologico 8437,"157,44",103,Licencias
Monitor v8438,Lote tecnologico 8438,"301,64",36,Hardware
RAM v8439,Lote tecnologico 8439,"417,45",198,Hardware
Mouse v8440,Lote tecnologico 8440,"658,1",103,Licencias
SSD v8441,Lote tecnologico 8441,"221,59",83,Servicios
Teclado v8442,Lote tecnologico 8442,"342,61",75,Hardware
Mouse v8443,Lote tecnologico 8443,"906,94",129,Servicios
RAM v8444,Lote tecnologico 8444,"620,78",151,Hardware
Monitor v8445,Lote tecnologico 8445,"562,65",198,Servicios
Teclado v8446,Lote tecnologico 8446,"434,58",187,Licencias
RAM v8447,Lote tecnologico 8447,"1428,58",184,Licencias
Laptop v8448,Lote tecnologico 8448,"1394,24",169,Licencias
Laptop v8449,Lote tecnologico 8449,"1205,94",94,Servicios
RAM v8450,Lote tecnologico 8450,"290,17",89,Servicios
RAM v8451,Lote tecnologico 8451,"948,41",194,Licencias
RAM v8452,Lote tecnologico 8452,"1134,55",83,Software
Laptop v8453,Lote tecnologico 8453,"1265,33",155,Software
Mouse v8454,Lote tecnologico 8454,"1435,25",168,Hardware
Monitor v8455,Lote tecnologico 8455,"438,78",74,Hardware
Laptop v8456,Lote tecnologico 8456,"419,89",25,Hardware
Monitor v8457,Lote tecnologico 8457,"852,74",159,Licencias
Mouse v8458,Lote tecnologico 8458,"233,15",5,Servicios
Monitor v8459,Lote tecnologico 8459,"1396,82",99,Software
SSD v8460,Lote tecnologico 8460,"861,85",51,Software
Monitor v8461,Lote tecnologico 8461,"1283,86",130,Hardware
RAM v8462,Lote tecnologico 8462,"436,12",149,Servicios
Monitor v8463,Lote tecnologico 8463,"988,42",124,Hardware
Mouse v8464,Lote tecnologico 8464,"946,15",115,Servicios
Laptop v8465,Lote tecnologico 8465,"1053,28",173,Software
Mouse v8466,Lote tecnologico 8466,"604,6",31,Hardware
Mouse v8467,Lote tecnologico 8467,"478,81",58,Servicios
RAM v8468,Lote tecnologico 8468,"735,33",82,Servicios
RAM v8469,Lote tecnologico 8469,"352,17",18,Hardware
RAM v8470,Lote tecnologico 8470,"1395,69",185,Servicios
Mouse v8471,Lote tecnologico 8471,"1187,87",179,Servicios
Teclado v8472,Lote tecnologico 8472,"1074,32",60,Licencias
Mouse v8473,Lote tecnologico 8473,"452,36",127,Hardware
Teclado v8474,Lote tecnologico 8474,"391,07",99,Hardware
RAM v8475,Lote tecnologico 8475,"715,36",17,Software
Mouse v8476,Lote tecnologico 8476,"721,03",108,Software
Monitor v8477,Lote tecnologico 8477,"1082,48",128,Hardware
Teclado v8478,Lote tecnologico 8478,"1353,36",126,Hardware
RAM v8479,Lote tecnologico 8479,"95,84",11,Licencias
RAM v8480,Lote tecnologico 8480,"91,05",63,Software
RAM v8481,Lote tecnologico 8481,"1232,36",195,Licencias
Mouse v8482,Lote tecnologico 8482,"564,9",40,Licencias
Laptop v8483,Lote tecnologico 8483,"1146,82",12,Software
Teclado v8484,Lote tecnologico 8484,"699,5",6,Hardware
Laptop v8485,Lote tecnologico 8485,"294,41",152,Software
RAM v8486,Lote tecnologico 8486,"69,93",46,Hardware
SSD v8487,Lote tecnologico 8487,"1325,74",85,Licencias
RAM v8488,Lote tecnologico 8488,"609,2",11,Software
SSD v8489,Lote tecnologico 8489,"514,14",173,Software
Monitor v8490,Lote tecnologico 8490,"845,56",190,Licencias
Laptop v8491,Lote tecnologico 8491,"1436,71",155,Servicios
SSD v8492,Lote tecnologico 8492,"70,25",11,Servicios
RAM v8493,Lote tecnologico 8493,"335,54",96,Hardware
SSD v8494,Lote tecnologico 8494,"470,93",35,Software
Teclado v8495,Lote tecnologico 8495,"342,4",192,Hardware
SSD v8496,Lote tecnologico 8496,"279,69",60,Software
Monitor v8497,Lote tecnologico 8497,"90,3",172,Hardware
Laptop v8498,Lote tecnologico 8498,"1376,87",198,Servicios
Laptop v8499,Lote tecnologico 8499,"838,36",89,Software
RAM v8500,Lote tecnologico 8500,"244,24",176,Software
Laptop v8501,Lote tecnologico 8501,"1340,11",134,Servicios
Mouse v8502,Lote tecnologico 8502,"550,05",97,Hardware
SSD v8503,Lote tecnologico 8503,"1430,09",160,Software
Mouse v8504,Lote tecnologico 8504,"1213,62",24,Servicios
Monitor v8505,Lote tecnologico 8505,"1258,39",136,Servicios
RAM v8506,Lote tecnologico 8506,"626,51",33,Hardware
Monitor v8507,Lote tecnologico 8507,"1157,23",11,Software
Mouse v8508,Lote tecnologico 8508,"1172,69",4,Servicios
Monitor v8509,Lote tecnologico 8509,"1309,01",102,Servicios
Teclado v8510,Lote tecnologico 8510,"1091,77",106,Licencias
Mouse v8511,Lote tecnologico 8511,"501,56",197,Software
SSD v8512,Lote tecnologico 8512,"886,27",53,Servicios
Teclado v8513,Lote tecnologico 8513,"1096,1",186,Licencias
Laptop v8514,Lote tecnologico 8514,"832,56",191,Software
Mouse v8515,Lote tecnologico 8515,"1156,67",125,Servicios
Monitor v8516,Lote tecnologico 8516,"274,56",127,Software
Laptop v8517,Lote tecnologico 8517,"63,92",153,Software
Teclado v8518,Lote tecnologico 8518,"979,95",152,Software
Teclado v8519,Lote tecnologico 8519,"551,58",35,Software
SSD v8520,Lote tecnologico 8520,"738,26",129,Servicios
RAM v8521,Lote tecnologico 8521,"90,99",42,Software
Teclado v8522,Lote tecnologico 8522,"1118,59",147,Servicios
SSD v8523,Lote tecnologico 8523,"1314,65",74,Licencias
Monitor v8524,Lote tecnologico 8524,"1328,94",85,Software
Laptop v8525,Lote tecnologico 8525,"1115,55",176,Software
SSD v8526,Lote tecnologico 8526,"971,37",60,Hardware
Mouse v8527,Lote tecnologico 8527,"597,3",40,Licencias
Mouse v8528,Lote tecnologico 8528,"830,46",92,Software
RAM v8529,Lote tecnologico 8529,"1497,62",102,Software
Mouse v8530,Lote tecnologico 8530,"494,96",132,Servicios
Mouse v8531,Lote tecnologico 8531,"1087,26",22,Licencias
Teclado v8532,Lote tecnologico 8532,"333,37",104,Software
Laptop v8533,Lote tecnologico 8533,"373,46",11,Software
Monitor v8534,Lote tecnologico 8534,"798,63",187,Licencias
Monitor v8535,Lote tecnologico 8535,"1271,48",158,Software
RAM v8536,Lote tecnologico 8536,"1303,84",96,Licencias
SSD v8537,Lote tecnologico 8537,"618,87",190,Licencias
RAM v8538,Lote tecnologico 8538,"1171,87",181,Licencias
Mouse v8539,Lote tecnologico 8539,"333,8",147,Hardware
Mouse v8540,Lote tecnologico 8540,"239,71",51,Hardware
Teclado v8541,Lote tecnologico 8541,"1072,29",90,Servicios
Laptop v8542,Lote tecnologico 8542,"151,58",44,Software
Teclado v8543,Lote tecnologico 8543,"445,18",177,Servicios
RAM v8544,Lote tecnologico 8544,"421,23",42,Servicios
Laptop v8545,Lote tecnologico 8545,"879,45",156,Licencias
RAM v8546,Lote tecnologico 8546,"91,84",83,Hardware
Monitor v8547,Lote tecnologico 8547,"1269,54",99,Hardware
Teclado v8548,Lote tecnologico 8548,"69,62",195,Servicios
SSD v8549,Lote tecnologico 8549,"1029,36",1,Licencias
Teclado v8550,Lote tecnologico 8550,"1138,23",188,Software
Laptop v8551,Lote tecnologico 8551,"1278,94",25,Software
Monitor v8552,Lote tecnologico 8552,"167,86",35,Hardware
RAM v8553,Lote tecnologico 8553,"923,16",193,Servicios
Teclado v8554,Lote tecnologico 8554,"548,92",91,Software
SSD v8555,Lote tecnologico 8555,"794,15",45,Hardware
RAM v8556,Lote tecnologico 8556,"363,42",96,Licencias
Monitor v8557,Lote tecnologico 8557,"956,41",29,Software
Monitor v8558,Lote tecnologico 8558,"1087,59",41,Hardware
Monitor v8559,Lote tecnologico 8559,"1031,35",173,Hardware
Laptop v8560,Lote tecnologico 8560,"1495,24",131,Hardware
RAM v8561,Lote tecnologico 8561,"1042,91",155,Licencias
SSD v8562,Lote tecnologico 8562,"896,05",84,Licencias
Monitor v8563,Lote tecnologico 8563,"966,82",60,Servicios
SSD v8564,Lote tecnologico 8564,"207,74",32,Software
Teclado v8565,Lote tecnologico 8565,"449,44",124,Servicios
Mouse v8566,Lote tecnologico 8566,"1450,87",121,Hardware
SSD v8567,Lote tecnologico 8567,"1098,93",57,Licencias
Monitor v8568,Lote tecnologico 8568,"602,03",10,Hardware
Mouse v8569,Lote tecnologico 8569,"1120,74",73,Hardware
Laptop v8570,Lote tecnologico 8570,"111,31",50,Servicios
SSD v8571,Lote tecnologico 8571,"498,65",61,Hardware
Laptop v8572,Lote tecnologico 8572,"1401,33",127,Servicios
Teclado v8573,Lote tecnologico 8573,"216,32",187,Hardware
Teclado v8574,Lote tecnologico 8574,"1416,9",18,Hardware
RAM v8575,Lote tecnologico 8575,"941,28",138,Servicios
RAM v8576,Lote tecnologico 8576,"1026,17",29,Licencias
Monitor v8577,Lote tecnologico 8577,"272,59",154,Licencias
Mouse v8578,Lote tecnologico 8578,"1094,23",169,Software
Mouse v8579,Lote tecnologico 8579,"1004,14",33,Licencias
Monitor v8580,Lote tecnologico 8580,"1062,54",2,Hardware
SSD v8581,Lote tecnologico 8581,"1367,55",163,Software
Teclado v8582,Lote tecnologico 8582,"1171,61",30,Licencias
Laptop v8583,Lote tecnologico 8583,"283,46",151,Software
Monitor v8584,Lote tecnologico 8584,"724,63",113,Software
SSD v8585,Lote tecnologico 8585,"615,29",137,Servicios
Laptop v8586,Lote tecnologico 8586,"742,8",180,Hardware
Monitor v8587,Lote tecnologico 8587,"837,8",70,Licencias
Teclado v8588,Lote tecnologico 8588,"1164,95",168,Servicios
Mouse v8589,Lote tecnologico 8589,"749,35",124,Software
Monitor v8590,Lote tecnologico 8590,"1132,74",105,Software
RAM v8591,Lote tecnologico 8591,"704,07",68,Hardware
Monitor v8592,Lote tecnologico 8592,"72,24",50,Hardware
Mouse v8593,Lote tecnologico 8593,"116,07",91,Software
RAM v8594,Lote tecnologico 8594,"760,43",153,Software
Laptop v8595,Lote tecnologico 8595,"1455,96",199,Servicios
Monitor v8596,Lote tecnologico 8596,"312,55",102,Software
Mouse v8597,Lote tecnologico 8597,"350,78",98,Licencias
Monitor v8598,Lote tecnologico 8598,"759,05",113,Hardware
Monitor v8599,Lote tecnologico 8599,"445,29",196,Licencias
SSD v8600,Lote tecnologico 8600,"622,71",59,Software
RAM v8601,Lote tecnologico 8601,"1316,65",90,Hardware
Teclado v8602,Lote tecnologico 8602,"991,41",89,Software
Laptop v8603,Lote tecnologico 8603,"754,78",182,Servicios
Laptop v8604,Lote tecnologico 8604,802,49,Hardware
Monitor v8605,Lote tecnologico 8605,"1440,97",11,Servicios
SSD v8606,Lote tecnologico 8606,"648,09",82,Software
Monitor v8607,Lote tecnologico 8607,"1274,61",154,Hardware
RAM v8608,Lote tecnologico 8608,"1227,15",126,Servicios
Monitor v8609,Lote tecnologico 8609,"1041,13",123,Servicios
RAM v8610,Lote tecnologico 8610,"383,38",184,Licencias
Monitor v8611,Lote tecnologico 8611,"1251,99",7,Hardware
Monitor v8612,Lote tecnologico 8612,"1085,49",160,Licencias
SSD v8613,Lote tecnologico 8613,"672,43",131,Servicios
RAM v8614,Lote tecnologico 8614,"946,3",160,Licencias
RAM v8615,Lote tecnologico 8615,"66,5",162,Servicios
Mouse v8616,Lote tecnologico 8616,"1142,49",12,Servicios
RAM v8617,Lote tecnologico 8617,"1351,74",62,Servicios
Laptop v8618,Lote tecnologico 8618,"583,22",163,Hardware
SSD v8619,Lote tecnologico 8619,"824,97",30,Hardware
Teclado v8620,Lote tecnologico 8620,"688,56",145,Software
SSD v8621,Lote tecnologico 8621,"1172,07",150,Servicios
SSD v8622,Lote tecnologico 8622,"628,77",137,Servicios
SSD v8623,Lote tecnologico 8623,"937,68",94,Software
Teclado v8624,Lote tecnologico 8624,"1018,67",104,Licencias
RAM v8625,Lote tecnologico 8625,"611,36",188,Hardware
Mouse v8626,Lote tecnologico 8626,"1301,23",68,Servicios
SSD v8627,Lote tecnologico 8627,"301,32",37,Software
Laptop v8628,Lote tecnologico 8628,"305,72",142,Hardware
Laptop v8629,Lote tecnologico 8629,"1358,98",73,Software
Teclado v8630,Lote tecnologico 8630,"1047,04",71,Hardware
Monitor v8631,Lote tecnologico 8631,"290,12",12,Licencias
Laptop v8632,Lote tecnologico 8632,"806,43",87,Licencias
Teclado v8633,Lote tecnologico 8633,"609,99",102,Hardware
SSD v8634,Lote tecnologico 8634,"495,56",25,Software
Monitor v8635,Lote tecnologico 8635,"1271,74",75,Software
SSD v8636,Lote tecnologico 8636,"1084,56",25,Hardware
Mouse v8637,Lote tecnologico 8637,"782,35",48,Licencias
SSD v8638,Lote tecnologico 8638,"279,16",196,Servicios
Laptop v8639,Lote tecnologico 8639,"1202,09",157,Software
RAM v8640,Lote tecnologico 8640,"706,69",198,Servicios
Monitor v8641,Lote tecnologico 8641,"970,92",90,Licencias
RAM v8642,Lote tecnologico 8642,"645,19",87,Licencias
SSD v8643,Lote tecnologico 8643,"904,47",103,Software
RAM v8644,Lote tecnologico 8644,"537,8",171,Licencias
Monitor v8645,Lote tecnologico 8645,"595,63",15,Software
Teclado v8646,Lote tecnologico 8646,"696,04",80,Servicios
SSD v8647,Lote tecnologico 8647,"1460,03",167,Licencias
Teclado v8648,Lote tecnologico 8648,"1272,08",87,Servicios
Monitor v8649,Lote tecnologico 8649,"850,3",3,Hardware
Teclado v8650,Lote tecnologico 8650,"663,5",113,Software
Monitor v8651,Lote tecnologico 8651,"1019,13",121,Software
Mouse v8652,Lote tecnologico 8652,"1319,14",183,Licencias
Monitor v8653,Lote tecnologico 8653,"735,08",47,Software
RAM v8654,Lote tecnologico 8654,"377,15",52,Software
Teclado v8655,Lote tecnologico 8655,"1039,99",26,Licencias
Teclado v8656,Lote tecnologico 8656,"650,39",142,Licencias
Monitor v8657,Lote tecnologico 8657,"1240,03",60,Servicios
SSD v8658,Lote tecnologico 8658,"161,17",64,Hardware
Monitor v8659,Lote tecnologico 8659,"84,77",148,Hardware
Laptop v8660,Lote tecnologico 8660,1204,176,Software
Teclado v8661,Lote tecnologico 8661,"502,15",8,Licencias
Mouse v8662,Lote tecnologico 8662,"130,59",193,Software
Laptop v8663,Lote tecnologico 8663,"438,36",190,Servicios
SSD v8664,Lote tecnologico 8664,"474,39",110,Software
Mouse v8665,Lote tecnologico 8665,"1243,43",36,Hardware
Monitor v8666,Lote tecnologico 8666,"177,46",130,Servicios
RAM v8667,Lote tecnologico 8667,"959,65",188,Licencias
Monitor v8668,Lote tecnologico 8668,"269,72",192,Licencias
Laptop v8669,Lote tecnologico 8669,"1244,92",40,Servicios
Mouse v8670,Lote tecnologico 8670,"1442,21",179,Software
SSD v8671,Lote tecnologico 8671,"1483,75",29,Servicios
Mouse v8672,Lote tecnologico 8672,"865,04",78,Software
Teclado v8673,Lote tecnologico 8673,"965,48",195,Servicios
RAM v8674,Lote tecnologico 8674,"1306,66",28,Software
Laptop v8675,Lote tecnologico 8675,"467,78",126,Licencias
Monitor v8676,Lote tecnologico 8676,"225,09",127,Hardware
SSD v8677,Lote tecnologico 8677,"1396,41",197,Hardware
Teclado v8678,Lote tecnologico 8678,"510,8",122,Hardware
RAM v8679,Lote tecnologico 8679,"635,92",122,Licencias
Monitor v8680,Lote tecnologico 8680,"425,34",51,Licencias
Mouse v8681,Lote tecnologico 8681,"306,17",13,Servicios
RAM v8682,Lote tecnologico 8682,"1029,45",39,Licencias
Monitor v8683,Lote tecnologico 8683,"898,05",40,Servicios
Monitor v8684,Lote tecnologico 8684,"274,07",101,Servicios
RAM v8685,Lote tecnologico 8685,"1004,28",130,Servicios
SSD v8686,Lote tecnologico 8686,"1311,7",168,Software
Laptop v8687,Lote tecnologico 8687,"135,17",144,Licencias
Laptop v8688,Lote tecnologico 8688,"1326,65",170,Licencias
Laptop v8689,Lote tecnologico 8689,"1175,98",109,Software
Teclado v8690,Lote tecnologico 8690,"778,32",28,Servicios
Monitor v8691,Lote tecnologico 8691,"563,91",96,Licencias
Laptop v8692,Lote tecnologico 8692,"1141,97",60,Software
Monitor v8693,Lote tecnologico 8693,"1408,18",189,Licencias
Laptop v8694,Lote tecnologico 8694,"491,57",133,Software
RAM v8695,Lote tecnologico 8695,"1178,98",74,Hardware
Monitor v8696,Lote tecnologico 8696,"1132,36",61,Hardware
Teclado v8697,Lote tecnologico 8697,"724,45",60,Software
Teclado v8698,Lote tecnologico 8698,"1194,74",193,Software
Monitor v8699,Lote tecnologico 8699,"1009,41",131,Servicios
Monitor v8700,Lote tecnologico 8700,"217,64",66,Hardware
Mouse v8701,Lote tecnologico 8701,"1337,56",150,Hardware
Monitor v8702,Lote tecnologico 8702,"105,79",177,Software
Teclado v8703,Lote tecnologico 8703,"1454,85",190,Licencias
Laptop v8704,Lote tecnologico 8704,"528,8",171,Licencias
Teclado v8705,Lote tecnologico 8705,"1261,64",50,Servicios
RAM v8706,Lote tecnologico 8706,"1311,84",60,Licencias
RAM v8707,Lote tecnologico 8707,"149,03",140,Hardware
Mouse v8708,Lote tecnologico 8708,"104,18",104,Servicios
Monitor v8709,Lote tecnologico 8709,"1006,57",143,Servicios
Mouse v8710,Lote tecnologico 8710,"60,41",25,Servicios
RAM v8711,Lote tecnologico 8711,"71,53",4,Servicios
Mouse v8712,Lote tecnologico 8712,"724,34",178,Software
Mouse v8713,Lote tecnologico 8713,"571,58",53,Servicios
Monitor v8714,Lote tecnologico 8714,"1202,94",79,Software
SSD v8715,Lote tecnologico 8715,"470,69",80,Licencias
Mouse v8716,Lote tecnologico 8716,"581,31",103,Software
Mouse v8717,Lote tecnologico 8717,"807,21",25,Hardware
Mouse v8718,Lote tecnologico 8718,"1469,29",14,Hardware
Teclado v8719,Lote tecnologico 8719,"1450,15",159,Hardware
SSD v8720,Lote tecnologico 8720,"815,58",74,Hardware
Teclado v8721,Lote tecnologico 8721,"1337,11",128,Servicios
Laptop v8722,Lote tecnologico 8722,"1226,85",151,Software
Laptop v8723,Lote tecnologico 8723,"1328,25",46,Servicios
RAM v8724,Lote tecnologico 8724,"962,59",96,Hardware
Monitor v8725,Lote tecnologico 8725,"170,51",50,Software
SSD v8726,Lote tecnologico 8726,"262,26",50,Hardware
Laptop v8727,Lote tecnologico 8727,"499,48",61,Hardware
RAM v8728,Lote tecnologico 8728,"897,9",71,Licencias
Laptop v8729,Lote tecnologico 8729,"398,12",53,Hardware
Laptop v8730,Lote tecnologico 8730,"778,69",28,Servicios
Laptop v8731,Lote tecnologico 8731,"970,92",32,Hardware
SSD v8732,Lote tecnologico 8732,"503,96",76,Servicios
SSD v8733,Lote tecnologico 8733,"291,3",114,Hardware
SSD v8734,Lote tecnologico 8734,"859,75",74,Hardware
Teclado v8735,Lote tecnologico 8735,"595,93",59,Software
Teclado v8736,Lote tecnologico 8736,"138,15",175,Hardware
Laptop v8737,Lote tecnologico 8737,"179,52",66,Software
SSD v8738,Lote tecnologico 8738,"176,95",22,Servicios
RAM v8739,Lote tecnologico 8739,"1167,52",145,Hardware
Teclado v8740,Lote tecnologico 8740,"258,11",140,Hardware
Laptop v8741,Lote tecnologico 8741,"603,85",21,Hardware
Laptop v8742,Lote tecnologico 8742,"478,22",13,Hardware
Monitor v8743,Lote tecnologico 8743,"498,82",138,Software
Mouse v8744,Lote tecnologico 8744,331,37,Software
Mouse v8745,Lote tecnologico 8745,"705,11",170,Software
Teclado v8746,Lote tecnologico 8746,"177,07",179,Software
Monitor v8747,Lote tecnologico 8747,"50,23",142,Licencias
RAM v8748,Lote tecnologico 8748,"579,98",83,Hardware
Monitor v8749,Lote tecnologico 8749,"653,24",16,Hardware
SSD v8750,Lote tecnologico 8750,"1265,75",99,Hardware
Teclado v8751,Lote tecnologico 8751,"645,72",92,Software
Mouse v8752,Lote tecnologico 8752,"790,36",24,Hardware
Monitor v8753,Lote tecnologico 8753,"764,62",31,Servicios
RAM v8754,Lote tecnologico 8754,"464,46",72,Software
Mouse v8755,Lote tecnologico 8755,"1321,51",78,Licencias
Mouse v8756,Lote tecnologico 8756,"126,52",100,Servicios
SSD v8757,Lote tecnologico 8757,"1359,37",190,Hardware
Laptop v8758,Lote tecnologico 8758,"864,54",105,Hardware
SSD v8759,Lote tecnologico 8759,"672,98",64,Hardware
Mouse v8760,Lote tecnologico 8760,"1481,06",128,Hardware
Monitor v8761,Lote tecnologico 8761,"622,33",109,Servicios
Laptop v8762,Lote tecnologico 8762,"360,61",54,Hardware
Mouse v8763,Lote tecnologico 8763,"206,53",0,Software
Monitor v8764,Lote tecnologico 8764,"377,01",182,Software
Monitor v8765,Lote tecnologico 8765,"361,27",147,Licencias
RAM v8766,Lote tecnologico 8766,"746,23",153,Software
Laptop v8767,Lote tecnologico 8767,"290,33",125,Servicios
Laptop v8768,Lote tecnologico 8768,"649,92",120,Hardware
SSD v8769,Lote tecnologico 8769,"800,13",83,Hardware
Mouse v8770,Lote tecnologico 8770,"260,8",2,Licencias
Laptop v8771,Lote tecnologico 8771,"902,43",172,Servicios
SSD v8772,Lote tecnologico 8772,"821,27",54,Licencias
Mouse v8773,Lote tecnologico 8773,"886,22",44,Servicios
RAM v8774,Lote tecnologico 8774,"1085,76",93,Hardware
RAM v8775,Lote tecnologico 8775,"1024,31",96,Software
Teclado v8776,Lote tecnologico 8776,"680,47",96,Software
Monitor v8777,Lote tecnologico 8777,"1315,75",179,Servicios
SSD v8778,Lote tecnologico 8778,"832,34",160,Servicios
RAM v8779,Lote tecnologico 8779,"1057,68",123,Hardware
Teclado v8780,Lote tecnologico 8780,"594,51",98,Licencias
Mouse v8781,Lote tecnologico 8781,"539,73",90,Software
Laptop v8782,Lote tecnologico 8782,"398,38",6,Software
Monitor v8783,Lote tecnologico 8783,"711,49",77,Licencias
SSD v8784,Lote tecnologico 8784,"931,42",152,Servicios
RAM v8785,Lote tecnologico 8785,"772,95",95,Hardware
RAM v8786,Lote tecnologico 8786,"560,45",17,Licencias
Mouse v8787,Lote tecnologico 8787,"463,77",127,Servicios
Teclado v8788,Lote tecnologico 8788,"394,44",94,Software
Monitor v8789,Lote tecnologico 8789,"996,19",147,Licencias
Laptop v8790,Lote tecnologico 8790,"290,2",20,Hardware
SSD v8791,Lote tecnologico 8791,"868,51",189,Hardware
RAM v8792,Lote tecnologico 8792,"960,27",14,Licencias
RAM v8793,Lote tecnologico 8793,"829,43",106,Licencias
Monitor v8794,Lote tecnologico 8794,"1224,78",185,Servicios
Laptop v8795,Lote tecnologico 8795,"852,83",87,Software
Mouse v8796,Lote tecnologico 8796,"733,04",134,Hardware
Teclado v8797,Lote tecnologico 8797,"538,96",38,Licencias
Mouse v8798,Lote tecnologico 8798,"824,41",58,Hardware
Mouse v8799,Lote tecnologico 8799,"1196,07",140,Licencias
Monitor v8800,Lote tecnologico 8800,"592,89",23,Hardware
SSD v8801,Lote tecnologico 8801,"862,36",74,Licencias
SSD v8802,Lote tecnologico 8802,"664,87",148,Servicios
Laptop v8803,Lote tecnologico 8803,"1208,88",195,Licencias
Teclado v8804,Lote tecnologico 8804,"515,77",184,Servicios
RAM v8805,Lote tecnologico 8805,"778,31",10,Licencias
Teclado v8806,Lote tecnologico 8806,"791,62",131,Hardware
Mouse v8807,Lote tecnologico 8807,"434,38",19,Software
Monitor v8808,Lote tecnologico 8808,"1212,32",4,Hardware
Mouse v8809,Lote tecnologico 8809,"795,48",8,Hardware
RAM v8810,Lote tecnologico 8810,"1188,97",6,Servicios
Teclado v8811,Lote tecnologico 8811,"361,45",156,Servicios
Monitor v8812,Lote tecnologico 8812,"1468,17",137,Software
Mouse v8813,Lote tecnologico 8813,"835,09",191,Servicios
Mouse v8814,Lote tecnologico 8814,"522,74",197,Software
SSD v8815,Lote tecnologico 8815,"603,49",83,Licencias
Monitor v8816,Lote tecnologico 8816,"405,82",133,Software
SSD v8817,Lote tecnologico 8817,"1205,44",5,Software
RAM v8818,Lote tecnologico 8818,"281,97",161,Hardware
Teclado v8819,Lote tecnologico 8819,"154,37",172,Software
RAM v8820,Lote tecnologico 8820,"648,31",187,Licencias
Teclado v8821,Lote tecnologico 8821,"376,83",76,Licencias
SSD v8822,Lote tecnologico 8822,"1151,53",135,Servicios
SSD v8823,Lote tecnologico 8823,"113,34",125,Servicios
Monitor v8824,Lote tecnologico 8824,"920,32",72,Software
Laptop v8825,Lote tecnologico 8825,"1015,43",55,Licencias
Mouse v8826,Lote tecnologico 8826,"1033,57",123,Licencias
Mouse v8827,Lote tecnologico 8827,"809,48",15,Licencias
Teclado v8828,Lote tecnologico 8828,"562,24",19,Servicios
Laptop v8829,Lote tecnologico 8829,"1465,87",109,Hardware
Monitor v8830,Lote tecnologico 8830,"953,59",57,Software
Mouse v8831,Lote tecnologico 8831,"198,86",118,Servicios
Teclado v8832,Lote tecnologico 8832,"276,72",33,Servicios
Mouse v8833,Lote tecnologico 8833,"1287,91",56,Servicios
Monitor v8834,Lote tecnologico 8834,"643,65",93,Licencias
Laptop v8835,Lote tecnologico 8835,"1080,79",112,Servicios
Laptop v8836,Lote tecnologico 8836,"322,3",70,Hardware
Teclado v8837,Lote tecnologico 8837,"589,94",53,Servicios
RAM v8838,Lote tecnologico 8838,"1100,23",22,Licencias
Monitor v8839,Lote tecnologico 8839,"1444,36",83,Licencias
SSD v8840,Lote tecnologico 8840,"576,59",101,Hardware
Monitor v8841,Lote tecnologico 8841,"855,11",149,Software
Laptop v8842,Lote tecnologico 8842,"208,82",168,Hardware
SSD v8843,Lote tecnologico 8843,"415,75",68,Servicios
Teclado v8844,Lote tecnologico 8844,"152,26",131,Software
Teclado v8845,Lote tecnologico 8845,"104,18",103,Hardware
RAM v8846,Lote tecnologico 8846,"374,79",183,Software
Monitor v8847,Lote tecnologico 8847,"881,86",16,Software
Monitor v8848,Lote tecnologico 8848,"345,5",159,Hardware
Mouse v8849,Lote tecnologico 8849,"1251,25",6,Software
Teclado v8850,Lote tecnologico 8850,"821,69",10,Servicios
RAM v8851,Lote tecnologico 8851,"1188,1",84,Hardware
RAM v8852,Lote tecnologico 8852,"1004,61",104,Licencias
Teclado v8853,Lote tecnologico 8853,"1225,85",141,Servicios
Mouse v8854,Lote tecnologico 8854,"1170,95",114,Servicios
Laptop v8855,Lote tecnologico 8855,"435,45",0,Software
Mouse v8856,Lote tecnologico 8856,"1001,34",45,Licencias
Laptop v8857,Lote tecnologico 8857,"1176,86",188,Licencias
RAM v8858,Lote tecnologico 8858,"75,06",114,Software
RAM v8859,Lote tecnologico 8859,"1472,49",169,Hardware
Teclado v8860,Lote tecnologico 8860,"438,41",118,Servicios
SSD v8861,Lote tecnologico 8861,"1018,96",79,Hardware
RAM v8862,Lote tecnologico 8862,"1432,56",161,Hardware
Laptop v8863,Lote tecnologico 8863,"503,1",136,Software
Laptop v8864,Lote tecnologico 8864,"70,59",120,Servicios
RAM v8865,Lote tecnologico 8865,"1149,6",6,Hardware
Laptop v8866,Lote tecnologico 8866,"495,11",59,Software
RAM v8867,Lote tecnologico 8867,"437,97",64,Software
SSD v8868,Lote tecnologico 8868,"691,21",167,Servicios
SSD v8869,Lote tecnologico 8869,"980,45",98,Software
Teclado v8870,Lote tecnologico 8870,"283,49",147,Servicios
Mouse v8871,Lote tecnologico 8871,"1235,59",13,Hardware
Teclado v8872,Lote tecnologico 8872,"505,84",37,Licencias
SSD v8873,Lote tecnologico 8873,"123,84",22,Software
RAM v8874,Lote tecnologico 8874,"1096,07",126,Servicios
Teclado v8875,Lote tecnologico 8875,"211,82",103,Licencias
RAM v8876,Lote tecnologico 8876,"498,01",113,Software
SSD v8877,Lote tecnologico 8877,"546,84",47,Servicios
Mouse v8878,Lote tecnologico 8878,"737,07",132,Servicios
SSD v8879,Lote tecnologico 8879,"905,45",123,Licencias
Mouse v8880,Lote tecnologico 8880,"658,13",150,Licencias
Monitor v8881,Lote tecnologico 8881,"1141,51",101,Software
Laptop v8882,Lote tecnologico 8882,"1012,62",186,Servicios
Monitor v8883,Lote tecnologico 8883,"714,33",140,Servicios
Monitor v8884,Lote tecnologico 8884,"1357,48",120,Software
Mouse v8885,Lote tecnologico 8885,"1111,69",34,Hardware
Laptop v8886,Lote tecnologico 8886,"947,7",112,Hardware
Mouse v8887,Lote tecnologico 8887,"882,33",13,Servicios
Teclado v8888,Lote tecnologico 8888,"815,06",139,Servicios
Teclado v8889,Lote tecnologico 8889,"1288,67",175,Software
RAM v8890,Lote tecnologico 8890,"329,85",80,Licencias
Mouse v8891,Lote tecnologico 8891,"288,42",174,Servicios
Laptop v8892,Lote tecnologico 8892,"440,78",120,Licencias
Mouse v8893,Lote tecnologico 8893,"146,26",145,Software
Teclado v8894,Lote tecnologico 8894,"671,96",56,Software
SSD v8895,Lote tecnologico 8895,"1027,39",126,Licencias
Laptop v8896,Lote tecnologico 8896,"1331,17",197,Licencias
Mouse v8897,Lote tecnologico 8897,"770,67",140,Hardware
Teclado v8898,Lote tecnologico 8898,"1285,23",120,Software
Teclado v8899,Lote tecnologico 8899,"1075,18",120,Servicios
Monitor v8900,Lote tecnologico 8900,"102,32",64,Software
SSD v8901,Lote tecnologico 8901,"108,26",43,Licencias
Laptop v8902,Lote tecnologico 8902,"1329,4",12,Software
Mouse v8903,Lote tecnologico 8903,"1239,82",79,Software
Laptop v8904,Lote tecnologico 8904,"1213,58",197,Software
Monitor v8905,Lote tecnologico 8905,"267,61",45,Licencias
Laptop v8906,Lote tecnologico 8906,"973,06",187,Licencias
Monitor v8907,Lote tecnologico 8907,"209,88",82,Servicios
Mouse v8908,Lote tecnologico 8908,"519,11",5,Hardware
RAM v8909,Lote tecnologico 8909,"1284,17",50,Hardware
Mouse v8910,Lote tecnologico 8910,"86,75",100,Software
Teclado v8911,Lote tecnologico 8911,"645,87",166,Software
Monitor v8912,Lote tecnologico 8912,"128,25",189,Licencias
RAM v8913,Lote tecnologico 8913,"1220,98",146,Servicios
RAM v8914,Lote tecnologico 8914,"1117,73",102,Hardware
Mouse v8915,Lote tecnologico 8915,"184,57",165,Software
SSD v8916,Lote tecnologico 8916,157,59,Software
RAM v8917,Lote tecnologico 8917,"390,23",5,Hardware
RAM v8918,Lote tecnologico 8918,"368,72",23,Servicios
Laptop v8919,Lote tecnologico 8919,"791,76",94,Servicios
Laptop v8920,Lote tecnologico 8920,"856,03",195,Licencias
Teclado v8921,Lote tecnologico 8921,"251,97",15,Hardware
SSD v8922,Lote tecnologico 8922,"1237,4",58,Hardware
Laptop v8923,Lote tecnologico 8923,"797,56",142,Licencias
Teclado v8924,Lote tecnologico 8924,"537,72",61,Hardware
Monitor v8925,Lote tecnologico 8925,"852,7",131,Software
Teclado v8926,Lote tecnologico 8926,"887,64",148,Software
Laptop v8927,Lote tecnologico 8927,"879,39",197,Hardware
Teclado v8928,Lote tecnologico 8928,"892,24",184,Servicios
Monitor v8929,Lote tecnologico 8929,"1114,76",39,Software
Laptop v8930,Lote tecnologico 8930,"807,36",57,Licencias
Monitor v8931,Lote tecnologico 8931,"882,93",168,Hardware
Laptop v8932,Lote tecnologico 8932,"852,74",110,Servicios
RAM v8933,Lote tecnologico 8933,"849,94",25,Servicios
Monitor v8934,Lote tecnologico 8934,"394,68",35,Licencias
Laptop v8935,Lote tecnologico 8935,"998,85",146,Hardware
Teclado v8936,Lote tecnologico 8936,"390,64",191,Hardware
RAM v8937,Lote tecnologico 8937,"1162,42",71,Licencias
Teclado v8938,Lote tecnologico 8938,"435,06",55,Servicios
Mouse v8939,Lote tecnologico 8939,"1116,1",44,Software
Monitor v8940,Lote tecnologico 8940,"570,8",166,Software
Laptop v8941,Lote tecnologico 8941,"375,39",186,Hardware
Laptop v8942,Lote tecnologico 8942,"810,94",121,Servicios
Monitor v8943,Lote tecnologico 8943,"162,42",193,Servicios
Mouse v8944,Lote tecnologico 8944,"1011,34",133,Hardware
Mouse v8945,Lote tecnologico 8945,"545,04",1,Licencias
Mouse v8946,Lote tecnologico 8946,"330,06",132,Hardware
SSD v8947,Lote tecnologico 8947,"61,99",5,Software
SSD v8948,Lote tecnologico 8948,"159,81",164,Software
Laptop v8949,Lote tecnologico 8949,"553,14",183,Servicios
RAM v8950,Lote tecnologico 8950,"1296,46",25,Software
Laptop v8951,Lote tecnologico 8951,"425,85",166,Software
Teclado v8952,Lote tecnologico 8952,"404,22",122,Licencias
RAM v8953,Lote tecnologico 8953,1128,19,Servicios
SSD v8954,Lote tecnologico 8954,"643,91",169,Licencias
Mouse v8955,Lote tecnologico 8955,"1471,09",176,Licencias
Laptop v8956,Lote tecnologico 8956,"941,76",96,Hardware
RAM v8957,Lote tecnologico 8957,"304,39",118,Servicios
RAM v8958,Lote tecnologico 8958,"304,06",145,Software
SSD v8959,Lote tecnologico 8959,"678,27",121,Software
Teclado v8960,Lote tecnologico 8960,"968,91",138,Hardware
SSD v8961,Lote tecnologico 8961,"208,05",19,Hardware
Laptop v8962,Lote tecnologico 8962,"817,31",28,Licencias
Mouse v8963,Lote tecnologico 8963,"268,61",125,Servicios
Teclado v8964,Lote tecnologico 8964,238,92,Software
Teclado v8965,Lote tecnologico 8965,"151,64",56,Hardware
SSD v8966,Lote tecnologico 8966,"942,96",183,Servicios
Mouse v8967,Lote tecnologico 8967,"1104,36",97,Software
Teclado v8968,Lote tecnologico 8968,"1429,53",7,Servicios
Mouse v8969,Lote tecnologico 8969,"335,14",25,Servicios
Mouse v8970,Lote tecnologico 8970,"1170,9",176,Hardware
Laptop v8971,Lote tecnologico 8971,"935,44",45,Software
Monitor v8972,Lote tecnologico 8972,"882,95",26,Licencias
Monitor v8973,Lote tecnologico 8973,"450,63",10,Hardware
Laptop v8974,Lote tecnologico 8974,"1028,98",186,Servicios
Monitor v8975,Lote tecnologico 8975,"1060,9",183,Licencias
Monitor v8976,Lote tecnologico 8976,"1096,84",55,Licencias
Laptop v8977,Lote tecnologico 8977,"491,75",125,Software
RAM v8978,Lote tecnologico 8978,"1438,74",24,Servicios
SSD v8979,Lote tecnologico 8979,"1083,69",40,Servicios
Laptop v8980,Lote tecnologico 8980,"486,97",199,Servicios
Laptop v8981,Lote tecnologico 8981,"165,07",59,Servicios
Teclado v8982,Lote tecnologico 8982,"387,46",163,Licencias
Mouse v8983,Lote tecnologico 8983,"91,15",174,Software
RAM v8984,Lote tecnologico 8984,"1404,31",145,Hardware
Teclado v8985,Lote tecnologico 8985,"98,13",90,Servicios
SSD v8986,Lote tecnologico 8986,"277,57",162,Hardware
RAM v8987,Lote tecnologico 8987,"1145,65",129,Software
Teclado v8988,Lote tecnologico 8988,"658,17",70,Software
RAM v8989,Lote tecnologico 8989,"695,53",181,Hardware
Monitor v8990,Lote tecnologico 8990,"856,99",122,Hardware
Monitor v8991,Lote tecnologico 8991,"77,29",38,Servicios
Mouse v8992,Lote tecnologico 8992,"1480,61",108,Servicios
Mouse v8993,Lote tecnologico 8993,"263,39",13,Servicios
Teclado v8994,Lote tecnologico 8994,"965,48",197,Software
Teclado v8995,Lote tecnologico 8995,"418,65",39,Servicios
SSD v8996,Lote tecnologico 8996,"822,31",138,Hardware
Teclado v8997,Lote tecnologico 8997,"1251,09",194,Licencias
RAM v8998,Lote tecnologico 8998,"1317,8",72,Software
RAM v8999,Lote tecnologico 8999,"340,52",3,Hardware
Teclado v9000,Lote tecnologico 9000,"1361,52",33,Servicios
Laptop v9001,Lote tecnologico 9001,"178,74",29,Servicios
SSD v9002,Lote tecnologico 9002,"1351,79",18,Servicios
Monitor v9003,Lote tecnologico 9003,"1272,54",177,Hardware
Mouse v9004,Lote tecnologico 9004,"1265,06",94,Software
Monitor v9005,Lote tecnologico 9005,"841,41",56,Software
Monitor v9006,Lote tecnologico 9006,"92,05",114,Hardware
RAM v9007,Lote tecnologico 9007,"1003,84",164,Servicios
Mouse v9008,Lote tecnologico 9008,"413,71",59,Licencias
SSD v9009,Lote tecnologico 9009,"515,7",32,Software
RAM v9010,Lote tecnologico 9010,"1057,99",176,Licencias
Laptop v9011,Lote tecnologico 9011,"781,37",157,Servicios
SSD v9012,Lote tecnologico 9012,"808,46",58,Servicios
Monitor v9013,Lote tecnologico 9013,"951,61",145,Licencias
Teclado v9014,Lote tecnologico 9014,"382,94",199,Servicios
RAM v9015,Lote tecnologico 9015,"265,81",109,Software
Mouse v9016,Lote tecnologico 9016,"1475,63",127,Hardware
RAM v9017,Lote tecnologico 9017,"489,89",36,Licencias
Teclado v9018,Lote tecnologico 9018,"1449,13",167,Hardware
SSD v9019,Lote tecnologico 9019,"723,53",173,Software
Laptop v9020,Lote tecnologico 9020,"714,04",27,Software
Teclado v9021,Lote tecnologico 9021,"1447,23",156,Software
Laptop v9022,Lote tecnologico 9022,"95,53",179,Servicios
Monitor v9023,Lote tecnologico 9023,"397,32",116,Hardware
Monitor v9024,Lote tecnologico 9024,"1490,36",168,Licencias
Monitor v9025,Lote tecnologico 9025,"1167,66",29,Hardware
RAM v9026,Lote tecnologico 9026,"772,4",51,Licencias
Mouse v9027,Lote tecnologico 9027,"1108,04",84,Servicios
Laptop v9028,Lote tecnologico 9028,"1152,39",107,Servicios
Monitor v9029,Lote tecnologico 9029,"1228,73",195,Licencias
RAM v9030,Lote tecnologico 9030,"863,14",92,Software
Mouse v9031,Lote tecnologico 9031,"228,52",151,Licencias
Teclado v9032,Lote tecnologico 9032,"147,62",131,Hardware
Mouse v9033,Lote tecnologico 9033,"712,88",121,Servicios
Laptop v9034,Lote tecnologico 9034,"201,66",85,Software
Laptop v9035,Lote tecnologico 9035,"271,52",139,Servicios
Laptop v9036,Lote tecnologico 9036,"670,1",12,Software
Teclado v9037,Lote tecnologico 9037,"1230,82",105,Servicios
Mouse v9038,Lote tecnologico 9038,"1337,18",21,Licencias
Mouse v9039,Lote tecnologico 9039,"1000,64",76,Hardware
Mouse v9040,Lote tecnologico 9040,"1313,89",33,Licencias
RAM v9041,Lote tecnologico 9041,"366,66",166,Servicios
Monitor v9042,Lote tecnologico 9042,"1008,87",79,Licencias
Monitor v9043,Lote tecnologico 9043,"349,72",60,Servicios
Laptop v9044,Lote tecnologico 9044,"1280,08",131,Hardware
SSD v9045,Lote tecnologico 9045,"50,9",31,Software
RAM v9046,Lote tecnologico 9046,"1231,93",100,Licencias
Mouse v9047,Lote tecnologico 9047,"1151,81",5,Hardware
Monitor v9048,Lote tecnologico 9048,"551,16",130,Hardware
RAM v9049,Lote tecnologico 9049,"988,58",47,Hardware
Teclado v9050,Lote tecnologico 9050,"323,73",139,Servicios
Monitor v9051,Lote tecnologico 9051,"866,63",49,Servicios
SSD v9052,Lote tecnologico 9052,"62,52",33,Hardware
RAM v9053,Lote tecnologico 9053,"1049,69",133,Licencias
SSD v9054,Lote tecnologico 9054,"1430,54",199,Hardware
Monitor v9055,Lote tecnologico 9055,"559,94",69,Software
Laptop v9056,Lote tecnologico 9056,"70,74",191,Software
Monitor v9057,Lote tecnologico 9057,"1049,45",161,Hardware
Laptop v9058,Lote tecnologico 9058,"255,21",54,Licencias
Mouse v9059,Lote tecnologico 9059,"1050,37",41,Licencias
Laptop v9060,Lote tecnologico 9060,"479,41",143,Servicios
SSD v9061,Lote tecnologico 9061,"1456,75",42,Hardware
Mouse v9062,Lote tecnologico 9062,"1120,75",165,Software
Mouse v9063,Lote tecnologico 9063,"148,64",130,Servicios
RAM v9064,Lote tecnologico 9064,"1000,25",71,Licencias
Mouse v9065,Lote tecnologico 9065,"897,25",60,Servicios
Teclado v9066,Lote tecnologico 9066,"53,65",1,Servicios
RAM v9067,Lote tecnologico 9067,"82,3",118,Servicios
RAM v9068,Lote tecnologico 9068,"61,08",187,Servicios
Mouse v9069,Lote tecnologico 9069,"1207,38",132,Hardware
Laptop v9070,Lote tecnologico 9070,"1138,11",150,Licencias
Mouse v9071,Lote tecnologico 9071,"1197,84",106,Servicios
Laptop v9072,Lote tecnologico 9072,"1272,2",196,Licencias
Mouse v9073,Lote tecnologico 9073,"1491,04",128,Hardware
SSD v9074,Lote tecnologico 9074,"188,21",165,Licencias
Mouse v9075,Lote tecnologico 9075,"801,21",137,Software
Monitor v9076,Lote tecnologico 9076,"1403,79",138,Software
RAM v9077,Lote tecnologico 9077,"1091,2",183,Licencias
Mouse v9078,Lote tecnologico 9078,"801,41",175,Licencias
Monitor v9079,Lote tecnologico 9079,"1303,77",136,Hardware
Laptop v9080,Lote tecnologico 9080,"693,38",113,Software
Monitor v9081,Lote tecnologico 9081,"168,59",36,Servicios
SSD v9082,Lote tecnologico 9082,"793,6",174,Licencias
Monitor v9083,Lote tecnologico 9083,"440,61",45,Licencias
SSD v9084,Lote tecnologico 9084,"1399,19",133,Servicios
SSD v9085,Lote tecnologico 9085,"1284,13",185,Servicios
Mouse v9086,Lote tecnologico 9086,"236,8",136,Licencias
Mouse v9087,Lote tecnologico 9087,"1408,81",87,Servicios
Laptop v9088,Lote tecnologico 9088,"1280,54",146,Licencias
Monitor v9089,Lote tecnologico 9089,"561,24",92,Servicios
RAM v9090,Lote tecnologico 9090,"125,48",173,Hardware
Mouse v9091,Lote tecnologico 9091,"533,08",94,Software
Monitor v9092,Lote tecnologico 9092,"561,75",176,Servicios
SSD v9093,Lote tecnologico 9093,"91,82",63,Servicios
SSD v9094,Lote tecnologico 9094,"326,2",121,Servicios
Laptop v9095,Lote tecnologico 9095,"1370,78",76,Servicios
Mouse v9096,Lote tecnologico 9096,"935,93",60,Servicios
Monitor v9097,Lote tecnologico 9097,"673,68",39,Servicios
Mouse v9098,Lote tecnologico 9098,"246,54",153,Licencias
Mouse v9099,Lote tecnologico 9099,"425,45",113,Servicios
Mouse v9100,Lote tecnologico 9100,"134,17",57,Software
RAM v9101,Lote tecnologico 9101,"1244,29",150,Software
Teclado v9102,Lote tecnologico 9102,"538,13",127,Licencias
Monitor v9103,Lote tecnologico 9103,"957,69",13,Hardware
Monitor v9104,Lote tecnologico 9104,"823,26",10,Servicios
Laptop v9105,Lote tecnologico 9105,"785,91",182,Software
SSD v9106,Lote tecnologico 9106,"875,71",18,Hardware
Laptop v9107,Lote tecnologico 9107,"279,63",93,Software
Monitor v9108,Lote tecnologico 9108,"794,58",170,Software
SSD v9109,Lote tecnologico 9109,"684,61",86,Servicios
SSD v9110,Lote tecnologico 9110,"1326,26",22,Licencias
Laptop v9111,Lote tecnologico 9111,"1223,89",110,Hardware
SSD v9112,Lote tecnologico 9112,"806,39",13,Hardware
RAM v9113,Lote tecnologico 9113,"146,68",114,Servicios
Teclado v9114,Lote tecnologico 9114,"194,01",50,Software
Mouse v9115,Lote tecnologico 9115,"821,05",10,Hardware
Teclado v9116,Lote tecnologico 9116,"1469,88",68,Hardware
Teclado v9117,Lote tecnologico 9117,"705,48",51,Software
SSD v9118,Lote tecnologico 9118,"1115,36",29,Software
Teclado v9119,Lote tecnologico 9119,"436,8",178,Hardware
Monitor v9120,Lote tecnologico 9120,"438,08",27,Hardware
Mouse v9121,Lote tecnologico 9121,"548,38",32,Hardware
Laptop v9122,Lote tecnologico 9122,"1080,43",145,Software
Laptop v9123,Lote tecnologico 9123,"1159,94",146,Software
Laptop v9124,Lote tecnologico 9124,"378,53",43,Licencias
Laptop v9125,Lote tecnologico 9125,"1377,05",163,Licencias
Mouse v9126,Lote tecnologico 9126,"226,98",6,Licencias
Mouse v9127,Lote tecnologico 9127,"602,8",91,Licencias
Laptop v9128,Lote tecnologico 9128,"507,58",139,Hardware
Teclado v9129,Lote tecnologico 9129,"1417,6",115,Licencias
Monitor v9130,Lote tecnologico 9130,"512,02",56,Licencias
Monitor v9131,Lote tecnologico 9131,"61,19",57,Servicios
Mouse v9132,Lote tecnologico 9132,"1195,78",50,Software
Mouse v9133,Lote tecnologico 9133,"1451,96",168,Software
RAM v9134,Lote tecnologico 9134,"567,21",168,Software
Mouse v9135,Lote tecnologico 9135,"718,61",153,Licencias
Monitor v9136,Lote tecnologico 9136,"93,88",106,Hardware
Mouse v9137,Lote tecnologico 9137,"438,41",71,Licencias
Laptop v9138,Lote tecnologico 9138,"770,39",156,Software
RAM v9139,Lote tecnologico 9139,"249,45",169,Servicios
Teclado v9140,Lote tecnologico 9140,"1138,29",126,Licencias
Mouse v9141,Lote tecnologico 9141,"73,31",83,Hardware
RAM v9142,Lote tecnologico 9142,"1354,52",72,Servicios
Monitor v9143,Lote tecnologico 9143,"527,92",156,Licencias
Laptop v9144,Lote tecnologico 9144,"319,97",56,Servicios
SSD v9145,Lote tecnologico 9145,"366,68",70,Licencias
Laptop v9146,Lote tecnologico 9146,"628,85",49,Hardware
RAM v9147,Lote tecnologico 9147,"227,3",110,Hardware
Monitor v9148,Lote tecnologico 9148,"1420,15",25,Licencias
Mouse v9149,Lote tecnologico 9149,"588,69",183,Licencias
RAM v9150,Lote tecnologico 9150,"391,03",92,Hardware
Mouse v9151,Lote tecnologico 9151,"257,05",60,Servicios
Laptop v9152,Lote tecnologico 9152,"619,13",137,Servicios
Teclado v9153,Lote tecnologico 9153,"772,41",41,Servicios
Teclado v9154,Lote tecnologico 9154,"1055,74",40,Servicios
Mouse v9155,Lote tecnologico 9155,"1471,36",51,Software
SSD v9156,Lote tecnologico 9156,"818,13",97,Software
Teclado v9157,Lote tecnologico 9157,"910,16",114,Software
Teclado v9158,Lote tecnologico 9158,"830,18",198,Licencias
Laptop v9159,Lote tecnologico 9159,"608,3",56,Licencias
Monitor v9160,Lote tecnologico 9160,"1424,68",103,Servicios
SSD v9161,Lote tecnologico 9161,"947,37",73,Hardware
RAM v9162,Lote tecnologico 9162,"1188,85",171,Software
Laptop v9163,Lote tecnologico 9163,"479,48",10,Software
SSD v9164,Lote tecnologico 9164,"160,62",183,Software
RAM v9165,Lote tecnologico 9165,"1010,31",0,Software
Laptop v9166,Lote tecnologico 9166,"666,17",190,Hardware
Mouse v9167,Lote tecnologico 9167,"1284,72",131,Software
RAM v9168,Lote tecnologico 9168,"1044,53",51,Hardware
Laptop v9169,Lote tecnologico 9169,"1286,76",191,Servicios
SSD v9170,Lote tecnologico 9170,"1216,99",184,Licencias
SSD v9171,Lote tecnologico 9171,"716,12",9,Licencias
Monitor v9172,Lote tecnologico 9172,"1172,59",48,Software
Mouse v9173,Lote tecnologico 9173,"321,26",21,Software
Monitor v9174,Lote tecnologico 9174,"321,67",10,Hardware
Monitor v9175,Lote tecnologico 9175,"1360,53",84,Servicios
Teclado v9176,Lote tecnologico 9176,"387,37",4,Servicios
Teclado v9177,Lote tecnologico 9177,"1403,39",18,Servicios
Monitor v9178,Lote tecnologico 9178,"1262,49",163,Hardware
Teclado v9179,Lote tecnologico 9179,"856,94",178,Licencias
Mouse v9180,Lote tecnologico 9180,"1373,47",12,Licencias
RAM v9181,Lote tecnologico 9181,"516,81",52,Licencias
Monitor v9182,Lote tecnologico 9182,"895,86",159,Software
SSD v9183,Lote tecnologico 9183,"569,47",38,Licencias
Monitor v9184,Lote tecnologico 9184,"1151,57",122,Hardware
Teclado v9185,Lote tecnologico 9185,"889,42",74,Software
Monitor v9186,Lote tecnologico 9186,"982,96",161,Software
Monitor v9187,Lote tecnologico 9187,"1029,36",6,Licencias
Monitor v9188,Lote tecnologico 9188,"1458,5",96,Licencias
Monitor v9189,Lote tecnologico 9189,"705,73",166,Servicios
RAM v9190,Lote tecnologico 9190,"453,54",111,Servicios
Mouse v9191,Lote tecnologico 9191,"331,04",49,Servicios
RAM v9192,Lote tecnologico 9192,"811,76",138,Servicios
RAM v9193,Lote tecnologico 9193,"1368,83",152,Servicios
Monitor v9194,Lote tecnologico 9194,"147,43",92,Hardware
SSD v9195,Lote tecnologico 9195,"955,11",120,Hardware
RAM v9196,Lote tecnologico 9196,"496,37",56,Licencias
RAM v9197,Lote tecnologico 9197,"170,82",26,Licencias
Teclado v9198,Lote tecnologico 9198,"126,89",18,Software
Monitor v9199,Lote tecnologico 9199,"931,58",104,Servicios
RAM v9200,Lote tecnologico 9200,"133,69",19,Servicios
Laptop v9201,Lote tecnologico 9201,"1020,23",108,Hardware
SSD v9202,Lote tecnologico 9202,"111,53",45,Software
Monitor v9203,Lote tecnologico 9203,"870,84",144,Servicios
Mouse v9204,Lote tecnologico 9204,"170,06",183,Hardware
SSD v9205,Lote tecnologico 9205,"504,67",8,Hardware
Teclado v9206,Lote tecnologico 9206,"1306,11",115,Servicios
Teclado v9207,Lote tecnologico 9207,"1487,64",122,Software
RAM v9208,Lote tecnologico 9208,"612,45",85,Servicios
RAM v9209,Lote tecnologico 9209,"470,56",164,Software
Teclado v9210,Lote tecnologico 9210,"1087,65",52,Servicios
RAM v9211,Lote tecnologico 9211,"1424,03",14,Servicios
Teclado v9212,Lote tecnologico 9212,"343,41",29,Servicios
Mouse v9213,Lote tecnologico 9213,"1104,2",111,Licencias
Monitor v9214,Lote tecnologico 9214,"798,03",25,Licencias
Teclado v9215,Lote tecnologico 9215,"585,17",9,Servicios
Teclado v9216,Lote tecnologico 9216,"969,55",71,Licencias
Monitor v9217,Lote tecnologico 9217,"1127,22",180,Hardware
Monitor v9218,Lote tecnologico 9218,"344,09",115,Hardware
Mouse v9219,Lote tecnologico 9219,"696,85",3,Hardware
SSD v9220,Lote tecnologico 9220,"95,34",153,Hardware
Mouse v9221,Lote tecnologico 9221,"504,42",26,Servicios
Teclado v9222,Lote tecnologico 9222,"1448,34",142,Licencias
Mouse v9223,Lote tecnologico 9223,"450,86",76,Licencias
SSD v9224,Lote tecnologico 9224,"362,78",20,Servicios
Monitor v9225,Lote tecnologico 9225,"1345,97",152,Hardware
RAM v9226,Lote tecnologico 9226,"686,12",40,Licencias
RAM v9227,Lote tecnologico 9227,"1339,42",110,Software
Monitor v9228,Lote tecnologico 9228,"657,07",88,Servicios
RAM v9229,Lote tecnologico 9229,"86,14",190,Servicios
RAM v9230,Lote tecnologico 9230,"830,24",47,Software
RAM v9231,Lote tecnologico 9231,"1386,84",50,Hardware
Laptop v9232,Lote tecnologico 9232,"107,8",137,Software
Mouse v9233,Lote tecnologico 9233,"687,56",131,Licencias
Teclado v9234,Lote tecnologico 9234,"1271,71",107,Licencias
Teclado v9235,Lote tecnologico 9235,"1211,03",86,Licencias
Teclado v9236,Lote tecnologico 9236,"1110,23",107,Software
Teclado v9237,Lote tecnologico 9237,"280,07",147,Hardware
Monitor v9238,Lote tecnologico 9238,"841,53",159,Hardware
SSD v9239,Lote tecnologico 9239,"99,64",195,Licencias
Monitor v9240,Lote tecnologico 9240,"308,72",129,Licencias
Laptop v9241,Lote tecnologico 9241,"588,87",57,Hardware
SSD v9242,Lote tecnologico 9242,"714,7",186,Hardware
RAM v9243,Lote tecnologico 9243,"1470,13",17,Hardware
Mouse v9244,Lote tecnologico 9244,"1089,18",1,Servicios
Teclado v9245,Lote tecnologico 9245,"909,82",70,Servicios
Laptop v9246,Lote tecnologico 9246,"529,69",5,Hardware
RAM v9247,Lote tecnologico 9247,"1315,25",110,Hardware
Teclado v9248,Lote tecnologico 9248,"782,63",10,Licencias
Mouse v9249,Lote tecnologico 9249,"873,85",108,Licencias
Laptop v9250,Lote tecnologico 9250,"557,17",4,Software
Teclado v9251,Lote tecnologico 9251,"495,77",123,Hardware
Monitor v9252,Lote tecnologico 9252,"1124,67",184,Servicios
Mouse v9253,Lote tecnologico 9253,"1140,49",13,Hardware
RAM v9254,Lote tecnologico 9254,"182,36",60,Servicios
SSD v9255,Lote tecnologico 9255,"1119,17",5,Hardware
Laptop v9256,Lote tecnologico 9256,"1178,59",86,Licencias
Mouse v9257,Lote tecnologico 9257,"665,43",77,Hardware
Mouse v9258,Lote tecnologico 9258,"146,09",80,Hardware
Laptop v9259,Lote tecnologico 9259,"1094,31",128,Hardware
SSD v9260,Lote tecnologico 9260,"1388,94",78,Software
Teclado v9261,Lote tecnologico 9261,"1286,05",118,Licencias
Laptop v9262,Lote tecnologico 9262,"1418,66",32,Licencias
Mouse v9263,Lote tecnologico 9263,"922,95",29,Software
SSD v9264,Lote tecnologico 9264,"1027,85",191,Licencias
Teclado v9265,Lote tecnologico 9265,"806,41",51,Hardware
SSD v9266,Lote tecnologico 9266,"1055,01",168,Hardware
Mouse v9267,Lote tecnologico 9267,"1187,72",120,Software
Laptop v9268,Lote tecnologico 9268,"952,99",54,Licencias
SSD v9269,Lote tecnologico 9269,"65,32",40,Licencias
RAM v9270,Lote tecnologico 9270,"1392,57",52,Servicios
Mouse v9271,Lote tecnologico 9271,"983,04",82,Servicios
Mouse v9272,Lote tecnologico 9272,"599,74",194,Software
SSD v9273,Lote tecnologico 9273,"1122,4",67,Licencias
SSD v9274,Lote tecnologico 9274,"1205,25",73,Licencias
RAM v9275,Lote tecnologico 9275,"375,88",4,Hardware
Laptop v9276,Lote tecnologico 9276,"880,17",0,Hardware
RAM v9277,Lote tecnologico 9277,"402,98",159,Software
Teclado v9278,Lote tecnologico 9278,"494,07",190,Servicios
Mouse v9279,Lote tecnologico 9279,"628,64",74,Software
RAM v9280,Lote tecnologico 9280,"1429,85",198,Licencias
RAM v9281,Lote tecnologico 9281,"103,43",25,Hardware
Laptop v9282,Lote tecnologico 9282,"802,85",10,Software
Mouse v9283,Lote tecnologico 9283,"877,27",99,Licencias
Mouse v9284,Lote tecnologico 9284,623,44,Servicios
Teclado v9285,Lote tecnologico 9285,"1202,34",184,Servicios
Laptop v9286,Lote tecnologico 9286,"690,87",44,Software
Teclado v9287,Lote tecnologico 9287,"318,82",194,Software
Monitor v9288,Lote tecnologico 9288,"529,22",157,Software
Teclado v9289,Lote tecnologico 9289,"1004,51",60,Licencias
SSD v9290,Lote tecnologico 9290,"59,67",101,Software
Teclado v9291,Lote tecnologico 9291,"1379,57",89,Licencias
SSD v9292,Lote tecnologico 9292,"1029,11",182,Software
Monitor v9293,Lote tecnologico 9293,"189,87",1,Software
Mouse v9294,Lote tecnologico 9294,"677,27",43,Software
Mouse v9295,Lote tecnologico 9295,"547,6",36,Software
Teclado v9296,Lote tecnologico 9296,"1346,78",51,Licencias
Mouse v9297,Lote tecnologico 9297,"1448,18",76,Licencias
Mouse v9298,Lote tecnologico 9298,"669,1",90,Software
RAM v9299,Lote tecnologico 9299,"873,76",164,Servicios
Mouse v9300,Lote tecnologico 9300,"1290,87",55,Licencias
Teclado v9301,Lote tecnologico 9301,"1269,14",65,Hardware
Monitor v9302,Lote tecnologico 9302,"1331,81",60,Licencias
Mouse v9303,Lote tecnologico 9303,"545,42",11,Servicios
Teclado v9304,Lote tecnologico 9304,"378,39",161,Licencias
RAM v9305,Lote tecnologico 9305,"836,17",20,Hardware
Mouse v9306,Lote tecnologico 9306,"739,55",16,Licencias
Monitor v9307,Lote tecnologico 9307,"852,7",78,Servicios
Teclado v9308,Lote tecnologico 9308,"935,56",144,Hardware
RAM v9309,Lote tecnologico 9309,"397,41",146,Servicios
RAM v9310,Lote tecnologico 9310,"1333,19",133,Software
RAM v9311,Lote tecnologico 9311,"1357,09",171,Hardware
Teclado v9312,Lote tecnologico 9312,"932,64",160,Software
Monitor v9313,Lote tecnologico 9313,"456,15",44,Software
RAM v9314,Lote tecnologico 9314,"212,3",28,Servicios
Monitor v9315,Lote tecnologico 9315,"1119,03",71,Hardware
Monitor v9316,Lote tecnologico 9316,"723,66",155,Hardware
Teclado v9317,Lote tecnologico 9317,"738,23",48,Servicios
Monitor v9318,Lote tecnologico 9318,"645,69",76,Licencias
Teclado v9319,Lote tecnologico 9319,"1103,69",174,Servicios
Mouse v9320,Lote tecnologico 9320,"1137,19",187,Hardware
SSD v9321,Lote tecnologico 9321,"410,47",54,Servicios
Laptop v9322,Lote tecnologico 9322,"690,58",157,Servicios
Mouse v9323,Lote tecnologico 9323,"302,47",177,Software
SSD v9324,Lote tecnologico 9324,"1424,12",195,Servicios
SSD v9325,Lote tecnologico 9325,"923,5",117,Hardware
Laptop v9326,Lote tecnologico 9326,"1256,53",48,Licencias
SSD v9327,Lote tecnologico 9327,"945,65",77,Hardware
SSD v9328,Lote tecnologico 9328,"550,28",136,Software
RAM v9329,Lote tecnologico 9329,"376,85",29,Hardware
Mouse v9330,Lote tecnologico 9330,"1265,42",104,Hardware
RAM v9331,Lote tecnologico 9331,"159,96",159,Licencias
Teclado v9332,Lote tecnologico 9332,"1399,77",45,Hardware
SSD v9333,Lote tecnologico 9333,"114,15",47,Servicios
Teclado v9334,Lote tecnologico 9334,"1362,73",19,Hardware
Monitor v9335,Lote tecnologico 9335,"263,67",42,Servicios
Mouse v9336,Lote tecnologico 9336,"1130,8",141,Hardware
RAM v9337,Lote tecnologico 9337,"407,01",125,Servicios
Laptop v9338,Lote tecnologico 9338,"745,08",3,Software
RAM v9339,Lote tecnologico 9339,"712,85",110,Licencias
RAM v9340,Lote tecnologico 9340,"499,12",140,Software
Mouse v9341,Lote tecnologico 9341,"567,68",11,Hardware
Monitor v9342,Lote tecnologico 9342,"603,59",146,Hardware
Teclado v9343,Lote tecnologico 9343,"72,65",17,Software
Teclado v9344,Lote tecnologico 9344,"1291,78",176,Licencias
Laptop v9345,Lote tecnologico 9345,"837,97",139,Licencias
Teclado v9346,Lote tecnologico 9346,"1424,74",12,Licencias
Teclado v9347,Lote tecnologico 9347,"738,96",161,Servicios
SSD v9348,Lote tecnologico 9348,"690,73",188,Hardware
SSD v9349,Lote tecnologico 9349,"511,07",165,Servicios
Monitor v9350,Lote tecnologico 9350,964,124,Hardware
Mouse v9351,Lote tecnologico 9351,"479,13",193,Licencias
SSD v9352,Lote tecnologico 9352,"1301,68",167,Servicios
RAM v9353,Lote tecnologico 9353,"623,54",72,Hardware
RAM v9354,Lote tecnologico 9354,"597,98",170,Servicios
Mouse v9355,Lote tecnologico 9355,"120,51",69,Software
Mouse v9356,Lote tecnologico 9356,"1038,88",25,Software
SSD v9357,Lote tecnologico 9357,"560,78",79,Hardware
Monitor v9358,Lote tecnologico 9358,"1094,69",72,Hardware
RAM v9359,Lote tecnologico 9359,"1254,69",136,Servicios
RAM v9360,Lote tecnologico 9360,"87,8",171,Hardware
SSD v9361,Lote tecnologico 9361,"309,16",88,Servicios
Teclado v9362,Lote tecnologico 9362,"1224,7",19,Software
Monitor v9363,Lote tecnologico 9363,"401,36",194,Hardware
Teclado v9364,Lote tecnologico 9364,"1452,94",24,Licencias
Mouse v9365,Lote tecnologico 9365,"510,09",36,Software
RAM v9366,Lote tecnologico 9366,"508,1",64,Licencias
Teclado v9367,Lote tecnologico 9367,"985,4",106,Licencias
RAM v9368,Lote tecnologico 9368,"1281,45",121,Software
Mouse v9369,Lote tecnologico 9369,"1191,5",96,Software
Mouse v9370,Lote tecnologico 9370,"156,13",183,Licencias
Laptop v9371,Lote tecnologico 9371,"554,52",59,Software
Laptop v9372,Lote tecnologico 9372,"1143,66",138,Licencias
Laptop v9373,Lote tecnologico 9373,"314,26",65,Licencias
Mouse v9374,Lote tecnologico 9374,"943,34",40,Software
SSD v9375,Lote tecnologico 9375,"386,83",128,Licencias
SSD v9376,Lote tecnologico 9376,"1337,49",166,Software
RAM v9377,Lote tecnologico 9377,"1285,2",101,Servicios
SSD v9378,Lote tecnologico 9378,"1172,76",86,Servicios
SSD v9379,Lote tecnologico 9379,"1088,84",197,Licencias
Teclado v9380,Lote tecnologico 9380,"1148,75",5,Licencias
Mouse v9381,Lote tecnologico 9381,"457,76",156,Software
Teclado v9382,Lote tecnologico 9382,"699,26",97,Licencias
Laptop v9383,Lote tecnologico 9383,"1123,44",3,Hardware
RAM v9384,Lote tecnologico 9384,"1215,54",55,Hardware
Monitor v9385,Lote tecnologico 9385,"838,2",78,Servicios
SSD v9386,Lote tecnologico 9386,"1133,04",124,Servicios
RAM v9387,Lote tecnologico 9387,"565,23",159,Hardware
Teclado v9388,Lote tecnologico 9388,"1074,66",172,Servicios
Mouse v9389,Lote tecnologico 9389,"758,47",165,Licencias
Mouse v9390,Lote tecnologico 9390,"895,73",27,Licencias
Teclado v9391,Lote tecnologico 9391,"531,79",195,Licencias
Teclado v9392,Lote tecnologico 9392,"547,59",56,Licencias
RAM v9393,Lote tecnologico 9393,"1438,76",125,Licencias
Teclado v9394,Lote tecnologico 9394,"233,21",90,Licencias
Laptop v9395,Lote tecnologico 9395,"571,87",109,Software
Laptop v9396,Lote tecnologico 9396,"714,14",11,Licencias
Monitor v9397,Lote tecnologico 9397,"1039,06",13,Licencias
RAM v9398,Lote tecnologico 9398,"320,16",3,Servicios
Monitor v9399,Lote tecnologico 9399,"1181,43",183,Licencias
RAM v9400,Lote tecnologico 9400,"521,04",14,Servicios
RAM v9401,Lote tecnologico 9401,"496,55",42,Software
SSD v9402,Lote tecnologico 9402,"621,04",125,Servicios
RAM v9403,Lote tecnologico 9403,"827,13",51,Software
SSD v9404,Lote tecnologico 9404,"232,05",111,Software
Mouse v9405,Lote tecnologico 9405,1360,23,Software
SSD v9406,Lote tecnologico 9406,"781,28",4,Software
Teclado v9407,Lote tecnologico 9407,"795,49",122,Servicios
Monitor v9408,Lote tecnologico 9408,"272,6",101,Hardware
Monitor v9409,Lote tecnologico 9409,"924,47",175,Software
SSD v9410,Lote tecnologico 9410,"1298,2",117,Software
Monitor v9411,Lote tecnologico 9411,"1051,69",147,Hardware
Monitor v9412,Lote tecnologico 9412,"1213,78",65,Hardware
Teclado v9413,Lote tecnologico 9413,"289,19",115,Hardware
Mouse v9414,Lote tecnologico 9414,"1129,76",101,Hardware
Teclado v9415,Lote tecnologico 9415,"1006,52",175,Servicios
Mouse v9416,Lote tecnologico 9416,"174,32",32,Hardware
RAM v9417,Lote tecnologico 9417,"1473,65",174,Hardware
Laptop v9418,Lote tecnologico 9418,"1218,98",186,Hardware
Mouse v9419,Lote tecnologico 9419,"1055,56",178,Servicios
RAM v9420,Lote tecnologico 9420,"1374,25",152,Hardware
SSD v9421,Lote tecnologico 9421,"1424,94",99,Hardware
Laptop v9422,Lote tecnologico 9422,"745,4",87,Servicios
Teclado v9423,Lote tecnologico 9423,"442,24",149,Licencias
Monitor v9424,Lote tecnologico 9424,"1477,38",126,Hardware
Teclado v9425,Lote tecnologico 9425,"868,45",29,Hardware
SSD v9426,Lote tecnologico 9426,"820,38",101,Hardware
RAM v9427,Lote tecnologico 9427,"489,69",152,Servicios
Laptop v9428,Lote tecnologico 9428,"832,26",73,Software
Monitor v9429,Lote tecnologico 9429,"546,95",117,Software
SSD v9430,Lote tecnologico 9430,"768,15",131,Software
RAM v9431,Lote tecnologico 9431,"1420,81",172,Software
SSD v9432,Lote tecnologico 9432,"1463,66",127,Licencias
RAM v9433,Lote tecnologico 9433,"936,34",180,Software
Laptop v9434,Lote tecnologico 9434,"638,75",146,Software
Teclado v9435,Lote tecnologico 9435,"1344,13",26,Licencias
Teclado v9436,Lote tecnologico 9436,"920,49",157,Servicios
RAM v9437,Lote tecnologico 9437,"117,34",133,Hardware
Laptop v9438,Lote tecnologico 9438,"1085,21",17,Software
Teclado v9439,Lote tecnologico 9439,"1423,95",100,Hardware
SSD v9440,Lote tecnologico 9440,"1466,97",75,Software
RAM v9441,Lote tecnologico 9441,"522,35",49,Licencias
RAM v9442,Lote tecnologico 9442,"517,93",152,Hardware
Teclado v9443,Lote tecnologico 9443,"1249,11",182,Licencias
Monitor v9444,Lote tecnologico 9444,"528,89",167,Software
Teclado v9445,Lote tecnologico 9445,"638,78",8,Hardware
RAM v9446,Lote tecnologico 9446,"969,11",56,Licencias
Laptop v9447,Lote tecnologico 9447,"1280,43",134,Hardware
Laptop v9448,Lote tecnologico 9448,"744,76",143,Servicios
SSD v9449,Lote tecnologico 9449,"825,37",22,Licencias
Mouse v9450,Lote tecnologico 9450,"1370,77",11,Licencias
SSD v9451,Lote tecnologico 9451,"429,07",198,Software
Teclado v9452,Lote tecnologico 9452,"1272,43",146,Hardware
Monitor v9453,Lote tecnologico 9453,"1169,69",79,Servicios
Monitor v9454,Lote tecnologico 9454,"1270,6",38,Servicios
Monitor v9455,Lote tecnologico 9455,"581,59",7,Servicios
Teclado v9456,Lote tecnologico 9456,"861,44",72,Software
Monitor v9457,Lote tecnologico 9457,"1026,46",74,Hardware
SSD v9458,Lote tecnologico 9458,"536,31",89,Hardware
RAM v9459,Lote tecnologico 9459,"1424,91",191,Software
Teclado v9460,Lote tecnologico 9460,406,174,Software
Laptop v9461,Lote tecnologico 9461,"886,33",14,Hardware
Mouse v9462,Lote tecnologico 9462,"337,07",165,Licencias
Teclado v9463,Lote tecnologico 9463,"1351,71",65,Hardware
Laptop v9464,Lote tecnologico 9464,"1310,85",64,Hardware
Teclado v9465,Lote tecnologico 9465,"190,69",54,Servicios
Laptop v9466,Lote tecnologico 9466,"1341,38",13,Licencias
Teclado v9467,Lote tecnologico 9467,"651,11",196,Hardware
Mouse v9468,Lote tecnologico 9468,"986,71",146,Licencias
RAM v9469,Lote tecnologico 9469,"96,91",81,Software
RAM v9470,Lote tecnologico 9470,"925,03",189,Software
Monitor v9471,Lote tecnologico 9471,"1345,21",65,Hardware
Mouse v9472,Lote tecnologico 9472,"486,66",111,Servicios
Mouse v9473,Lote tecnologico 9473,"706,41",95,Software
Teclado v9474,Lote tecnologico 9474,"437,5",103,Hardware
Laptop v9475,Lote tecnologico 9475,"971,71",9,Hardware
Laptop v9476,Lote tecnologico 9476,"1126,92",194,Servicios
Monitor v9477,Lote tecnologico 9477,"883,76",98,Licencias
Monitor v9478,Lote tecnologico 9478,"1303,11",46,Licencias
Monitor v9479,Lote tecnologico 9479,"114,67",20,Licencias
RAM v9480,Lote tecnologico 9480,"1182,33",192,Licencias
Monitor v9481,Lote tecnologico 9481,"144,61",13,Software
Monitor v9482,Lote tecnologico 9482,"727,53",187,Hardware
SSD v9483,Lote tecnologico 9483,"1425,75",66,Servicios
SSD v9484,Lote tecnologico 9484,"397,6",184,Servicios
Monitor v9485,Lote tecnologico 9485,"1217,14",1,Servicios
Teclado v9486,Lote tecnologico 9486,"809,28",10,Software
Teclado v9487,Lote tecnologico 9487,"297,45",71,Hardware
Teclado v9488,Lote tecnologico 9488,"137,32",112,Licencias
Teclado v9489,Lote tecnologico 9489,"1204,83",128,Servicios
Mouse v9490,Lote tecnologico 9490,"488,32",69,Software
RAM v9491,Lote tecnologico 9491,"388,56",99,Licencias
RAM v9492,Lote tecnologico 9492,"708,61",34,Servicios
Mouse v9493,Lote tecnologico 9493,"580,65",32,Servicios
Laptop v9494,Lote tecnologico 9494,"566,88",6,Licencias
RAM v9495,Lote tecnologico 9495,"1083,45",70,Software
Teclado v9496,Lote tecnologico 9496,"166,57",70,Hardware
Teclado v9497,Lote tecnologico 9497,"160,69",45,Licencias
Mouse v9498,Lote tecnologico 9498,"388,17",108,Servicios
RAM v9499,Lote tecnologico 9499,"317,85",86,Software
RAM v9500,Lote tecnologico 9500,"723,51",40,Hardware
SSD v9501,Lote tecnologico 9501,"1373,21",118,Hardware
SSD v9502,Lote tecnologico 9502,"1362,69",83,Software
SSD v9503,Lote tecnologico 9503,"794,74",17,Software
Laptop v9504,Lote tecnologico 9504,"1280,64",180,Hardware
Laptop v9505,Lote tecnologico 9505,"786,69",18,Servicios
Laptop v9506,Lote tecnologico 9506,"602,87",114,Servicios
RAM v9507,Lote tecnologico 9507,"1452,42",184,Licencias
Mouse v9508,Lote tecnologico 9508,"1042,14",188,Licencias
Laptop v9509,Lote tecnologico 9509,"847,55",97,Licencias
SSD v9510,Lote tecnologico 9510,"1421,52",172,Servicios
Laptop v9511,Lote tecnologico 9511,"1497,92",189,Licencias
Monitor v9512,Lote tecnologico 9512,"1045,8",120,Servicios
Monitor v9513,Lote tecnologico 9513,"1119,02",168,Software
RAM v9514,Lote tecnologico 9514,"155,56",88,Licencias
Mouse v9515,Lote tecnologico 9515,"58,02",109,Software
Mouse v9516,Lote tecnologico 9516,"305,11",155,Licencias
SSD v9517,Lote tecnologico 9517,"1329,92",49,Software
RAM v9518,Lote tecnologico 9518,"1040,89",133,Hardware
Monitor v9519,Lote tecnologico 9519,"938,24",95,Hardware
Monitor v9520,Lote tecnologico 9520,"128,6",170,Software
SSD v9521,Lote tecnologico 9521,"1183,31",184,Licencias
Mouse v9522,Lote tecnologico 9522,"1283,03",74,Hardware
Teclado v9523,Lote tecnologico 9523,"985,41",7,Software
SSD v9524,Lote tecnologico 9524,"1483,05",160,Servicios
Mouse v9525,Lote tecnologico 9525,"1477,26",190,Servicios
Mouse v9526,Lote tecnologico 9526,"321,83",147,Servicios
Teclado v9527,Lote tecnologico 9527,"225,23",155,Licencias
Laptop v9528,Lote tecnologico 9528,"746,65",163,Hardware
RAM v9529,Lote tecnologico 9529,"387,47",4,Software
Monitor v9530,Lote tecnologico 9530,"886,12",133,Software
Teclado v9531,Lote tecnologico 9531,"817,96",143,Software
Teclado v9532,Lote tecnologico 9532,"462,47",143,Hardware
Teclado v9533,Lote tecnologico 9533,"846,03",162,Hardware
SSD v9534,Lote tecnologico 9534,"629,34",121,Software
Mouse v9535,Lote tecnologico 9535,"192,01",112,Software
Laptop v9536,Lote tecnologico 9536,"219,52",37,Servicios
RAM v9537,Lote tecnologico 9537,"1375,23",164,Servicios
Mouse v9538,Lote tecnologico 9538,"439,83",149,Licencias
RAM v9539,Lote tecnologico 9539,"938,32",128,Software
SSD v9540,Lote tecnologico 9540,"595,36",14,Software
RAM v9541,Lote tecnologico 9541,"125,99",144,Hardware
Mouse v9542,Lote tecnologico 9542,"306,6",169,Hardware
Monitor v9543,Lote tecnologico 9543,"1133,78",136,Software
Laptop v9544,Lote tecnologico 9544,"865,04",32,Hardware
Mouse v9545,Lote tecnologico 9545,"952,3",22,Licencias
Laptop v9546,Lote tecnologico 9546,"1391,41",81,Licencias
Monitor v9547,Lote tecnologico 9547,"443,03",187,Servicios
Monitor v9548,Lote tecnologico 9548,"367,23",97,Software
SSD v9549,Lote tecnologico 9549,"1313,79",58,Servicios
Teclado v9550,Lote tecnologico 9550,"398,64",150,Hardware
Monitor v9551,Lote tecnologico 9551,"88,71",155,Licencias
RAM v9552,Lote tecnologico 9552,"595,37",34,Software
RAM v9553,Lote tecnologico 9553,"1059,68",118,Software
SSD v9554,Lote tecnologico 9554,"865,36",67,Licencias
Monitor v9555,Lote tecnologico 9555,"775,58",181,Hardware
SSD v9556,Lote tecnologico 9556,"1456,11",72,Servicios
Teclado v9557,Lote tecnologico 9557,"1354,17",138,Licencias
Teclado v9558,Lote tecnologico 9558,"577,33",80,Licencias
Laptop v9559,Lote tecnologico 9559,"110,67",75,Servicios
Teclado v9560,Lote tecnologico 9560,"301,02",153,Software
Monitor v9561,Lote tecnologico 9561,"431,53",160,Hardware
RAM v9562,Lote tecnologico 9562,"1155,75",97,Licencias
Monitor v9563,Lote tecnologico 9563,"1257,46",101,Software
Laptop v9564,Lote tecnologico 9564,"179,04",124,Licencias
Laptop v9565,Lote tecnologico 9565,"1371,35",19,Servicios
Laptop v9566,Lote tecnologico 9566,"627,7",60,Software
Monitor v9567,Lote tecnologico 9567,"224,48",146,Servicios
Laptop v9568,Lote tecnologico 9568,"541,37",185,Software
Teclado v9569,Lote tecnologico 9569,1198,21,Licencias
RAM v9570,Lote tecnologico 9570,"72,73",89,Hardware
Mouse v9571,Lote tecnologico 9571,"419,18",140,Software
SSD v9572,Lote tecnologico 9572,"1170,06",70,Software
Laptop v9573,Lote tecnologico 9573,"496,36",45,Software
SSD v9574,Lote tecnologico 9574,"335,12",197,Software
SSD v9575,Lote tecnologico 9575,"56,03",62,Hardware
RAM v9576,Lote tecnologico 9576,"394,98",83,Software
Mouse v9577,Lote tecnologico 9577,"829,73",113,Software
RAM v9578,Lote tecnologico 9578,"817,79",187,Hardware
SSD v9579,Lote tecnologico 9579,"529,42",199,Hardware
Monitor v9580,Lote tecnologico 9580,"760,98",177,Hardware
Teclado v9581,Lote tecnologico 9581,"838,74",17,Servicios
Teclado v9582,Lote tecnologico 9582,"598,5",4,Software
SSD v9583,Lote tecnologico 9583,"556,26",125,Hardware
RAM v9584,Lote tecnologico 9584,"837,47",145,Software
RAM v9585,Lote tecnologico 9585,"1123,5",149,Licencias
SSD v9586,Lote tecnologico 9586,"306,61",92,Licencias
Teclado v9587,Lote tecnologico 9587,"257,74",81,Hardware
Mouse v9588,Lote tecnologico 9588,"254,18",28,Licencias
RAM v9589,Lote tecnologico 9589,"549,96",65,Software
Teclado v9590,Lote tecnologico 9590,"1248,91",93,Servicios
SSD v9591,Lote tecnologico 9591,"699,92",88,Servicios
SSD v9592,Lote tecnologico 9592,"990,71",196,Software
Monitor v9593,Lote tecnologico 9593,"74,47",145,Servicios
Teclado v9594,Lote tecnologico 9594,"1348,46",45,Licencias
Monitor v9595,Lote tecnologico 9595,"67,04",189,Licencias
RAM v9596,Lote tecnologico 9596,"729,46",163,Servicios
Monitor v9597,Lote tecnologico 9597,"373,68",125,Software
SSD v9598,Lote tecnologico 9598,"111,8",120,Hardware
Teclado v9599,Lote tecnologico 9599,"1298,65",140,Servicios
Mouse v9600,Lote tecnologico 9600,"1363,05",149,Software
Mouse v9601,Lote tecnologico 9601,"838,44",59,Hardware
RAM v9602,Lote tecnologico 9602,"1127,82",136,Hardware
RAM v9603,Lote tecnologico 9603,"468,93",127,Licencias
Mouse v9604,Lote tecnologico 9604,"1497,35",121,Licencias
SSD v9605,Lote tecnologico 9605,"464,32",98,Servicios
SSD v9606,Lote tecnologico 9606,"271,61",18,Licencias
Teclado v9607,Lote tecnologico 9607,"771,57",23,Software
Mouse v9608,Lote tecnologico 9608,"1373,8",10,Software
RAM v9609,Lote tecnologico 9609,"904,8",34,Licencias
SSD v9610,Lote tecnologico 9610,"371,61",191,Hardware
Monitor v9611,Lote tecnologico 9611,"1361,02",93,Hardware
SSD v9612,Lote tecnologico 9612,"1196,46",105,Software
RAM v9613,Lote tecnologico 9613,"1384,15",48,Servicios
Teclado v9614,Lote tecnologico 9614,"778,23",85,Hardware
RAM v9615,Lote tecnologico 9615,"523,56",88,Servicios
Mouse v9616,Lote tecnologico 9616,"113,93",142,Servicios
SSD v9617,Lote tecnologico 9617,"548,75",49,Licencias
Teclado v9618,Lote tecnologico 9618,"1380,65",199,Licencias
SSD v9619,Lote tecnologico 9619,"431,92",186,Software
Monitor v9620,Lote tecnologico 9620,"1100,19",183,Hardware
Teclado v9621,Lote tecnologico 9621,"666,86",124,Licencias
Mouse v9622,Lote tecnologico 9622,"640,65",147,Licencias
Mouse v9623,Lote tecnologico 9623,"1002,4",4,Hardware
Teclado v9624,Lote tecnologico 9624,"895,01",96,Licencias
Mouse v9625,Lote tecnologico 9625,"709,37",71,Software
Monitor v9626,Lote tecnologico 9626,"1016,08",51,Licencias
RAM v9627,Lote tecnologico 9627,"1139,78",150,Hardware
Laptop v9628,Lote tecnologico 9628,"408,14",24,Software
Mouse v9629,Lote tecnologico 9629,"229,13",79,Servicios
Monitor v9630,Lote tecnologico 9630,"865,16",132,Licencias
Mouse v9631,Lote tecnologico 9631,"1052,63",71,Licencias
Teclado v9632,Lote tecnologico 9632,"88,79",26,Servicios
Monitor v9633,Lote tecnologico 9633,"489,52",88,Hardware
SSD v9634,Lote tecnologico 9634,"871,48",34,Licencias
Mouse v9635,Lote tecnologico 9635,"1161,25",25,Servicios
Teclado v9636,Lote tecnologico 9636,"1146,12",168,Hardware
SSD v9637,Lote tecnologico 9637,"313,16",17,Licencias
Teclado v9638,Lote tecnologico 9638,"746,29",144,Software
Teclado v9639,Lote tecnologico 9639,"651,69",82,Servicios
RAM v9640,Lote tecnologico 9640,"1194,86",44,Licencias
SSD v9641,Lote tecnologico 9641,"564,39",30,Licencias
Teclado v9642,Lote tecnologico 9642,"386,28",99,Hardware
RAM v9643,Lote tecnologico 9643,"1406,05",109,Servicios
SSD v9644,Lote tecnologico 9644,"1394,77",190,Hardware
Teclado v9645,Lote tecnologico 9645,"564,59",121,Hardware
Teclado v9646,Lote tecnologico 9646,"938,92",86,Hardware
Monitor v9647,Lote tecnologico 9647,"243,89",44,Servicios
Laptop v9648,Lote tecnologico 9648,"489,88",20,Hardware
Monitor v9649,Lote tecnologico 9649,"1184,41",109,Servicios
Teclado v9650,Lote tecnologico 9650,"698,08",26,Hardware
RAM v9651,Lote tecnologico 9651,"305,32",186,Licencias
Monitor v9652,Lote tecnologico 9652,"316,8",41,Hardware
RAM v9653,Lote tecnologico 9653,"324,52",108,Hardware
Mouse v9654,Lote tecnologico 9654,"1248,18",185,Software
RAM v9655,Lote tecnologico 9655,"120,65",135,Licencias
Mouse v9656,Lote tecnologico 9656,"556,51",109,Servicios
SSD v9657,Lote tecnologico 9657,"538,76",199,Software
Laptop v9658,Lote tecnologico 9658,"1319,65",183,Servicios
SSD v9659,Lote tecnologico 9659,"1228,19",175,Hardware
Laptop v9660,Lote tecnologico 9660,"110,51",77,Software
Monitor v9661,Lote tecnologico 9661,"829,2",100,Licencias
SSD v9662,Lote tecnologico 9662,"223,35",103,Licencias
Monitor v9663,Lote tecnologico 9663,"973,84",188,Servicios
Teclado v9664,Lote tecnologico 9664,"1201,56",90,Software
Monitor v9665,Lote tecnologico 9665,"250,36",148,Hardware
RAM v9666,Lote tecnologico 9666,"240,24",90,Servicios
Laptop v9667,Lote tecnologico 9667,"132,31",19,Licencias
Mouse v9668,Lote tecnologico 9668,"1163,94",181,Licencias
RAM v9669,Lote tecnologico 9669,"485,57",74,Licencias
Teclado v9670,Lote tecnologico 9670,"1018,87",59,Servicios
Teclado v9671,Lote tecnologico 9671,"526,08",186,Servicios
SSD v9672,Lote tecnologico 9672,"598,7",123,Hardware
RAM v9673,Lote tecnologico 9673,"370,09",120,Hardware
SSD v9674,Lote tecnologico 9674,"1257,48",55,Hardware
Monitor v9675,Lote tecnologico 9675,"890,79",129,Software
Teclado v9676,Lote tecnologico 9676,"568,3",63,Software
Mouse v9677,Lote tecnologico 9677,"893,1",163,Hardware
RAM v9678,Lote tecnologico 9678,"1419,77",73,Hardware
RAM v9679,Lote tecnologico 9679,"1109,02",152,Licencias
Teclado v9680,Lote tecnologico 9680,"223,74",140,Software
Teclado v9681,Lote tecnologico 9681,"250,44",47,Licencias
Mouse v9682,Lote tecnologico 9682,"574,99",55,Servicios
Laptop v9683,Lote tecnologico 9683,"1170,66",176,Servicios
SSD v9684,Lote tecnologico 9684,"276,46",18,Hardware
Mouse v9685,Lote tecnologico 9685,"1498,23",119,Licencias
Teclado v9686,Lote tecnologico 9686,"828,59",97,Software
Teclado v9687,Lote tecnologico 9687,"997,4",52,Servicios
Monitor v9688,Lote tecnologico 9688,"1477,34",165,Servicios
SSD v9689,Lote tecnologico 9689,"214,88",13,Licencias
Teclado v9690,Lote tecnologico 9690,"1425,04",135,Hardware
SSD v9691,Lote tecnologico 9691,"959,97",133,Servicios
Monitor v9692,Lote tecnologico 9692,"684,36",43,Servicios
Mouse v9693,Lote tecnologico 9693,"583,74",62,Licencias
Monitor v9694,Lote tecnologico 9694,"1043,93",107,Hardware
Laptop v9695,Lote tecnologico 9695,"621,1",103,Servicios
Mouse v9696,Lote tecnologico 9696,"1300,93",113,Licencias
Teclado v9697,Lote tecnologico 9697,"1364,07",94,Servicios
Mouse v9698,Lote tecnologico 9698,"1391,14",76,Servicios
Laptop v9699,Lote tecnologico 9699,"345,37",85,Hardware
Mouse v9700,Lote tecnologico 9700,"136,66",110,Licencias
SSD v9701,Lote tecnologico 9701,"558,87",143,Software
Teclado v9702,Lote tecnologico 9702,"656,35",71,Servicios
Laptop v9703,Lote tecnologico 9703,"393,49",142,Licencias
Teclado v9704,Lote tecnologico 9704,"1171,87",38,Software
Mouse v9705,Lote tecnologico 9705,"1181,47",192,Hardware
Laptop v9706,Lote tecnologico 9706,"593,03",124,Hardware
SSD v9707,Lote tecnologico 9707,"572,77",127,Hardware
Laptop v9708,Lote tecnologico 9708,"224,83",121,Servicios
Teclado v9709,Lote tecnologico 9709,"147,5",103,Servicios
Laptop v9710,Lote tecnologico 9710,"986,41",45,Licencias
Teclado v9711,Lote tecnologico 9711,"85,41",173,Servicios
Laptop v9712,Lote tecnologico 9712,"1456,76",188,Hardware
Monitor v9713,Lote tecnologico 9713,"237,63",166,Licencias
Mouse v9714,Lote tecnologico 9714,"1492,09",25,Servicios
Teclado v9715,Lote tecnologico 9715,"1235,38",196,Hardware
SSD v9716,Lote tecnologico 9716,"653,41",70,Software
Teclado v9717,Lote tecnologico 9717,"723,89",58,Hardware
Teclado v9718,Lote tecnologico 9718,"406,59",15,Licencias
Monitor v9719,Lote tecnologico 9719,"1221,11",148,Servicios
Mouse v9720,Lote tecnologico 9720,"1353,53",39,Hardware
Monitor v9721,Lote tecnologico 9721,"1479,52",136,Servicios
SSD v9722,Lote tecnologico 9722,"163,95",9,Servicios
Teclado v9723,Lote tecnologico 9723,"463,08",18,Servicios
Laptop v9724,Lote tecnologico 9724,"1014,18",30,Software
RAM v9725,Lote tecnologico 9725,"183,7",162,Licencias
Mouse v9726,Lote tecnologico 9726,"845,3",108,Software
Laptop v9727,Lote tecnologico 9727,"948,66",30,Hardware
SSD v9728,Lote tecnologico 9728,"312,15",13,Licencias
Teclado v9729,Lote tecnologico 9729,"1081,84",105,Licencias
Mouse v9730,Lote tecnologico 9730,"859,94",146,Servicios
Monitor v9731,Lote tecnologico 9731,"892,95",66,Hardware
SSD v9732,Lote tecnologico 9732,"783,16",137,Servicios
Teclado v9733,Lote tecnologico 9733,"134,81",138,Hardware
Mouse v9734,Lote tecnologico 9734,"782,61",67,Licencias
Mouse v9735,Lote tecnologico 9735,"187,52",32,Servicios
Mouse v9736,Lote tecnologico 9736,"585,5",149,Servicios
Mouse v9737,Lote tecnologico 9737,"970,53",100,Servicios
RAM v9738,Lote tecnologico 9738,"240,78",193,Software
Teclado v9739,Lote tecnologico 9739,"1034,53",22,Hardware
RAM v9740,Lote tecnologico 9740,"876,25",131,Servicios
Teclado v9741,Lote tecnologico 9741,"959,76",34,Servicios
Monitor v9742,Lote tecnologico 9742,"1283,29",146,Hardware
Mouse v9743,Lote tecnologico 9743,"96,38",118,Software
Monitor v9744,Lote tecnologico 9744,"1185,56",25,Software
RAM v9745,Lote tecnologico 9745,"1208,59",182,Servicios
SSD v9746,Lote tecnologico 9746,"480,85",72,Hardware
Laptop v9747,Lote tecnologico 9747,"604,76",72,Servicios
RAM v9748,Lote tecnologico 9748,"422,44",122,Hardware
Laptop v9749,Lote tecnologico 9749,"576,75",56,Hardware
Monitor v9750,Lote tecnologico 9750,"1067,09",173,Software
Mouse v9751,Lote tecnologico 9751,"596,24",190,Software
Monitor v9752,Lote tecnologico 9752,"948,4",49,Hardware
RAM v9753,Lote tecnologico 9753,"373,78",75,Hardware
Mouse v9754,Lote tecnologico 9754,"833,42",164,Servicios
Monitor v9755,Lote tecnologico 9755,"931,04",6,Servicios
RAM v9756,Lote tecnologico 9756,"913,39",100,Hardware
Mouse v9757,Lote tecnologico 9757,"1256,13",5,Software
Laptop v9758,Lote tecnologico 9758,"1413,66",31,Hardware
Mouse v9759,Lote tecnologico 9759,"1331,91",73,Servicios
Laptop v9760,Lote tecnologico 9760,"273,81",72,Servicios
Teclado v9761,Lote tecnologico 9761,"524,42",132,Software
Laptop v9762,Lote tecnologico 9762,"1386,54",17,Licencias
Monitor v9763,Lote tecnologico 9763,"98,99",35,Licencias
RAM v9764,Lote tecnologico 9764,"676,44",104,Licencias
Teclado v9765,Lote tecnologico 9765,"650,75",125,Licencias
Monitor v9766,Lote tecnologico 9766,"422,47",170,Software
RAM v9767,Lote tecnologico 9767,"665,5",9,Licencias
Mouse v9768,Lote tecnologico 9768,"678,27",169,Hardware
Laptop v9769,Lote tecnologico 9769,"1155,12",86,Licencias
Laptop v9770,Lote tecnologico 9770,"636,07",192,Hardware
Monitor v9771,Lote tecnologico 9771,"93,97",178,Licencias
Laptop v9772,Lote tecnologico 9772,"326,33",135,Software
Teclado v9773,Lote tecnologico 9773,971,192,Licencias
RAM v9774,Lote tecnologico 9774,"1493,16",175,Hardware
Laptop v9775,Lote tecnologico 9775,"1235,46",169,Servicios
SSD v9776,Lote tecnologico 9776,"252,03",74,Servicios
Monitor v9777,Lote tecnologico 9777,"1418,93",23,Hardware
Mouse v9778,Lote tecnologico 9778,"877,15",25,Servicios
Laptop v9779,Lote tecnologico 9779,"184,53",179,Software
Mouse v9780,Lote tecnologico 9780,"915,41",97,Licencias
Laptop v9781,Lote tecnologico 9781,"841,37",2,Hardware
Laptop v9782,Lote tecnologico 9782,"774,8",180,Hardware
Laptop v9783,Lote tecnologico 9783,"864,98",1,Licencias
Monitor v9784,Lote tecnologico 9784,"1122,07",175,Software
RAM v9785,Lote tecnologico 9785,"432,27",105,Servicios
Teclado v9786,Lote tecnologico 9786,"1127,76",179,Servicios
Monitor v9787,Lote tecnologico 9787,"346,67",86,Licencias
Monitor v9788,Lote tecnologico 9788,"320,32",33,Hardware
Mouse v9789,Lote tecnologico 9789,"624,53",195,Software
SSD v9790,Lote tecnologico 9790,"1080,89",196,Hardware
Laptop v9791,Lote tecnologico 9791,"1286,03",144,Licencias
Teclado v9792,Lote tecnologico 9792,"186,44",101,Servicios
Laptop v9793,Lote tecnologico 9793,"685,49",28,Software
Mouse v9794,Lote tecnologico 9794,"85,12",82,Hardware
SSD v9795,Lote tecnologico 9795,"725,86",132,Software
Mouse v9796,Lote tecnologico 9796,"570,39",172,Hardware
Mouse v9797,Lote tecnologico 9797,"1134,7",73,Software
Monitor v9798,Lote tecnologico 9798,"1141,37",179,Software
SSD v9799,Lote tecnologico 9799,"535,54",74,Software
SSD v9800,Lote tecnologico 9800,"703,45",145,Servicios
Teclado v9801,Lote tecnologico 9801,"962,65",10,Servicios
Laptop v9802,Lote tecnologico 9802,"1079,81",122,Hardware
SSD v9803,Lote tecnologico 9803,"358,09",114,Hardware
RAM v9804,Lote tecnologico 9804,"1086,52",118,Licencias
Laptop v9805,Lote tecnologico 9805,"759,37",125,Hardware
Mouse v9806,Lote tecnologico 9806,"1156,21",32,Hardware
Teclado v9807,Lote tecnologico 9807,"182,07",89,Servicios
Teclado v9808,Lote tecnologico 9808,"1262,35",196,Software
Monitor v9809,Lote tecnologico 9809,"532,02",91,Hardware
Laptop v9810,Lote tecnologico 9810,"107,7",107,Software
Mouse v9811,Lote tecnologico 9811,"337,97",30,Hardware
Teclado v9812,Lote tecnologico 9812,"940,77",16,Software
Mouse v9813,Lote tecnologico 9813,"470,18",22,Licencias
RAM v9814,Lote tecnologico 9814,"1390,04",69,Hardware
SSD v9815,Lote tecnologico 9815,"1420,15",177,Software
Laptop v9816,Lote tecnologico 9816,"662,74",99,Hardware
Mouse v9817,Lote tecnologico 9817,"1025,04",156,Servicios
Teclado v9818,Lote tecnologico 9818,"1314,44",82,Hardware
Teclado v9819,Lote tecnologico 9819,"995,16",123,Hardware
Mouse v9820,Lote tecnologico 9820,"757,31",9,Hardware
Teclado v9821,Lote tecnologico 9821,"305,37",60,Hardware
RAM v9822,Lote tecnologico 9822,"1098,84",103,Hardware
Mouse v9823,Lote tecnologico 9823,"461,99",175,Licencias
SSD v9824,Lote tecnologico 9824,"375,47",68,Software
Mouse v9825,Lote tecnologico 9825,"475,51",10,Hardware
RAM v9826,Lote tecnologico 9826,"65,55",20,Servicios
RAM v9827,Lote tecnologico 9827,"183,17",138,Licencias
Mouse v9828,Lote tecnologico 9828,"1378,63",136,Hardware
Monitor v9829,Lote tecnologico 9829,"1204,53",184,Hardware
Mouse v9830,Lote tecnologico 9830,"142,2",123,Licencias
Laptop v9831,Lote tecnologico 9831,"108,2",138,Software
SSD v9832,Lote tecnologico 9832,"415,69",17,Servicios
RAM v9833,Lote tecnologico 9833,"973,13",122,Servicios
Teclado v9834,Lote tecnologico 9834,"146,93",9,Licencias
Laptop v9835,Lote tecnologico 9835,"1196,9",183,Hardware
Teclado v9836,Lote tecnologico 9836,"482,68",27,Software
SSD v9837,Lote tecnologico 9837,"939,26",34,Hardware
Mouse v9838,Lote tecnologico 9838,"983,86",13,Hardware
Monitor v9839,Lote tecnologico 9839,"1062,37",188,Licencias
SSD v9840,Lote tecnologico 9840,"800,3",71,Servicios
Teclado v9841,Lote tecnologico 9841,"673,35",66,Licencias
Laptop v9842,Lote tecnologico 9842,"679,88",38,Software
Laptop v9843,Lote tecnologico 9843,"309,71",111,Servicios
RAM v9844,Lote tecnologico 9844,"770,29",49,Servicios
Laptop v9845,Lote tecnologico 9845,"1027,45",195,Servicios
RAM v9846,Lote tecnologico 9846,"1115,83",169,Software
Laptop v9847,Lote tecnologico 9847,"1394,06",29,Hardware
Laptop v9848,Lote tecnologico 9848,"413,84",135,Hardware
Laptop v9849,Lote tecnologico 9849,"234,77",121,Software
RAM v9850,Lote tecnologico 9850,"873,82",85,Servicios
Teclado v9851,Lote tecnologico 9851,"828,65",4,Software
RAM v9852,Lote tecnologico 9852,"1058,68",55,Hardware
RAM v9853,Lote tecnologico 9853,"527,47",139,Software
Teclado v9854,Lote tecnologico 9854,"493,88",183,Software
Laptop v9855,Lote tecnologico 9855,"460,38",196,Hardware
Monitor v9856,Lote tecnologico 9856,"670,88",163,Licencias
Teclado v9857,Lote tecnologico 9857,"996,21",149,Licencias
Teclado v9858,Lote tecnologico 9858,"723,28",151,Licencias
SSD v9859,Lote tecnologico 9859,"653,42",181,Software
Mouse v9860,Lote tecnologico 9860,"1476,77",152,Licencias
SSD v9861,Lote tecnologico 9861,"1053,19",194,Hardware
Mouse v9862,Lote tecnologico 9862,"1231,77",118,Software
Mouse v9863,Lote tecnologico 9863,"496,69",178,Software
Teclado v9864,Lote tecnologico 9864,"1299,01",13,Licencias
Teclado v9865,Lote tecnologico 9865,"752,89",108,Licencias
SSD v9866,Lote tecnologico 9866,"173,67",42,Licencias
SSD v9867,Lote tecnologico 9867,"811,59",181,Servicios
RAM v9868,Lote tecnologico 9868,"1042,55",154,Hardware
SSD v9869,Lote tecnologico 9869,"460,42",32,Hardware
Teclado v9870,Lote tecnologico 9870,"485,98",101,Hardware
SSD v9871,Lote tecnologico 9871,"685,12",10,Licencias
Monitor v9872,Lote tecnologico 9872,"1329,78",84,Licencias
SSD v9873,Lote tecnologico 9873,"61,53",90,Hardware
Mouse v9874,Lote tecnologico 9874,"373,57",21,Hardware
Teclado v9875,Lote tecnologico 9875,"793,18",99,Hardware
Teclado v9876,Lote tecnologico 9876,"1133,75",99,Licencias
SSD v9877,Lote tecnologico 9877,"895,98",12,Servicios
Mouse v9878,Lote tecnologico 9878,"188,99",87,Servicios
Mouse v9879,Lote tecnologico 9879,"198,39",7,Hardware
Monitor v9880,Lote tecnologico 9880,"1251,86",89,Software
Mouse v9881,Lote tecnologico 9881,"1474,87",107,Licencias
Teclado v9882,Lote tecnologico 9882,"592,36",171,Licencias
Teclado v9883,Lote tecnologico 9883,"1338,59",173,Licencias
Monitor v9884,Lote tecnologico 9884,"1347,59",190,Software
SSD v9885,Lote tecnologico 9885,"745,09",162,Servicios
RAM v9886,Lote tecnologico 9886,"450,77",105,Software
RAM v9887,Lote tecnologico 9887,"452,91",57,Servicios
SSD v9888,Lote tecnologico 9888,"1349,23",188,Servicios
RAM v9889,Lote tecnologico 9889,"709,13",15,Hardware
Monitor v9890,Lote tecnologico 9890,"417,97",37,Licencias
RAM v9891,Lote tecnologico 9891,"87,06",93,Licencias
Laptop v9892,Lote tecnologico 9892,"531,79",74,Hardware
Mouse v9893,Lote tecnologico 9893,"1125,98",94,Software
RAM v9894,Lote tecnologico 9894,"1184,91",45,Licencias
Mouse v9895,Lote tecnologico 9895,"727,03",161,Software
Mouse v9896,Lote tecnologico 9896,"336,21",66,Software
SSD v9897,Lote tecnologico 9897,"1058,98",42,Servicios
Mouse v9898,Lote tecnologico 9898,"833,6",96,Hardware
RAM v9899,Lote tecnologico 9899,"1011,87",2,Hardware
Laptop v9900,Lote tecnologico 9900,"1102,9",25,Hardware
Teclado v9901,Lote tecnologico 9901,"1048,23",189,Servicios
SSD v9902,Lote tecnologico 9902,"1316,22",77,Licencias
RAM v9903,Lote tecnologico 9903,"736,18",53,Servicios
Monitor v9904,Lote tecnologico 9904,"1440,11",65,Software
SSD v9905,Lote tecnologico 9905,"97,09",86,Licencias
Laptop v9906,Lote tecnologico 9906,"464,84",153,Software
Mouse v9907,Lote tecnologico 9907,"541,2",164,Hardware
Monitor v9908,Lote tecnologico 9908,"207,76",198,Licencias
Mouse v9909,Lote tecnologico 9909,"814,72",172,Servicios
SSD v9910,Lote tecnologico 9910,"1110,7",170,Software
Teclado v9911,Lote tecnologico 9911,"529,11",89,Hardware
Laptop v9912,Lote tecnologico 9912,"1085,91",65,Servicios
Monitor v9913,Lote tecnologico 9913,"473,38",40,Software
Mouse v9914,Lote tecnologico 9914,"1008,57",104,Servicios
Laptop v9915,Lote tecnologico 9915,"773,98",5,Servicios
Laptop v9916,Lote tecnologico 9916,"1204,62",91,Hardware
Teclado v9917,Lote tecnologico 9917,"749,52",35,Servicios
SSD v9918,Lote tecnologico 9918,"272,56",35,Hardware
Monitor v9919,Lote tecnologico 9919,"1242,99",73,Software
Mouse v9920,Lote tecnologico 9920,"1104,76",152,Servicios
Teclado v9921,Lote tecnologico 9921,"1097,25",132,Software
Monitor v9922,Lote tecnologico 9922,"940,22",168,Hardware
Mouse v9923,Lote tecnologico 9923,"216,86",0,Licencias
Teclado v9924,Lote tecnologico 9924,"1005,88",63,Software
Teclado v9925,Lote tecnologico 9925,"518,08",139,Servicios
Teclado v9926,Lote tecnologico 9926,"606,8",142,Software
Laptop v9927,Lote tecnologico 9927,"882,23",126,Software
SSD v9928,Lote tecnologico 9928,"430,68",149,Licencias
Laptop v9929,Lote tecnologico 9929,"579,33",140,Software
Mouse v9930,Lote tecnologico 9930,1119,87,Servicios
SSD v9931,Lote tecnologico 9931,"327,98",11,Software
Monitor v9932,Lote tecnologico 9932,"652,37",81,Licencias
RAM v9933,Lote tecnologico 9933,"1066,77",37,Licencias
RAM v9934,Lote tecnologico 9934,"1184,89",188,Software
Teclado v9935,Lote tecnologico 9935,"233,69",33,Servicios
Monitor v9936,Lote tecnologico 9936,"1160,64",65,Licencias
SSD v9937,Lote tecnologico 9937,"1430,96",100,Hardware
SSD v9938,Lote tecnologico 9938,"1057,34",101,Licencias
SSD v9939,Lote tecnologico 9939,"427,16",32,Licencias
Teclado v9940,Lote tecnologico 9940,"821,12",37,Hardware
SSD v9941,Lote tecnologico 9941,"247,81",152,Hardware
Monitor v9942,Lote tecnologico 9942,"384,54",120,Servicios
Teclado v9943,Lote tecnologico 9943,"216,36",175,Servicios
Mouse v9944,Lote tecnologico 9944,"769,01",47,Hardware
Monitor v9945,Lote tecnologico 9945,309,77,Servicios
Monitor v9946,Lote tecnologico 9946,"159,22",89,Hardware
Mouse v9947,Lote tecnologico 9947,"1284,42",94,Hardware
Mouse v9948,Lote tecnologico 9948,"1345,01",20,Servicios
SSD v9949,Lote tecnologico 9949,"619,75",12,Hardware
Laptop v9950,Lote tecnologico 9950,"918,64",175,Hardware
Laptop v9951,Lote tecnologico 9951,"865,29",178,Hardware
Monitor v9952,Lote tecnologico 9952,"1122,51",155,Licencias
SSD v9953,Lote tecnologico 9953,"1285,7",118,Licencias
Teclado v9954,Lote tecnologico 9954,"324,69",103,Licencias
Teclado v9955,Lote tecnologico 9955,"1260,02",197,Servicios
SSD v9956,Lote tecnologico 9956,"363,63",46,Licencias
Laptop v9957,Lote tecnologico 9957,"438,45",197,Servicios
RAM v9958,Lote tecnologico 9958,"1306,27",106,Software
SSD v9959,Lote tecnologico 9959,"265,25",39,Hardware
SSD v9960,Lote tecnologico 9960,"244,69",121,Hardware
Monitor v9961,Lote tecnologico 9961,"822,23",104,Servicios
SSD v9962,Lote tecnologico 9962,"1064,35",93,Servicios
Monitor v9963,Lote tecnologico 9963,"1074,09",92,Servicios
Laptop v9964,Lote tecnologico 9964,"1271,02",88,Licencias
SSD v9965,Lote tecnologico 9965,"809,55",158,Licencias
RAM v9966,Lote tecnologico 9966,1171,19,Servicios
RAM v9967,Lote tecnologico 9967,"131,74",190,Software
Laptop v9968,Lote tecnologico 9968,"1227,44",11,Software
Teclado v9969,Lote tecnologico 9969,"399,23",57,Servicios
Monitor v9970,Lote tecnologico 9970,"759,2",102,Licencias
RAM v9971,Lote tecnologico 9971,"420,27",76,Software
SSD v9972,Lote tecnologico 9972,"964,87",21,Servicios
SSD v9973,Lote tecnologico 9973,"391,4",57,Hardware
Monitor v9974,Lote tecnologico 9974,"439,97",2,Hardware
Laptop v9975,Lote tecnologico 9975,"1258,17",123,Software
RAM v9976,Lote tecnologico 9976,"1009,78",105,Hardware
Laptop v9977,Lote tecnologico 9977,"542,65",55,Software
Mouse v9978,Lote tecnologico 9978,"592,15",42,Hardware
Teclado v9979,Lote tecnologico 9979,"690,45",3,Hardware
Mouse v9980,Lote tecnologico 9980,"85,46",167,Hardware
Teclado v9981,Lote tecnologico 9981,"1150,01",49,Servicios
Monitor v9982,Lote tecnologico 9982,"701,37",86,Servicios
SSD v9983,Lote tecnologico 9983,"864,63",64,Servicios
Teclado v9984,Lote tecnologico 9984,"1064,1",193,Hardware
Teclado v9985,Lote tecnologico 9985,"106,5",34,Software
Laptop v9986,Lote tecnologico 9986,"751,44",61,Software
RAM v9987,Lote tecnologico 9987,"1183,2",185,Servicios
Teclado v9988,Lote tecnologico 9988,"808,93",187,Servicios
RAM v9989,Lote tecnologico 9989,"819,45",74,Licencias
SSD v9990,Lote tecnologico 9990,"1172,06",107,Hardware
Mouse v9991,Lote tecnologico 9991,"1144,11",61,Software
SSD v9992,Lote tecnologico 9992,"1080,66",40,Licencias
Monitor v9993,Lote tecnologico 9993,"121,97",60,Software
RAM v9994,Lote tecnologico 9994,"52,85",163,Licencias
SSD v9995,Lote tecnologico 9995,"900,59",11,Hardware
Laptop v9996,Lote tecnologico 9996,"539,61",51,Hardware
Mouse v9997,Lote tecnologico 9997,"1162,21",17,Software
Mouse v9998,Lote tecnologico 9998,"59,09",7,Licencias
Monitor v9999,Lote tecnologico 9999,"605,21",142,Servicios