Nombre;Correo
Lucia Martinez 1;lucia.martinez1@techhub.com
Carlos Perez 2;carlos.perez2@techhub.com
Elena Gomez 3;elena.gomez3@techhub.com
David Gomez 4;david.gomez4@techhub.com
Ana Martinez 5;ana.martinez5@techhub.com
Ana Lopez 6;ana.lopez6@techhub.com
Juan Martinez 7;juan.martinez7@techhub.com
Pedro Martinez 8;pedro.martinez8@techhub.com
Ana Martinez 9;ana.martinez9@techhub.com
Lucia Rodriguez 10;lucia.rodriguez10@techhub.com
Elena Fernandez 11;elena.fernandez11@techhub.com
Carlos Fernandez 12;carlos.fernandez12@techhub.com
Luis Martinez 13;luis.martinez13@techhub.com
Elena Lopez 14;elena.lopez14@techhub.com
Pedro Gomez 15;pedro.gomez15@techhub.com
Sofia Fernandez 16;sofia.fernandez16@techhub.com
Carlos Gimenez 17;carlos.gimenez17@techhub.com
Pedro Fernandez 18;pedro.fernandez18@techhub.com
Juan Rodriguez 19;juan.rodriguez19@techhub.com
Pedro Perez 20;pedro.perez20@techhub.com
Sofia Gimenez 21;sofia.gimenez21@techhub.com
Carlos Perez 22;carlos.perez22@techhub.com
Sofia Gomez 23;sofia.gomez23@techhub.com
Pedro Rodriguez 24;pedro.rodriguez24@techhub.com
Carlos Perez 25;carlos.perez25@techhub.com
Luis Perez 26;luis.perez26@techhub.com
Carlos Fernandez 27;carlos.fernandez27@techhub.com
Carlos Gimenez 28;carlos.gimenez28@techhub.com
David Gomez 29;david.gomez29@techhub.com
Maria Gimenez 30;maria.gimenez30@techhub.com
Lucia Fernandez 31;lucia.fernandez31@techhub.com
Maria Gomez 32;maria.gomez32@techhub.com
Ana Gomez 33;ana.gomez33@techhub.com
Sofia Perez 34;sofia.perez34@techhub.com
Ana Rodriguez 35;ana.rodriguez35@techhub.com
Carlos Perez 36;carlos.perez36@techhub.com
David Diaz 37;david.diaz37@techhub.com
David Martinez 38;david.martinez38@techhub.com
Luis Perez 39;luis.perez39@techhub.com
Elena Gimenez 40;elena.gimenez40@techhub.com
Lucia Gimenez 41;lucia.gimenez41@techhub.com
Luis Rodriguez 42;luis.rodriguez42@techhub.com
Pedro Rodriguez 43;pedro.rodriguez43@techhub.com
Maria Perez 44;maria.perez44@techhub.com
David Gimenez 45;david.gimenez45@techhub.com
Sofia Perez 46;sofia.perez46@techhub.com
Elena Rodriguez 47;elena.rodriguez47@techhub.com
Maria Diaz 48;maria.diaz48@techhub.com
Ana Lopez 49;ana.lopez49@techhub.com
Ana Gimenez 50;ana.gimenez50@techhub.com
Lucia Fernandez 51;lucia.fernandez51@techhub.com
Carlos Lopez 52;carlos.lopez52@techhub.com
Lucia Rodriguez 53;lucia.rodriguez53@techhub.com
Pedro Lopez 54;pedro.lopez54@techhub.com
Carlos Perez 55;carlos.perez55@techhub.com
Pedro Lopez 56;pedro.lopez56@techhub.com
Sofia Martinez 57;sofia.martinez57@techhub.com
Sofia Gimenez 58;sofia.gimenez58@techhub.com
Carlos Gimenez 59;carlos.gimenez59@techhub.com
Lucia Fernandez 60;lucia.fernandez60@techhub.com
Elena Martinez 61;elena.martinez61@techhub.com
Juan Gimenez 62;juan.gimenez62@techhub.com
Carlos Fernandez 63;carlos.fernandez63@techhub.com
Pedro Martinez 64;pedro.martinez64@techhub.com
Elena Gomez 65;elena.gomez65@techhub.com
Elena Gimenez 66;elena.gimenez66@techhub.com
Ana Rodriguez 67;ana.rodriguez67@techhub.com
Lucia Gimenez 68;lucia.gimenez68@techhub.com
Carlos Lopez 69;carlos.lopez69@techhub.com
Juan Martinez 70;juan.martinez70@techhub.com
Maria Martinez 71;maria.martinez71@techhub.com
Maria Rodriguez 72;maria.rodriguez72@techhub.com
Maria Fernandez 73;maria.fernandez73@techhub.com
Elena Martinez 74;elena.martinez74@techhub.com
Luis Perez 75;luis.perez75@techhub.com
David Gimenez 76;david.gimenez76@techhub.com
Ana Fernandez 77;ana.fernandez77@techhub.com
Maria Lopez 78;maria.lopez78@techhub.com
Pedro Fernandez 79;pedro.fernandez79@techhub.com
Luis Diaz 80;luis.diaz80@techhub.com
Lucia Gomez 81;lucia.gomez81@techhub.com
Maria Fernandez 82;maria.fernandez82@techhub.com
Pedro Perez 83;pedro.perez83@techhub.com
Carlos Lopez 84;carlos.lopez84@techhub.com
Juan Fernandez 85;juan.fernandez85@techhub.com
Elena Fernandez 86;elena.fernandez86@techhub.com
Luis Gimenez 87;luis.gimenez87@techhub.com
Ana Martinez 88;ana.martinez88@techhub.com
Carlos Gimenez 89;carlos.gimenez89@techhub.com
Sofia Fernandez 90;sofia.fernandez90@techhub.com
Sofia Perez 91;sofia.perez91@techhub.com
Elena Rodriguez 92;elena.rodriguez92@techhub.com
Sofia Gimenez 93;sofia.gimenez93@techhub.com
Lucia Lopez 94;lucia.lopez94@techhub.com
Maria Perez 95;maria.perez95@techhub.com
Luis Gomez 96;luis.gomez96@techhub.com
Carlos Perez 97;carlos.perez97@techhub.com
Lucia Perez 98;lucia.perez98@techhub.com
Maria Rodriguez 99;maria.rodriguez99@techhub.com
Luis Perez 100;luis.perez100@techhub.com
Carlos Diaz 101;carlos.diaz101@techhub.com
David Lopez 102;david.lopez102@techhub.com
Pedro Fernandez 103;pedro.fernandez103@techhub.com
Elena Rodriguez 104;elena.rodriguez104@techhub.com
Luis Fernandez 105;luis.fernandez105@techhub.com
Sofia Gimenez 106;sofia.gimenez106@techhub.com
Maria Gomez 107;maria.gomez107@techhub.com
Elena Fernandez 108;elena.fernandez108@techhub.com
Juan Perez 109;juan.perez109@techhub.com
David Rodriguez 110;david.rodriguez110@techhub.com
Luis Perez 111;luis.perez111@techhub.com
Carlos Fernandez 112;carlos.fernandez112@techhub.com
Pedro Gomez 113;pedro.gomez113@techhub.com
Ana Rodriguez 114;ana.rodriguez114@techhub.com
Juan Martinez 115;juan.martinez115@techhub.com
David Fernandez 116;david.fernandez116@techhub.com
Lucia Rodriguez 117;lucia.rodriguez117@techhub.com
David Fernandez 118;david.fernandez118@techhub.com
Pedro Gomez 119;pedro.gomez119@techhub.com
David Diaz 120;david.diaz120@techhub.com
Carlos Fernandez 121;carlos.fernandez121@techhub.com
Carlos Gomez 122;carlos.gomez122@techhub.com
Lucia Martinez 123;lucia.martinez123@techhub.com
Elena Martinez 124;elena.martinez124@techhub.com
Sofia Gomez 125;sofia.gomez125@techhub.com
Carlos Fernandez 126;carlos.fernandez126@techhub.com
Lucia Diaz 127;lucia.diaz127@techhub.com
Pedro Rodriguez 128;pedro.rodriguez128@techhub.com
Pedro Diaz 129;pedro.diaz129@techhub.com
Carlos Diaz 130;carlos.diaz130@techhub.com
Sofia Fernandez 131;sofia.fernandez131@techhub.com
Pedro Lopez 132;pedro.lopez132@techhub.com
David Rodriguez 133;david.rodriguez133@techhub.com
Juan Martinez 134;juan.martinez134@techhub.com
Ana Martinez 135;ana.martinez135@techhub.com
David Gimenez 136;david.gimenez136@techhub.com
Ana Fernandez 137;ana.fernandez137@techhub.com
Juan Rodriguez 138;juan.rodriguez138@techhub.com
David Diaz 139;david.diaz139@techhub.com
David Perez 140;david.perez140@techhub.com
Elena Gimenez 141;elena.gimenez141@techhub.com
Lucia Lopez 142;lucia.lopez142@techhub.com
David Gimenez 143;david.gimenez143@techhub.com
Juan Lopez 144;juan.lopez144@techhub.com
Pedro Rodriguez 145;pedro.rodriguez145@techhub.com
Maria Gimenez 146;maria.gimenez146@techhub.com
Pedro Diaz 147;pedro.diaz147@techhub.com
Maria Rodriguez 148;maria.rodriguez148@techhub.com
David Gimenez 149;david.gimenez149@techhub.com
Luis Diaz 150;luis.diaz150@techhub.com
David Fernandez 151;david.fernandez151@techhub.com
Carlos Diaz 152;carlos.diaz152@techhub.com
Carlos Perez 153;carlos.perez153@techhub.com
Carlos Gimenez 154;carlos.gimenez154@techhub.com
Lucia Gimenez 155;lucia.gimenez155@techhub.com
Ana Martinez 156;ana.martinez156@techhub.com
Ana Fernandez 157;ana.fernandez157@techhub.com
Luis Diaz 158;luis.diaz158@techhub.com
Juan Rodriguez 159;juan.rodriguez159@techhub.com
David Rodriguez 160;david.rodriguez160@techhub.com
Maria Martinez 161;maria.martinez161@techhub.com
Sofia Gomez 162;sofia.gomez162@techhub.com
Carlos Gomez 163;carlos.gomez163@techhub.com
Pedro Gomez 164;pedro.gomez164@techhub.com
Elena Lopez 165;elena.lopez165@techhub.com
Lucia Perez 166;lucia.perez166@techhub.com
Sofia Perez 167;sofia.perez167@techhub.com
Luis Perez 168;luis.perez168@techhub.com
Maria Rodriguez 169;maria.rodriguez169@techhub.com
Juan Lopez 170;juan.lopez170@techhub.com
David Martinez 171;david.martinez171@techhub.com
Carlos Gomez 172;carlos.gomez172@techhub.com
Juan Perez 173;juan.perez173@techhub.com
Ana Diaz 174;ana.diaz174@techhub.com
Pedro Gomez 175;pedro.gomez175@techhub.com
Pedro Lopez 176;pedro.lopez176@techhub.com
Maria Fernandez 177;maria.fernandez177@techhub.com
Sofia Rodriguez 178;sofia.rodriguez178@techhub.com
Lucia Martinez 179;lucia.martinez179@techhub.com
Maria Perez 180;maria.perez180@techhub.com
Elena Lopez 181;elena.lopez181@techhub.com
Luis Gimenez 182;luis.gimenez182@techhub.com
Ana Lopez 183;ana.lopez183@techhub.com
Carlos Rodriguez 184;carlos.rodriguez184@techhub.com
Elena Gimenez 185;elena.gimenez185@techhub.com
David Diaz 186;david.diaz186@techhub.com
Sofia Fernandez 187;sofia.fernandez187@techhub.com
Ana Fernandez 188;ana.fernandez188@techhub.com
Lucia Martinez 189;lucia.martinez189@techhub.com
Maria Perez 190;maria.perez190@techhub.com
Pedro Rodriguez 191;pedro.rodriguez191@techhub.com
Maria Martinez 192;maria.martinez192@techhub.com
Pedro Lopez 193;pedro.lopez193@techhub.com
Elena Gomez 194;elena.gomez194@techhub.com
Juan Diaz 195;juan.diaz195@techhub.com
Elena Rodriguez 196;elena.rodriguez196@techhub.com
Maria Fernandez 197;maria.fernandez197@techhub.com
Lucia Lopez 198;lucia.lopez198@techhub.com
Lucia Gimenez 199;lucia.gimenez199@techhub.com
Sofia Perez 200;sofia.perez200@techhub.com
David Rodriguez 201;david.rodriguez201@techhub.com
Juan Rodriguez 202;juan.rodriguez202@techhub.com
Lucia Gimenez 203;lucia.gimenez203@techhub.com
Pedro Perez 204;pedro.perez204@techhub.com
Pedro Fernandez 205;pedro.fernandez205@techhub.com
Sofia Rodriguez 206;sofia.rodriguez206@techhub.com
Elena Lopez 207;elena.lopez207@techhub.com
Luis Diaz 208;luis.diaz208@techhub.com
Juan Lopez 209;juan.lopez209@techhub.com
Lucia Perez 210;lucia.perez210@techhub.com
Sofia Perez 211;sofia.perez211@techhub.com
Ana Gimenez 212;ana.gimenez212@techhub.com
David Martinez 213;david.martinez213@techhub.com
Ana Gomez 214;ana.gomez214@techhub.com
Luis Fernandez 215;luis.fernandez215@techhub.com
Carlos Lopez 216;carlos.lopez216@techhub.com
Luis Perez 217;luis.perez217@techhub.com
Elena Rodriguez 218;elena.rodriguez218@techhub.com
Pedro Gomez 219;pedro.gomez219@techhub.com
Carlos Fernandez 220;carlos.fernandez220@techhub.com
Juan Gomez 221;juan.gomez221@techhub.com
Ana Diaz 222;ana.diaz222@techhub.com
Maria Perez 223;maria.perez223@techhub.com
Carlos Gomez 224;carlos.gomez224@techhub.com
Luis Fernandez 225;luis.fernandez225@techhub.com
Elena Perez 226;elena.perez226@techhub.com
Pedro Rodriguez 227;pedro.rodriguez227@techhub.com
Luis Gimenez 228;luis.gimenez228@techhub.com
Lucia Diaz 229;lucia.diaz229@techhub.com
David Gimenez 230;david.gimenez230@techhub.com
Sofia Diaz 231;sofia.diaz231@techhub.com
Juan Diaz 232;juan.diaz232@techhub.com
Elena Perez 233;elena.perez233@techhub.com
Ana Lopez 234;ana.lopez234@techhub.com
Elena Fernandez 235;elena.fernandez235@techhub.com
Carlos Perez 236;carlos.perez236@techhub.com
Maria Diaz 237;maria.diaz237@techhub.com
Pedro Rodriguez 238;pedro.rodriguez238@techhub.com
David Gimenez 239;david.gimenez239@techhub.com
Luis Lopez 240;luis.lopez240@techhub.com
Maria Gimenez 241;maria.gimenez241@techhub.com
Juan Gimenez 242;juan.gimenez242@techhub.com
David Lopez 243;david.lopez243@techhub.com
Sofia Gomez 244;sofia.gomez244@techhub.com
Maria Gomez 245;maria.gomez245@techhub.com
Sofia Gomez 246;sofia.gomez246@techhub.com
David Martinez 247;david.martinez247@techhub.com
Luis Lopez 248;luis.lopez248@techhub.com
Pedro Gimenez 249;pedro.gimenez249@techhub.com
Lucia Rodriguez 250;lucia.rodriguez250@techhub.com
Carlos Gomez 251;carlos.gomez251@techhub.com
Sofia Lopez 252;sofia.lopez252@techhub.com
Carlos Gomez 253;carlos.gomez253@techhub.com
Carlos Rodriguez 254;carlos.rodriguez254@techhub.com
Maria Fernandez 255;maria.fernandez255@techhub.com
Lucia Perez 256;lucia.perez256@techhub.com
Juan Fernandez 257;juan.fernandez257@techhub.com
Carlos Diaz 258;carlos.diaz258@techhub.com
Sofia Perez 259;sofia.perez259@techhub.com
Elena Gomez 260;elena.gomez260@techhub.com
Carlos Fernandez 261;carlos.fernandez261@techhub.com
Luis Gimenez 262;luis.gimenez262@techhub.com
Juan Rodriguez 263;juan.rodriguez263@techhub.com
Pedro Rodriguez 264;pedro.rodriguez264@techhub.com
Carlos Rodriguez 265;carlos.rodriguez265@techhub.com
Ana Gimenez 266;ana.gimenez266@techhub.com
Sofia Gimenez 267;sofia.gimenez267@techhub.com
Elena Lopez 268;elena.lopez268@techhub.com
Juan Lopez 269;juan.lopez269@techhub.com
Carlos Diaz 270;carlos.diaz270@techhub.com
Sofia Gimenez 271;sofia.gimenez271@techhub.com
Sofia Perez 272;sofia.perez272@techhub.com
Lucia Diaz 273;lucia.diaz273@techhub.com
Ana Gomez 274;ana.gomez274@techhub.com
Ana Fernandez 275;ana.fernandez275@techhub.com
Elena Lopez 276;elena.lopez276@techhub.com
Luis Perez 277;luis.perez277@techhub.com
Maria Diaz 278;maria.diaz278@techhub.com
Maria Perez 279;maria.perez279@techhub.com
Carlos Gimenez 280;carlos.gimenez280@techhub.com
Maria Gimenez 281;maria.gimenez281@techhub.com
Carlos Lopez 282;carlos.lopez282@techhub.com
Pedro Perez 283;pedro.perez283@techhub.com
Juan Gomez 284;juan.gomez284@techhub.com
David Fernandez 285;david.fernandez285@techhub.com
Lucia Rodriguez 286;lucia.rodriguez286@techhub.com
Maria Diaz 287;maria.diaz287@techhub.com
Sofia Fernandez 288;sofia.fernandez288@techhub.com
Ana Perez 289;ana.perez289@techhub.com
Sofia Diaz 290;sofia.diaz290@techhub.com
Elena Rodriguez 291;elena.rodriguez291@techhub.com
David Perez 292;david.perez292@techhub.com
Pedro Lopez 293;pedro.lopez293@techhub.com
Juan Martinez 294;juan.martinez294@techhub.com
Elena Gomez 295;elena.gomez295@techhub.com
Sofia Perez 296;sofia.perez296@techhub.com
Sofia Gimenez 297;sofia.gimenez297@techhub.com
Carlos Fernandez 298;carlos.fernandez298@techhub.com
David Perez 299;david.perez299@techhub.com
Carlos Diaz 300;carlos.diaz300@techhub.com
Carlos Fernandez 301;carlos.fernandez301@techhub.com
Ana Perez 302;ana.perez302@techhub.com
Luis Diaz 303;luis.diaz303@techhub.com
Ana Gimenez 304;ana.gimenez304@techhub.com
Lucia Gimenez 305;lucia.gimenez305@techhub.com
Lucia Gomez 306;lucia.gomez306@techhub.com
Sofia Rodriguez 307;sofia.rodriguez307@techhub.com
Elena Martinez 308;elena.martinez308@techhub.com
Luis Gimenez 309;luis.gimenez309@techhub.com
David Rodriguez 310;david.rodriguez310@techhub.com
Lucia Martinez 311;lucia.martinez311@techhub.com
Maria Martinez 312;maria.martinez312@techhub.com
Elena Lopez 313;elena.lopez313@techhub.com
David Martinez 314;david.martinez314@techhub.com
Maria Fernandez 315;maria.fernandez315@techhub.com
Lucia Lopez 316;lucia.lopez316@techhub.com
Maria Perez 317;maria.perez317@techhub.com
Ana Gomez 318;ana.gomez318@techhub.com
Elena Rodriguez 319;elena.rodriguez319@techhub.com
Luis Fernandez 320;luis.fernandez320@techhub.com
Juan Lopez 321;juan.lopez321@techhub.com
Carlos Gimenez 322;carlos.gimenez322@techhub.com
Carlos Gimenez 323;carlos.gimenez323@techhub.com
David Rodriguez 324;david.rodriguez324@techhub.com
Ana Fernandez 325;ana.fernandez325@techhub.com
Juan Rodriguez 326;juan.rodriguez326@techhub.com
Sofia Rodriguez 327;sofia.rodriguez327@techhub.com
Lucia Fernandez 328;lucia.fernandez328@techhub.com
David Lopez 329;david.lopez329@techhub.com
Juan Diaz 330;juan.diaz330@techhub.com
David Diaz 331;david.diaz331@techhub.com
Luis Gomez 332;luis.gomez332@techhub.com
Sofia Rodriguez 333;sofia.rodriguez333@techhub.com
Juan Gimenez 334;juan.gimenez334@techhub.com
Juan Gimenez 335;juan.gimenez335@techhub.com
Lucia Diaz 336;lucia.diaz336@techhub.com
Juan Perez 337;juan.perez337@techhub.com
Maria Perez 338;maria.perez338@techhub.com
Juan Gomez 339;juan.gomez339@techhub.com
David Lopez 340;david.lopez340@techhub.com
Juan Gomez 341;juan.gomez341@techhub.com
Lucia Martinez 342;lucia.martinez342@techhub.com
Maria Martinez 343;maria.martinez343@techhub.com
Sofia Gimenez 344;sofia.gimenez344@techhub.com
David Fernandez 345;david.fernandez345@techhub.com
Sofia Lopez 346;sofia.lopez346@techhub.com
Luis Fernandez 347;luis.fernandez347@techhub.com
David Lopez 348;david.lopez348@techhub.com
Lucia Gomez 349;lucia.gomez349@techhub.com
Maria Gimenez 350;maria.gimenez350@techhub.com
Elena Martinez 351;elena.martinez351@techhub.com
Luis Fernandez 352;luis.fernandez352@techhub.com
Sofia Gomez 353;sofia.gomez353@techhub.com
Lucia Perez 354;lucia.perez354@techhub.com
Ana Lopez 355;ana.lopez355@techhub.com
Juan Perez 356;juan.perez356@techhub.com
Maria Gimenez 357;maria.gimenez357@techhub.com
Luis Gomez 358;luis.gomez358@techhub.com
Pedro Gomez 359;pedro.gomez359@techhub.com
Carlos Fernandez 360;carlos.fernandez360@techhub.com
Sofia Perez 361;sofia.perez361@techhub.com
Luis Lopez 362;luis.lopez362@techhub.com
Pedro Gimenez 363;pedro.gimenez363@techhub.com
Pedro Fernandez 364;pedro.fernandez364@techhub.com
Luis Gimenez 365;luis.gimenez365@techhub.com
Luis Gimenez 366;luis.gimenez366@techhub.com
Ana Rodriguez 367;ana.rodriguez367@techhub.com
Luis Rodriguez 368;luis.rodriguez368@techhub.com
David Diaz 369;david.diaz369@techhub.com
Ana Fernandez 370;ana.fernandez370@techhub.com
David Perez 371;david.perez371@techhub.com
Ana Rodriguez 372;ana.rodriguez372@techhub.com
Juan Perez 373;juan.perez373@techhub.com
Sofia Lopez 374;sofia.lopez374@techhub.com
Ana Lopez 375;ana.lopez375@techhub.com
Sofia Rodriguez 376;sofia.rodriguez376@techhub.com
Elena Martinez 377;elena.martinez377@techhub.com
Ana Diaz 378;ana.diaz378@techhub.com
Juan Gomez 379;juan.gomez379@techhub.com
Sofia Fernandez 380;sofia.fernandez380@techhub.com
Elena Gomez 381;elena.gomez381@techhub.com
Elena Gomez 382;elena.gomez382@techhub.com
Lucia Lopez 383;lucia.lopez383@techhub.com
David Rodriguez 384;david.rodriguez384@techhub.com
Luis Lopez 385;luis.lopez385@techhub.com
Ana Martinez 386;ana.martinez386@techhub.com
Ana Fernandez 387;ana.fernandez387@techhub.com
Lucia Perez 388;lucia.perez388@techhub.com
David Diaz 389;david.diaz389@techhub.com
Maria Perez 390;maria.perez390@techhub.com
Pedro Perez 391;pedro.perez391@techhub.com
Pedro Martinez 392;pedro.martinez392@techhub.com
Carlos Perez 393;carlos.perez393@techhub.com
David Gomez 394;david.gomez394@techhub.com
Luis Diaz 395;luis.diaz395@techhub.com
David Rodriguez 396;david.rodriguez396@techhub.com
Sofia Diaz 397;sofia.diaz397@techhub.com
Pedro Gomez 398;pedro.gomez398@techhub.com
Ana Fernandez 399;ana.fernandez399@techhub.com
Lucia Lopez 400;lucia.lopez400@techhub.com
Maria Gimenez 401;maria.gimenez401@techhub.com
Ana Gimenez 402;ana.gimenez402@techhub.com
Luis Gimenez 403;luis.gimenez403@techhub.com
Maria Gomez 404;maria.gomez404@techhub.com
Pedro Lopez 405;pedro.lopez405@techhub.com
Juan Gomez 406;juan.gomez406@techhub.com
Ana Lopez 407;ana.lopez407@techhub.com
Ana Fernandez 408;ana.fernandez408@techhub.com
Luis Gimenez 409;luis.gimenez409@techhub.com
Juan Martinez 410;juan.martinez410@techhub.com
Carlos Lopez 411;carlos.lopez411@techhub.com
Ana Rodriguez 412;ana.rodriguez412@techhub.com
Ana Rodriguez 413;ana.rodriguez413@techhub.com
Luis Lopez 414;luis.lopez414@techhub.com
Pedro Martinez 415;pedro.martinez415@techhub.com
Elena Martinez 416;elena.martinez416@techhub.com
Carlos Diaz 417;carlos.diaz417@techhub.com
Juan Rodriguez 418;juan.rodriguez418@techhub.com
David Martinez 419;david.martinez419@techhub.com
Luis Perez 420;luis.perez420@techhub.com
Ana Gomez 421;ana.gomez421@techhub.com
Pedro Fernandez 422;pedro.fernandez422@techhub.com
Elena Gimenez 423;elena.gimenez423@techhub.com
Carlos Martinez 424;carlos.martinez424@techhub.com
Luis Fernandez 425;luis.fernandez425@techhub.com
Pedro Rodriguez 426;pedro.rodriguez426@techhub.com
Sofia Gimenez 427;sofia.gimenez427@techhub.com
Juan Martinez 428;juan.martinez428@techhub.com
Juan Martinez 429;juan.martinez429@techhub.com
Pedro Gomez 430;pedro.gomez430@techhub.com
David Gomez 431;david.gomez431@techhub.com
Maria Fernandez 432;maria.fernandez432@techhub.com
Sofia Gomez 433;sofia.gomez433@techhub.com
Ana Fernandez 434;ana.fernandez434@techhub.com
Pedro Lopez 435;pedro.lopez435@techhub.com
Lucia Lopez 436;lucia.lopez436@techhub.com
Ana Diaz 437;ana.diaz437@techhub.com
Ana Gomez 438;ana.gomez438@techhub.com
David Diaz 439;david.diaz439@techhub.com
Luis Diaz 440;luis.diaz440@techhub.com
Lucia Diaz 441;lucia.diaz441@techhub.com
Luis Perez 442;luis.perez442@techhub.com
Sofia Martinez 443;sofia.martinez443@techhub.com
Sofia Fernandez 444;sofia.fernandez444@techhub.com
Maria Diaz 445;maria.diaz445@techhub.com
Maria Diaz 446;maria.diaz446@techhub.com
Luis Rodriguez 447;luis.rodriguez447@techhub.com
Sofia Diaz 448;sofia.diaz448@techhub.com
Maria Gomez 449;maria.gomez449@techhub.com
Ana Perez 450;ana.perez450@techhub.com
Pedro Perez 451;pedro.perez451@techhub.com
Carlos Gomez 452;carlos.gomez452@techhub.com
Juan Perez 453;juan.perez453@techhub.com
Elena Lopez 454;elena.lopez454@techhub.com
Elena Gimenez 455;elena.gimenez455@techhub.com
Juan Gimenez 456;juan.gimenez456@techhub.com
Sofia Rodriguez 457;sofia.rodriguez457@techhub.com
Luis Diaz 458;luis.diaz458@techhub.com
Elena Gomez 459;elena.gomez459@techhub.com
Elena Diaz 460;elena.diaz460@techhub.com
Sofia Martinez 461;sofia.martinez461@techhub.com
Sofia Diaz 462;sofia.diaz462@techhub.com
Carlos Fernandez 463;carlos.fernandez463@techhub.com
Sofia Gimenez 464;sofia.gimenez464@techhub.com
Maria Gomez 465;maria.gomez465@techhub.com
Pedro Lopez 466;pedro.lopez466@techhub.com
David Lopez 467;david.lopez467@techhub.com
Carlos Martinez 468;carlos.martinez468@techhub.com
Carlos Rodriguez 469;carlos.rodriguez469@techhub.com
Sofia Perez 470;sofia.perez470@techhub.com
Lucia Lopez 471;lucia.lopez471@techhub.com
Lucia Perez 472;lucia.perez472@techhub.com
Juan Fernandez 473;juan.fernandez473@techhub.com
Lucia Rodriguez 474;lucia.rodriguez474@techhub.com
Lucia Rodriguez 475;lucia.rodriguez475@techhub.com
Pedro Diaz 476;pedro.diaz476@techhub.com
Ana Gomez 477;ana.gomez477@techhub.com
Juan Martinez 478;juan.martinez478@techhub.com
Lucia Perez 479;lucia.perez479@techhub.com
Lucia Fernandez 480;lucia.fernandez480@techhub.com
Lucia Gimenez 481;lucia.gimenez481@techhub.com
Elena Lopez 482;elena.lopez482@techhub.com
Carlos Lopez 483;carlos.lopez483@techhub.com
Sofia Martinez 484;sofia.martinez484@techhub.com
Sofia Perez 485;sofia.perez485@techhub.com
David Diaz 486;david.diaz486@techhub.com
Luis Martinez 487;luis.martinez487@techhub.com
Ana Gomez 488;ana.gomez488@techhub.com
Carlos Gimenez 489;carlos.gimenez489@techhub.com
Sofia Rodriguez 490;sofia.rodriguez490@techhub.com
Juan Rodriguez 491;juan.rodriguez491@techhub.com
Maria Perez 492;maria.perez492@techhub.com
Sofia Martinez 493;sofia.martinez493@techhub.com
Sofia Rodriguez 494;sofia.rodriguez494@techhub.com
Elena Perez 495;elena.perez495@techhub.com
Pedro Fernandez 496;pedro.fernandez496@techhub.com
Lucia Fernandez 497;lucia.fernandez497@techhub.com
Carlos Gimenez 498;carlos.gimenez498@techhub.com
Ana Perez 499;ana.perez499@techhub.com
Maria Gomez 500;maria.gomez500@techhub.com
Pedro Gomez 501;pedro.gomez501@techhub.com
David Fernandez 502;david.fernandez502@techhub.com
Sofia Fernandez 503;sofia.fernandez503@techhub.com
David Lopez 504;david.lopez504@techhub.com
David Gimenez 505;david.gimenez505@techhub.com
Carlos Diaz 506;carlos.diaz506@techhub.com
Carlos Lopez 507;carlos.lopez507@techhub.com
Carlos Gimenez 508;carlos.gimenez508@techhub.com
Carlos Gomez 509;carlos.gomez509@techhub.com
Luis Gimenez 510;luis.gimenez510@techhub.com
Maria Fernandez 511;maria.fernandez511@techhub.com
Carlos Gomez 512;carlos.gomez512@techhub.com
Carlos Martinez 513;carlos.martinez513@techhub.com
Elena Perez 514;elena.perez514@techhub.com
Sofia Perez 515;sofia.perez515@techhub.com
Pedro Perez 516;pedro.perez516@techhub.com
Lucia Gimenez 517;lucia.gimenez517@techhub.com
David Perez 518;david.perez518@techhub.com
Lucia Rodriguez 519;lucia.rodriguez519@techhub.com
Carlos Gimenez 520;carlos.gimenez520@techhub.com
Luis Lopez 521;luis.lopez521@techhub.com
Elena Gomez 522;elena.gomez522@techhub.com
Maria Martinez 523;maria.martinez523@techhub.com
Carlos Gomez 524;carlos.gomez524@techhub.com
Maria Rodriguez 525;maria.rodriguez525@techhub.com
Maria Rodriguez 526;maria.rodriguez526@techhub.com
Luis Rodriguez 527;luis.rodriguez527@techhub.com
Pedro Perez 528;pedro.perez528@techhub.com
Juan Fernandez 529;juan.fernandez529@techhub.com
Ana Gomez 530;ana.gomez530@techhub.com
Juan Rodriguez 531;juan.rodriguez531@techhub.com
Maria Lopez 532;maria.lopez532@techhub.com
Pedro Martinez 533;pedro.martinez533@techhub.com
Pedro Perez 534;pedro.perez534@techhub.com
Lucia Martinez 535;lucia.martinez535@techhub.com
Carlos Gimenez 536;carlos.gimenez536@techhub.com
Maria Gimenez 537;maria.gimenez537@techhub.com
Maria Gimenez 538;maria.gimenez538@techhub.com
Ana Lopez 539;ana.lopez539@techhub.com
Luis Martinez 540;luis.martinez540@techhub.com
Ana Martinez 541;ana.martinez541@techhub.com
Sofia Lopez 542;sofia.lopez542@techhub.com
Luis Fernandez 543;luis.fernandez543@techhub.com
Luis Rodriguez 544;luis.rodriguez544@techhub.com
Elena Gomez 545;elena.gomez545@techhub.com
Sofia Diaz 546;sofia.diaz546@techhub.com
Pedro Fernandez 547;pedro.fernandez547@techhub.com
Pedro Martinez 548;pedro.martinez548@techhub.com
Juan Diaz 549;juan.diaz549@techhub.com
Elena Rodriguez 550;elena.rodriguez550@techhub.com
Pedro Gomez 551;pedro.gomez551@techhub.com
Juan Gimenez 552;juan.gimenez552@techhub.com
Juan Fernandez 553;juan.fernandez553@techhub.com
Lucia Diaz 554;lucia.diaz554@techhub.com
Luis Martinez 555;luis.martinez555@techhub.com
Sofia Martinez 556;sofia.martinez556@techhub.com
Maria Lopez 557;maria.lopez557@techhub.com
David Gimenez 558;david.gimenez558@techhub.com
Maria Martinez 559;maria.martinez559@techhub.com
Maria Lopez 560;maria.lopez560@techhub.com
Ana Diaz 561;ana.diaz561@techhub.com
Maria Gomez 562;maria.gomez562@techhub.com
Carlos Diaz 563;carlos.diaz563@techhub.com
Ana Gomez 564;ana.gomez564@techhub.com
Sofia Martinez 565;sofia.martinez565@techhub.com
Sofia Perez 566;sofia.perez566@techhub.com
Ana Fernandez 567;ana.fernandez567@techhub.com
Ana Rodriguez 568;ana.rodriguez568@techhub.com
Carlos Gomez 569;carlos.gomez569@techhub.com
Juan Rodriguez 570;juan.rodriguez570@techhub.com
Maria Fernandez 571;maria.fernandez571@techhub.com
Juan Martinez 572;juan.martinez572@techhub.com
Pedro Martinez 573;pedro.martinez573@techhub.com
Pedro Martinez 574;pedro.martinez574@techhub.com
Sofia Diaz 575;sofia.diaz575@techhub.com
Elena Lopez 576;elena.lopez576@techhub.com
Luis Rodriguez 577;luis.rodriguez577@techhub.com
Pedro Martinez 578;pedro.martinez578@techhub.com
Ana Martinez 579;ana.martinez579@techhub.com
Carlos Gimenez 580;carlos.gimenez580@techhub.com
Lucia Perez 581;lucia.perez581@techhub.com
Maria Perez 582;maria.perez582@techhub.com
Carlos Fernandez 583;carlos.fernandez583@techhub.com
Maria Perez 584;maria.perez584@techhub.com
Luis Gimenez 585;luis.gimenez585@techhub.com
Maria Rodriguez 586;maria.rodriguez586@techhub.com
Carlos Martinez 587;carlos.martinez587@techhub.com
Lucia Gomez 588;lucia.gomez588@techhub.com
Ana Rodriguez 589;ana.rodriguez589@techhub.com
David Gomez 590;david.gomez590@techhub.com
Juan Fernandez 591;juan.fernandez591@techhub.com
Luis Rodriguez 592;luis.rodriguez592@techhub.com
Elena Gomez 593;elena.gomez593@techhub.com
Ana Lopez 594;ana.lopez594@techhub.com
Elena Gomez 595;elena.gomez595@techhub.com
Pedro Rodriguez 596;pedro.rodriguez596@techhub.com
Luis Martinez 597;luis.martinez597@techhub.com
David Fernandez 598;david.fernandez598@techhub.com
Sofia Perez 599;sofia.perez599@techhub.com
Elena Gomez 600;elena.gomez600@techhub.com
Sofia Fernandez 601;sofia.fernandez601@techhub.com
Sofia Perez 602;sofia.perez602@techhub.com
Maria Lopez 603;maria.lopez603@techhub.com
Juan Lopez 604;juan.lopez604@techhub.com
Sofia Perez 605;sofia.perez605@techhub.com
Elena Perez 606;elena.perez606@techhub.com
Lucia Diaz 607;lucia.diaz607@techhub.com
Juan Gomez 608;juan.gomez608@techhub.com
Pedro Gomez 609;pedro.gomez609@techhub.com
Maria Gomez 610;maria.gomez610@techhub.com
David Rodriguez 611;david.rodriguez611@techhub.com
Carlos Gimenez 612;carlos.gimenez612@techhub.com
David Gimenez 613;david.gimenez613@techhub.com
Pedro Perez 614;pedro.perez614@techhub.com
Lucia Fernandez 615;lucia.fernandez615@techhub.com
Pedro Perez 616;pedro.perez616@techhub.com
Juan Diaz 617;juan.diaz617@techhub.com
Juan Perez 618;juan.perez618@techhub.com
Pedro Diaz 619;pedro.diaz619@techhub.com
Lucia Fernandez 620;lucia.fernandez620@techhub.com
Lucia Martinez 621;lucia.martinez621@techhub.com
Juan Lopez 622;juan.lopez622@techhub.com
David Gomez 623;david.gomez623@techhub.com
Elena Lopez 624;elena.lopez624@techhub.com
Lucia Diaz 625;lucia.diaz625@techhub.com
Ana Gimenez 626;ana.gimenez626@techhub.com
Maria Perez 627;maria.perez627@techhub.com
Luis Gomez 628;luis.gomez628@techhub.com
Sofia Lopez 629;sofia.lopez629@techhub.com
Maria Perez 630;maria.perez630@techhub.com
Elena Gomez 631;elena.gomez631@techhub.com
Luis Diaz 632;luis.diaz632@techhub.com
Elena Fernandez 633;elena.fernandez633@techhub.com
Maria Rodriguez 634;maria.rodriguez634@techhub.com
Luis Fernandez 635;luis.fernandez635@techhub.com
Elena Diaz 636;elena.diaz636@techhub.com
Juan Diaz 637;juan.diaz637@techhub.com
Maria Perez 638;maria.perez638@techhub.com
Lucia Lopez 639;lucia.lopez639@techhub.com
Luis Perez 640;luis.perez640@techhub.com
Juan Gomez 641;juan.gomez641@techhub.com
Carlos Rodriguez 642;carlos.rodriguez642@techhub.com
Pedro Diaz 643;pedro.diaz643@techhub.com
Carlos Perez 644;carlos.perez644@techhub.com
Juan Lopez 645;juan.lopez645@techhub.com
Pedro Gimenez 646;pedro.gimenez646@techhub.com
Carlos Martinez 647;carlos.martinez647@techhub.com
Lucia Gomez 648;lucia.gomez648@techhub.com
Lucia Lopez 649;lucia.lopez649@techhub.com
Ana Martinez 650;ana.martinez650@techhub.com
Ana Diaz 651;ana.diaz651@techhub.com
Luis Perez 652;luis.perez652@techhub.com
Sofia Gimenez 653;sofia.gimenez653@techhub.com
Luis Lopez 654;luis.lopez654@techhub.com
Lucia Gomez 655;lucia.gomez655@techhub.com
Elena Lopez 656;elena.lopez656@techhub.com
Elena Martinez 657;elena.martinez657@techhub.com
Maria Diaz 658;maria.diaz658@techhub.com
Carlos Perez 659;carlos.perez659@techhub.com
Ana Perez 660;ana.perez660@techhub.com
Ana Diaz 661;ana.diaz661@techhub.com
David Rodriguez 662;david.rodriguez662@techhub.com
Lucia Diaz 663;lucia.diaz663@techhub.com
Ana Lopez 664;ana.lopez664@techhub.com
Elena Lopez 665;elena.lopez665@techhub.com
Ana Rodriguez 666;ana.rodriguez666@techhub.com
Pedro Gomez 667;pedro.gomez667@techhub.com
Juan Martinez 668;juan.martinez668@techhub.com
Maria Perez 669;maria.perez669@techhub.com
Maria Diaz 670;maria.diaz670@techhub.com
Sofia Lopez 671;sofia.lopez671@techhub.com
Carlos Rodriguez 672;carlos.rodriguez672@techhub.com
Carlos Fernandez 673;carlos.fernandez673@techhub.com
Carlos Lopez 674;carlos.lopez674@techhub.com
Lucia Fernandez 675;lucia.fernandez675@techhub.com
Ana Martinez 676;ana.martinez676@techhub.com
Carlos Fernandez 677;carlos.fernandez677@techhub.com
Pedro Gomez 678;pedro.gomez678@techhub.com
Maria Martinez 679;maria.martinez679@techhub.com
Juan Martinez 680;juan.martinez680@techhub.com
Luis Gimenez 681;luis.gimenez681@techhub.com
Lucia Gimenez 682;lucia.gimenez682@techhub.com
Juan Gomez 683;juan.gomez683@techhub.com
Elena Diaz 684;elena.diaz684@techhub.com
David Fernandez 685;david.fernandez685@techhub.com
Luis Perez 686;luis.perez686@techhub.com
Sofia Perez 687;sofia.perez687@techhub.com
Elena Rodriguez 688;elena.rodriguez688@techhub.com
Carlos Lopez 689;carlos.lopez689@techhub.com
Ana Perez 690;ana.perez690@techhub.com
Pedro Perez 691;pedro.perez691@techhub.com
Carlos Rodriguez 692;carlos.rodriguez692@techhub.com
David Diaz 693;david.diaz693@techhub.com
Lucia Fernandez 694;lucia.fernandez694@techhub.com
Luis Gimenez 695;luis.gimenez695@techhub.com
Elena Gomez 696;elena.gomez696@techhub.com
Luis Fernandez 697;luis.fernandez697@techhub.com
Maria Lopez 698;maria.lopez698@techhub.com
Elena Lopez 699;elena.lopez699@techhub.com
Elena Martinez 700;elena.martinez700@techhub.com
Maria Gimenez 701;maria.gimenez701@techhub.com
Carlos Lopez 702;carlos.lopez702@techhub.com
Sofia Lopez 703;sofia.lopez703@techhub.com
Pedro Gimenez 704;pedro.gimenez704@techhub.com
Elena Gomez 705;elena.gomez705@techhub.com
Elena Rodriguez 706;elena.rodriguez706@techhub.com
Sofia Fernandez 707;sofia.fernandez707@techhub.com
David Rodriguez 708;david.rodriguez708@techhub.com
Luis Diaz 709;luis.diaz709@techhub.com
Lucia Fernandez 710;lucia.fernandez710@techhub.com
Carlos Fernandez 711;carlos.fernandez711@techhub.com
Juan Martinez 712;juan.martinez712@techhub.com
Elena Diaz 713;elena.diaz713@techhub.com
Ana Rodriguez 714;ana.rodriguez714@techhub.com
Maria Perez 715;maria.perez715@techhub.com
Elena Martinez 716;elena.martinez716@techhub.com
Lucia Martinez 717;lucia.martinez717@techhub.com
Elena Gimenez 718;elena.gimenez718@techhub.com
Lucia Rodriguez 719;lucia.rodriguez719@techhub.com
Maria Fernandez 720;maria.fernandez720@techhub.com
Luis Rodriguez 721;luis.rodriguez721@techhub.com
Juan Fernandez 722;juan.fernandez722@techhub.com
Carlos Diaz 723;carlos.diaz723@techhub.com
David Lopez 724;david.lopez724@techhub.com
Luis Diaz 725;luis.diaz725@techhub.com
Pedro Fernandez 726;pedro.fernandez726@techhub.com
David Rodriguez 727;david.rodriguez727@techhub.com
Maria Fernandez 728;maria.fernandez728@techhub.com
Luis Lopez 729;luis.lopez729@techhub.com
Carlos Gomez 730;carlos.gomez730@techhub.com
Juan Gimenez 731;juan.gimenez731@techhub.com
Sofia Perez 732;sofia.perez732@techhub.com
Elena Fernandez 733;elena.fernandez733@techhub.com
Ana Diaz 734;ana.diaz734@techhub.com
Juan Rodriguez 735;juan.rodriguez735@techhub.com
Luis Gimenez 736;luis.gimenez736@techhub.com
Sofia Perez 737;sofia.perez737@techhub.com
Carlos Gomez 738;carlos.gomez738@techhub.com
Luis Perez 739;luis.perez739@techhub.com
Pedro Perez 740;pedro.perez740@techhub.com
Sofia Perez 741;sofia.perez741@techhub.com
David Perez 742;david.perez742@techhub.com
Luis Lopez 743;luis.lopez743@techhub.com
Lucia Perez 744;lucia.perez744@techhub.com
Lucia Perez 745;lucia.perez745@techhub.com
Luis Gimenez 746;luis.gimenez746@techhub.com
Ana Lopez 747;ana.lopez747@techhub.com
Lucia Rodriguez 748;lucia.rodriguez748@techhub.com
Sofia Fernandez 749;sofia.fernandez749@techhub.com
Carlos Fernandez 750;carlos.fernandez750@techhub.com
Ana Martinez 751;ana.martinez751@techhub.com
Carlos Gimenez 752;carlos.gimenez752@techhub.com
Elena Diaz 753;elena.diaz753@techhub.com
Pedro Martinez 754;pedro.martinez754@techhub.com
Sofia Perez 755;sofia.perez755@techhub.com
Luis Fernandez 756;luis.fernandez756@techhub.com
Pedro Perez 757;pedro.perez757@techhub.com
Lucia Fernandez 758;lucia.fernandez758@techhub.com
Maria Gomez 759;maria.gomez759@techhub.com
Luis Diaz 760;luis.diaz760@techhub.com
Elena Diaz 761;elena.diaz761@techhub.com
Lucia Fernandez 762;lucia.fernandez762@techhub.com
Luis Fernandez 763;luis.fernandez763@techhub.com
Luis Gomez 764;luis.gomez764@techhub.com
Elena Rodriguez 765;elena.rodriguez765@techhub.com
Sofia Fernandez 766;sofia.fernandez766@techhub.com
Carlos Perez 767;carlos.perez767@techhub.com
Sofia Rodriguez 768;sofia.rodriguez768@techhub.com
Ana Fernandez 769;ana.fernandez769@techhub.com
Ana Rodriguez 770;ana.rodriguez770@techhub.com
Elena Gomez 771;elena.gomez771@techhub.com
Juan Gomez 772;juan.gomez772@techhub.com
Maria Perez 773;maria.perez773@techhub.com
David Perez 774;david.perez774@techhub.com
Sofia Lopez 775;sofia.lopez775@techhub.com
Sofia Diaz 776;sofia.diaz776@techhub.com
Luis Martinez 777;luis.martinez777@techhub.com
Maria Gimenez 778;maria.gimenez778@techhub.com
Pedro Gomez 779;pedro.gomez779@techhub.com
Maria Martinez 780;maria.martinez780@techhub.com
Pedro Fernandez 781;pedro.fernandez781@techhub.com
David Martinez 782;david.martinez782@techhub.com
Carlos Fernandez 783;carlos.fernandez783@techhub.com
Lucia Fernandez 784;lucia.fernandez784@techhub.com
Carlos Gomez 785;carlos.gomez785@techhub.com
Lucia Martinez 786;lucia.martinez786@techhub.com
Maria Fernandez 787;maria.fernandez787@techhub.com
Ana Gomez 788;ana.gomez788@techhub.com
Maria Gomez 789;maria.gomez789@techhub.com
Luis Lopez 790;luis.lopez790@techhub.com
Pedro Gomez 791;pedro.gomez791@techhub.com
Carlos Fernandez 792;carlos.fernandez792@techhub.com
Juan Perez 793;juan.perez793@techhub.com
Pedro Fernandez 794;pedro.fernandez794@techhub.com
Maria Lopez 795;maria.lopez795@techhub.com
Pedro Perez 796;pedro.perez796@techhub.com
Lucia Perez 797;lucia.perez797@techhub.com
Sofia Rodriguez 798;sofia.rodriguez798@techhub.com
Carlos Rodriguez 799;carlos.rodriguez799@techhub.com
Maria Gomez 800;maria.gomez800@techhub.com
David Lopez 801;david.lopez801@techhub.com
Carlos Perez 802;carlos.perez802@techhub.com
Pedro Martinez 803;pedro.martinez803@techhub.com
Luis Perez 804;luis.perez804@techhub.com
Elena Gomez 805;elena.gomez805@techhub.com
Lucia Gimenez 806;lucia.gimenez806@techhub.com
Lucia Perez 807;lucia.perez807@techhub.com
Luis Lopez 808;luis.lopez808@techhub.com
Pedro Perez 809;pedro.perez809@techhub.com
Ana Martinez 810;ana.martinez810@techhub.com
Sofia Gimenez 811;sofia.gimenez811@techhub.com
Juan Diaz 812;juan.diaz812@techhub.com
Juan Martinez 813;juan.martinez813@techhub.com
Carlos Martinez 814;carlos.martinez814@techhub.com
Maria Martinez 815;maria.martinez815@techhub.com
Ana Perez 816;ana.perez816@techhub.com
Ana Lopez 817;ana.lopez817@techhub.com
Pedro Diaz 818;pedro.diaz818@techhub.com
David Fernandez 819;david.fernandez819@techhub.com
Lucia Lopez 820;lucia.lopez820@techhub.com
Carlos Fernandez 821;carlos.fernandez821@techhub.com
Elena Perez 822;elena.perez822@techhub.com
Maria Gimenez 823;maria.gimenez823@techhub.com
Luis Gomez 824;luis.gomez824@techhub.com
Carlos Martinez 825;carlos.martinez825@techhub.com
Elena Perez 826;elena.perez826@techhub.com
Luis Gimenez 827;luis.gimenez827@techhub.com
David Lopez 828;david.lopez828@techhub.com
Maria Gimenez 829;maria.gimenez829@techhub.com
Sofia Gomez 830;sofia.gomez830@techhub.com
Lucia Fernandez 831;lucia.fernandez831@techhub.com
Lucia Gomez 832;lucia.gomez832@techhub.com
David Rodriguez 833;david.rodriguez833@techhub.com
Lucia Gimenez 834;lucia.gimenez834@techhub.com
Elena Lopez 835;elena.lopez835@techhub.com
Juan Diaz 836;juan.diaz836@techhub.com
Carlos Gimenez 837;carlos.gimenez837@techhub.com
Elena Rodriguez 838;elena.rodriguez838@techhub.com
Elena Perez 839;elena.perez839@techhub.com
Juan Lopez 840;juan.lopez840@techhub.com
Maria Lopez 841;maria.lopez841@techhub.com
Elena Rodriguez 842;elena.rodriguez842@techhub.com
David Lopez 843;david.lopez843@techhub.com
David Lopez 844;david.lopez844@techhub.com
Maria Lopez 845;maria.lopez845@techhub.com
Sofia Perez 846;sofia.perez846@techhub.com
Juan Perez 847;juan.perez847@techhub.com
Juan Gimenez 848;juan.gimenez848@techhub.com
Sofia Diaz 849;sofia.diaz849@techhub.com
Carlos Gimenez 850;carlos.gimenez850@techhub.com
Carlos Fernandez 851;carlos.fernandez851@techhub.com
Elena Lopez 852;elena.lopez852@techhub.com
Juan Fernandez 853;juan.fernandez853@techhub.com
Maria Rodriguez 854;maria.rodriguez854@techhub.com
Elena Diaz 855;elena.diaz855@techhub.com
Sofia Fernandez 856;sofia.fernandez856@techhub.com
Sofia Gimenez 857;sofia.gimenez857@techhub.com
Maria Fernandez 858;maria.fernandez858@techhub.com
Pedro Diaz 859;pedro.diaz859@techhub.com
Ana Gimenez 860;ana.gimenez860@techhub.com
Luis Lopez 861;luis.lopez861@techhub.com
Sofia Gimenez 862;sofia.gimenez862@techhub.com
Lucia Martinez 863;lucia.martinez863@techhub.com
Maria Diaz 864;maria.diaz864@techhub.com
Juan Lopez 865;juan.lopez865@techhub.com
Pedro Gimenez 866;pedro.gimenez866@techhub.com
Luis Fernandez 867;luis.fernandez867@techhub.com
Elena Gomez 868;elena.gomez868@techhub.com
Lucia Rodriguez 869;lucia.rodriguez869@techhub.com
Carlos Fernandez 870;carlos.fernandez870@techhub.com
Elena Gomez 871;elena.gomez871@techhub.com
Luis Martinez 872;luis.martinez872@techhub.com
Carlos Fernandez 873;carlos.fernandez873@techhub.com
David Rodriguez 874;david.rodriguez874@techhub.com
Ana Gimenez 875;ana.gimenez875@techhub.com
Carlos Gimenez 876;carlos.gimenez876@techhub.com
Ana Gimenez 877;ana.gimenez877@techhub.com
Elena Fernandez 878;elena.fernandez878@techhub.com
Maria Fernandez 879;maria.fernandez879@techhub.com
Sofia Gimenez 880;sofia.gimenez880@techhub.com
Carlos Perez 881;carlos.perez881@techhub.com
Lucia Diaz 882;lucia.diaz882@techhub.com
Ana Lopez 883;ana.lopez883@techhub.com
Pedro Gomez 884;pedro.gomez884@techhub.com
Ana Fernandez 885;ana.fernandez885@techhub.com
Juan Martinez 886;juan.martinez886@techhub.com
Carlos Lopez 887;carlos.lopez887@techhub.com
Sofia Perez 888;sofia.perez888@techhub.com
Lucia Rodriguez 889;lucia.rodriguez889@techhub.com
Sofia Lopez 890;sofia.lopez890@techhub.com
Luis Fernandez 891;luis.fernandez891@techhub.com
Juan Martinez 892;juan.martinez892@techhub.com
Elena Lopez 893;elena.lopez893@techhub.com
Luis Diaz 894;luis.diaz894@techhub.com
Carlos Perez 895;carlos.perez895@techhub.com
Luis Diaz 896;luis.diaz896@techhub.com
Sofia Lopez 897;sofia.lopez897@techhub.com
Maria Diaz 898;maria.diaz898@techhub.com
Ana Lopez 899;ana.lopez899@techhub.com
Juan Gomez 900;juan.gomez900@techhub.com
Maria Gomez 901;maria.gomez901@techhub.com
Pedro Gimenez 902;pedro.gimenez902@techhub.com
Maria Diaz 903;maria.diaz903@techhub.com
Lucia Fernandez 904;lucia.fernandez904@techhub.com
Ana Diaz 905;ana.diaz905@techhub.com
Lucia Perez 906;lucia.perez906@techhub.com
David Diaz 907;david.diaz907@techhub.com
Luis Lopez 908;luis.lopez908@techhub.com
Carlos Gimenez 909;carlos.gimenez909@techhub.com
Elena Gomez 910;elena.gomez910@techhub.com
Sofia Rodriguez 911;sofia.rodriguez911@techhub.com
Elena Gimenez 912;elena.gimenez912@techhub.com
Lucia Martinez 913;lucia.martinez913@techhub.com
Luis Martinez 914;luis.martinez914@techhub.com
Juan Perez 915;juan.perez915@techhub.com
Maria Fernandez 916;maria.fernandez916@techhub.com
Pedro Perez 917;pedro.perez917@techhub.com
Pedro Gomez 918;pedro.gomez918@techhub.com
Maria Perez 919;maria.perez919@techhub.com
Pedro Diaz 920;pedro.diaz920@techhub.com
Lucia Gomez 921;lucia.gomez921@techhub.com
Carlos Martinez 922;carlos.martinez922@techhub.com
Ana Rodriguez 923;ana.rodriguez923@techhub.com
Pedro Martinez 924;pedro.martinez924@techhub.com
Pedro Perez 925;pedro.perez925@techhub.com
Carlos Gomez 926;carlos.gomez926@techhub.com
Maria Gimenez 927;maria.gimenez927@techhub.com
Elena Gimenez 928;elena.gimenez928@techhub.com
Elena Martinez 929;elena.martinez929@techhub.com
Ana Martinez 930;ana.martinez930@techhub.com
Pedro Perez 931;pedro.perez931@techhub.com
Maria Fernandez 932;maria.fernandez932@techhub.com
Maria Lopez 933;maria.lopez933@techhub.com
David Diaz 934;david.diaz934@techhub.com
David Rodriguez 935;david.rodriguez935@techhub.com
Lucia Rodriguez 936;lucia.rodriguez936@techhub.com
Luis Fernandez 937;luis.fernandez937@techhub.com
Pedro Rodriguez 938;pedro.rodriguez938@techhub.com
Sofia Lopez 939;sofia.lopez939@techhub.com
Ana Fernandez 940;ana.fernandez940@techhub.com
David Perez 941;david.perez941@techhub.com
Maria Gomez 942;maria.gomez942@techhub.com
Luis Gimenez 943;luis.gimenez943@techhub.com
Ana Gimenez 944;ana.gimenez944@techhub.com
Pedro Perez 945;pedro.perez945@techhub.com
Carlos Fernandez 946;carlos.fernandez946@techhub.com
Luis Lopez 947;luis.lopez947@techhub.com
Ana Gomez 948;ana.gomez948@techhub.com
Carlos Diaz 949;carlos.diaz949@techhub.com
Carlos Rodriguez 950;carlos.rodriguez950@techhub.com
Ana Lopez 951;ana.lopez951@techhub.com
Luis Martinez 952;luis.martinez952@techhub.com
Elena Rodriguez 953;elena.rodriguez953@techhub.com
Luis Rodriguez 954;luis.rodriguez954@techhub.com
Juan Lopez 955;juan.lopez955@techhub.com
Luis Fernandez 956;luis.fernandez956@techhub.com
Elena Gimenez 957;elena.gimenez957@techhub.com
Lucia Fernandez 958;lucia.fernandez958@techhub.com
Sofia Lopez 959;sofia.lopez959@techhub.com
Maria Lopez 960;maria.lopez960@techhub.com
Pedro Lopez 961;pedro.lopez961@techhub.com
Lucia Gimenez 962;lucia.gimenez962@techhub.com
Sofia Lopez 963;sofia.lopez963@techhub.com
Lucia Rodriguez 964;lucia.rodriguez964@techhub.com
Luis Gimenez 965;luis.gimenez965@techhub.com
Lucia Perez 966;lucia.perez966@techhub.com
Lucia Fernandez 967;lucia.fernandez967@techhub.com
Sofia Diaz 968;sofia.diaz968@techhub.com
Lucia Lopez 969;lucia.lopez969@techhub.com
David Perez 970;david.perez970@techhub.com
Pedro Fernandez 971;pedro.fernandez971@techhub.com
Pedro Fernandez 972;pedro.fernandez972@techhub.com
Maria Gimenez 973;maria.gimenez973@techhub.com
Lucia Gimenez 974;lucia.gimenez974@techhub.com
Carlos Lopez 975;carlos.lopez975@techhub.com
Elena Martinez 976;elena.martinez976@techhub.com
Juan Lopez 977;juan.lopez977@techhub.com
Lucia Diaz 978;lucia.diaz978@techhub.com
Lucia Gimenez 979;lucia.gimenez979@techhub.com
Luis Fernandez 980;luis.fernandez980@techhub.com
Carlos Rodriguez 981;carlos.rodriguez981@techhub.com
Ana Gomez 982;ana.gomez982@techhub.com
Sofia Diaz 983;sofia.diaz983@techhub.com
Pedro Perez 984;pedro.perez984@techhub.com
Ana Diaz 985;ana.diaz985@techhub.com
Sofia Gimenez 986;sofia.gimenez986@techhub.com
Sofia Lopez 987;sofia.lopez987@techhub.com
Luis Rodriguez 988;luis.rodriguez988@techhub.com
Lucia Rodriguez 989;lucia.rodriguez989@techhub.com
Elena Lopez 990;elena.lopez990@techhub.com
David Gimenez 991;david.gimenez991@techhub.com
Luis Rodriguez 992;luis.rodriguez992@techhub.com
Maria Lopez 993;maria.lopez993@techhub.com
Luis Gimenez 994;luis.gimenez994@techhub.com
Ana Rodriguez 995;ana.rodriguez995@techhub.com
Sofia Gomez 996;sofia.gomez996@techhub.com
Elena Lopez 997;elena.lopez997@techhub.com
Sofia Gomez 998;sofia.gomez998@techhub.com
Lucia Diaz 999;lucia.diaz999@techhub.com
David Rodriguez 1000;david.rodriguez1000@techhub.com
Pedro Gimenez 1001;pedro.gimenez1001@techhub.com
Lucia Diaz 1002;lucia.diaz1002@techhub.com
Maria Fernandez 1003;maria.fernandez1003@techhub.com
David Diaz 1004;david.diaz1004@techhub.com
Juan Gimenez 1005;juan.gimenez1005@techhub.com
David Martinez 1006;david.martinez1006@techhub.com
Juan Martinez 1007;juan.martinez1007@techhub.com
Ana Perez 1008;ana.perez1008@techhub.com
Luis Rodriguez 1009;luis.rodriguez1009@techhub.com
Sofia Rodriguez 1010;sofia.rodriguez1010@techhub.com
Elena Perez 1011;elena.perez1011@techhub.com
Sofia Fernandez 1012;sofia.fernandez1012@techhub.com
Ana Diaz 1013;ana.diaz1013@techhub.com
Luis Lopez 1014;luis.lopez1014@techhub.com
Elena Fernandez 1015;elena.fernandez1015@techhub.com
Sofia Lopez 1016;sofia.lopez1016@techhub.com
Luis Diaz 1017;luis.diaz1017@techhub.com
Pedro Lopez 1018;pedro.lopez1018@techhub.com
Elena Martinez 1019;elena.martinez1019@techhub.com
Luis Perez 1020;luis.perez1020@techhub.com
Maria Gimenez 1021;maria.gimenez1021@techhub.com
Carlos Diaz 1022;carlos.diaz1022@techhub.com
Sofia Fernandez 1023;sofia.fernandez1023@techhub.com
Luis Gomez 1024;luis.gomez1024@techhub.com
Elena Gomez 1025;elena.gomez1025@techhub.com
Lucia Rodriguez 1026;lucia.rodriguez1026@techhub.com
Lucia Lopez 1027;lucia.lopez1027@techhub.com
Carlos Rodriguez 1028;carlos.rodriguez1028@techhub.com
Carlos Gomez 1029;carlos.gomez1029@techhub.com
Elena Gimenez 1030;elena.gimenez1030@techhub.com
Luis Gimenez 1031;luis.gimenez1031@techhub.com
Maria Rodriguez 1032;maria.rodriguez1032@techhub.com
Juan Perez 1033;juan.perez1033@techhub.com
Ana Perez 1034;ana.perez1034@techhub.com
Luis Rodriguez 1035;luis.rodriguez1035@techhub.com
Pedro Fernandez 1036;pedro.fernandez1036@techhub.com
Sofia Lopez 1037;sofia.lopez1037@techhub.com
Ana Gimenez 1038;ana.gimenez1038@techhub.com
Lucia Fernandez 1039;lucia.fernandez1039@techhub.com
Elena Martinez 1040;elena.martinez1040@techhub.com
Maria Martinez 1041;maria.martinez1041@techhub.com
Sofia Gimenez 1042;sofia.gimenez1042@techhub.com
Pedro Lopez 1043;pedro.lopez1043@techhub.com
Pedro Martinez 1044;pedro.martinez1044@techhub.com
Elena Lopez 1045;elena.lopez1045@techhub.com
Pedro Gimenez 1046;pedro.gimenez1046@techhub.com
Ana Diaz 1047;ana.diaz1047@techhub.com
Sofia Gomez 1048;sofia.gomez1048@techhub.com
Carlos Diaz 1049;carlos.diaz1049@techhub.com
Lucia Lopez 1050;lucia.lopez1050@techhub.com
David Rodriguez 1051;david.rodriguez1051@techhub.com
Maria Gomez 1052;maria.gomez1052@techhub.com
David Fernandez 1053;david.fernandez1053@techhub.com
Carlos Rodriguez 1054;carlos.rodriguez1054@techhub.com
Pedro Gimenez 1055;pedro.gimenez1055@techhub.com
Juan Diaz 1056;juan.diaz1056@techhub.com
Lucia Martinez 1057;lucia.martinez1057@techhub.com
Sofia Gomez 1058;sofia.gomez1058@techhub.com
Elena Fernandez 1059;elena.fernandez1059@techhub.com
Elena Perez 1060;elena.perez1060@techhub.com
Lucia Lopez 1061;lucia.lopez1061@techhub.com
Carlos Lopez 1062;carlos.lopez1062@techhub.com
Luis Rodriguez 1063;luis.rodriguez1063@techhub.com
Lucia Martinez 1064;lucia.martinez1064@techhub.com
Carlos Gimenez 1065;carlos.gimenez1065@techhub.com
Maria Fernandez 1066;maria.fernandez1066@techhub.com
Luis Gimenez 1067;luis.gimenez1067@techhub.com
Sofia Perez 1068;sofia.perez1068@techhub.com
Luis Gimenez 1069;luis.gimenez1069@techhub.com
David Fernandez 1070;david.fernandez1070@techhub.com
Maria Gomez 1071;maria.gomez1071@techhub.com
Luis Perez 1072;luis.perez1072@techhub.com
Juan Gimenez 1073;juan.gimenez1073@techhub.com
Ana Rodriguez 1074;ana.rodriguez1074@techhub.com
Juan Martinez 1075;juan.martinez1075@techhub.com
Maria Rodriguez 1076;maria.rodriguez1076@techhub.com
Maria Rodriguez 1077;maria.rodriguez1077@techhub.com
Carlos Lopez 1078;carlos.lopez1078@techhub.com
Sofia Martinez 1079;sofia.martinez1079@techhub.com
Luis Diaz 1080;luis.diaz1080@techhub.com
Juan Gomez 1081;juan.gomez1081@techhub.com
Luis Fernandez 1082;luis.fernandez1082@techhub.com
Elena Diaz 1083;elena.diaz1083@techhub.com
David Gimenez 1084;david.gimenez1084@techhub.com
Pedro Gomez 1085;pedro.gomez1085@techhub.com
Pedro Martinez 1086;pedro.martinez1086@techhub.com
Lucia Martinez 1087;lucia.martinez1087@techhub.com
Sofia Martinez 1088;sofia.martinez1088@techhub.com
Lucia Lopez 1089;lucia.lopez1089@techhub.com
Ana Diaz 1090;ana.diaz1090@techhub.com
Ana Lopez 1091;ana.lopez1091@techhub.com
Luis Gimenez 1092;luis.gimenez1092@techhub.com
Ana Martinez 1093;ana.martinez1093@techhub.com
Ana Fernandez 1094;ana.fernandez1094@techhub.com
Elena Perez 1095;elena.perez1095@techhub.com
Lucia Perez 1096;lucia.perez1096@techhub.com
David Gomez 1097;david.gomez1097@techhub.com
David Fernandez 1098;david.fernandez1098@techhub.com
Juan Fernandez 1099;juan.fernandez1099@techhub.com
Maria Fernandez 1100;maria.fernandez1100@techhub.com
Pedro Martinez 1101;pedro.martinez1101@techhub.com
Luis Diaz 1102;luis.diaz1102@techhub.com
Lucia Martinez 1103;lucia.martinez1103@techhub.com
Juan Perez 1104;juan.perez1104@techhub.com
David Rodriguez 1105;david.rodriguez1105@techhub.com
Juan Diaz 1106;juan.diaz1106@techhub.com
Juan Fernandez 1107;juan.fernandez1107@techhub.com
Ana Perez 1108;ana.perez1108@techhub.com
David Perez 1109;david.perez1109@techhub.com
Ana Gomez 1110;ana.gomez1110@techhub.com
Ana Gimenez 1111;ana.gimenez1111@techhub.com
Luis Gomez 1112;luis.gomez1112@techhub.com
David Perez 1113;david.perez1113@techhub.com
Luis Rodriguez 1114;luis.rodriguez1114@techhub.com
Lucia Perez 1115;lucia.perez1115@techhub.com
Pedro Martinez 1116;pedro.martinez1116@techhub.com
Sofia Perez 1117;sofia.perez1117@techhub.com
Lucia Perez 1118;lucia.perez1118@techhub.com
Elena Diaz 1119;elena.diaz1119@techhub.com
Ana Fernandez 1120;ana.fernandez1120@techhub.com
Luis Gimenez 1121;luis.gimenez1121@techhub.com
Pedro Perez 1122;pedro.perez1122@techhub.com
Elena Gimenez 1123;elena.gimenez1123@techhub.com
Luis Gomez 1124;luis.gomez1124@techhub.com
Luis Martinez 1125;luis.martinez1125@techhub.com
Luis Martinez 1126;luis.martinez1126@techhub.com
Maria Diaz 1127;maria.diaz1127@techhub.com
Sofia Martinez 1128;sofia.martinez1128@techhub.com
Lucia Lopez 1129;lucia.lopez1129@techhub.com
Carlos Lopez 1130;carlos.lopez1130@techhub.com
Maria Martinez 1131;maria.martinez1131@techhub.com
Carlos Fernandez 1132;carlos.fernandez1132@techhub.com
David Lopez 1133;david.lopez1133@techhub.com
David Rodriguez 1134;david.rodriguez1134@techhub.com
Carlos Gimenez 1135;carlos.gimenez1135@techhub.com
Luis Diaz 1136;luis.diaz1136@techhub.com
Lucia Gimenez 1137;lucia.gimenez1137@techhub.com
Luis Gomez 1138;luis.gomez1138@techhub.com
Sofia Diaz 1139;sofia.diaz1139@techhub.com
Carlos Gimenez 1140;carlos.gimenez1140@techhub.com
Ana Lopez 1141;ana.lopez1141@techhub.com
Luis Diaz 1142;luis.diaz1142@techhub.com
Elena Perez 1143;elena.perez1143@techhub.com
Carlos Gimenez 1144;carlos.gimenez1144@techhub.com
Juan Gomez 1145;juan.gomez1145@techhub.com
David Gomez 1146;david.gomez1146@techhub.com
Luis Lopez 1147;luis.lopez1147@techhub.com
Sofia Fernandez 1148;sofia.fernandez1148@techhub.com
Maria Fernandez 1149;maria.fernandez1149@techhub.com
Luis Perez 1150;luis.perez1150@techhub.com
Pedro Diaz 1151;pedro.diaz1151@techhub.com
Juan Lopez 1152;juan.lopez1152@techhub.com
Lucia Perez 1153;lucia.perez1153@techhub.com
Lucia Gomez 1154;lucia.gomez1154@techhub.com
David Gimenez 1155;david.gimenez1155@techhub.com
Elena Perez 1156;elena.perez1156@techhub.com
Luis Gomez 1157;luis.gomez1157@techhub.com
Luis Lopez 1158;luis.lopez1158@techhub.com
Juan Rodriguez 1159;juan.rodriguez1159@techhub.com
Maria Diaz 1160;maria.diaz1160@techhub.com
Carlos Gimenez 1161;carlos.gimenez1161@techhub.com
Sofia Martinez 1162;sofia.martinez1162@techhub.com
Ana Diaz 1163;ana.diaz1163@techhub.com
David Perez 1164;david.perez1164@techhub.com
Ana Gomez 1165;ana.gomez1165@techhub.com
Lucia Diaz 1166;lucia.diaz1166@techhub.com
Carlos Gomez 1167;carlos.gomez1167@techhub.com
Luis Fernandez 1168;luis.fernandez1168@techhub.com
David Diaz 1169;david.diaz1169@techhub.com
Ana Fernandez 1170;ana.fernandez1170@techhub.com
Luis Diaz 1171;luis.diaz1171@techhub.com
Carlos Diaz 1172;carlos.diaz1172@techhub.com
Lucia Martinez 1173;lucia.martinez1173@techhub.com
Elena Gomez 1174;elena.gomez1174@techhub.com
David Gimenez 1175;david.gimenez1175@techhub.com
Luis Rodriguez 1176;luis.rodriguez1176@techhub.com
Carlos Rodriguez 1177;carlos.rodriguez1177@techhub.com
Sofia Fernandez 1178;sofia.fernandez1178@techhub.com
Lucia Gimenez 1179;lucia.gimenez1179@techhub.com
Ana Gomez 1180;ana.gomez1180@techhub.com
Carlos Gomez 1181;carlos.gomez1181@techhub.com
Juan Gimenez 1182;juan.gimenez1182@techhub.com
Maria Gomez 1183;maria.gomez1183@techhub.com
Maria Lopez 1184;maria.lopez1184@techhub.com
David Martinez 1185;david.martinez1185@techhub.com
David Gomez 1186;david.gomez1186@techhub.com
Maria Martinez 1187;maria.martinez1187@techhub.com
Lucia Gomez 1188;lucia.gomez1188@techhub.com
David Gomez 1189;david.gomez1189@techhub.com
Pedro Diaz 1190;pedro.diaz1190@techhub.com
Lucia Perez 1191;lucia.perez1191@techhub.com
Luis Rodriguez 1192;luis.rodriguez1192@techhub.com
Ana Gimenez 1193;ana.gimenez1193@techhub.com
Juan Fernandez 1194;juan.fernandez1194@techhub.com
Elena Diaz 1195;elena.diaz1195@techhub.com
David Martinez 1196;david.martinez1196@techhub.com
Maria Lopez 1197;maria.lopez1197@techhub.com
Elena Gomez 1198;elena.gomez1198@techhub.com
Lucia Lopez 1199;lucia.lopez1199@techhub.com
Maria Perez 1200;maria.perez1200@techhub.com
Juan Rodriguez 1201;juan.rodriguez1201@techhub.com
Ana Diaz 1202;ana.diaz1202@techhub.com
Carlos Fernandez 1203;carlos.fernandez1203@techhub.com
Elena Martinez 1204;elena.martinez1204@techhub.com
Pedro Gomez 1205;pedro.gomez1205@techhub.com
David Perez 1206;david.perez1206@techhub.com
Pedro Martinez 1207;pedro.martinez1207@techhub.com
Carlos Perez 1208;carlos.perez1208@techhub.com
Luis Lopez 1209;luis.lopez1209@techhub.com
Sofia Perez 1210;sofia.perez1210@techhub.com
Pedro Lopez 1211;pedro.lopez1211@techhub.com
Carlos Gomez 1212;carlos.gomez1212@techhub.com
Juan Lopez 1213;juan.lopez1213@techhub.com
Maria Perez 1214;maria.perez1214@techhub.com
Ana Diaz 1215;ana.diaz1215@techhub.com
Elena Gomez 1216;elena.gomez1216@techhub.com
Sofia Diaz 1217;sofia.diaz1217@techhub.com
Lucia Fernandez 1218;lucia.fernandez1218@techhub.com
Ana Gomez 1219;ana.gomez1219@techhub.com
Ana Gomez 1220;ana.gomez1220@techhub.com
Ana Diaz 1221;ana.diaz1221@techhub.com
Maria Martinez 1222;maria.martinez1222@techhub.com
Elena Perez 1223;elena.perez1223@techhub.com
Juan Lopez 1224;juan.lopez1224@techhub.com
Lucia Martinez 1225;lucia.martinez1225@techhub.com
Maria Diaz 1226;maria.diaz1226@techhub.com
David Perez 1227;david.perez1227@techhub.com
Luis Perez 1228;luis.perez1228@techhub.com
Carlos Martinez 1229;carlos.martinez1229@techhub.com
Ana Gomez 1230;ana.gomez1230@techhub.com
Pedro Martinez 1231;pedro.martinez1231@techhub.com
Maria Lopez 1232;maria.lopez1232@techhub.com
Luis Perez 1233;luis.perez1233@techhub.com
Luis Martinez 1234;luis.martinez1234@techhub.com
Lucia Lopez 1235;lucia.lopez1235@techhub.com
Ana Rodriguez 1236;ana.rodriguez1236@techhub.com
Elena Fernandez 1237;elena.fernandez1237@techhub.com
Pedro Perez 1238;pedro.perez1238@techhub.com
David Fernandez 1239;david.fernandez1239@techhub.com
Elena Diaz 1240;elena.diaz1240@techhub.com
Pedro Fernandez 1241;pedro.fernandez1241@techhub.com
Maria Martinez 1242;maria.martinez1242@techhub.com
Carlos Lopez 1243;carlos.lopez1243@techhub.com
Sofia Gomez 1244;sofia.gomez1244@techhub.com
Ana Perez 1245;ana.perez1245@techhub.com
Juan Fernandez 1246;juan.fernandez1246@techhub.com
Maria Lopez 1247;maria.lopez1247@techhub.com
David Fernandez 1248;david.fernandez1248@techhub.com
Carlos Perez 1249;carlos.perez1249@techhub.com
Elena Martinez 1250;elena.martinez1250@techhub.com
Carlos Lopez 1251;carlos.lopez1251@techhub.com
Juan Lopez 1252;juan.lopez1252@techhub.com
Ana Martinez 1253;ana.martinez1253@techhub.com
Maria Martinez 1254;maria.martinez1254@techhub.com
Lucia Lopez 1255;lucia.lopez1255@techhub.com
Elena Diaz 1256;elena.diaz1256@techhub.com
Pedro Perez 1257;pedro.perez1257@techhub.com
Lucia Fernandez 1258;lucia.fernandez1258@techhub.com
Carlos Martinez 1259;carlos.martinez1259@techhub.com
David Gimenez 1260;david.gimenez1260@techhub.com
Luis Gimenez 1261;luis.gimenez1261@techhub.com
Ana Lopez 1262;ana.lopez1262@techhub.com
Sofia Diaz 1263;sofia.diaz1263@techhub.com
Ana Lopez 1264;ana.lopez1264@techhub.com
Lucia Rodriguez 1265;lucia.rodriguez1265@techhub.com
Ana Gimenez 1266;ana.gimenez1266@techhub.com
Sofia Diaz 1267;sofia.diaz1267@techhub.com
Luis Martinez 1268;luis.martinez1268@techhub.com
Elena Gomez 1269;elena.gomez1269@techhub.com
Ana Diaz 1270;ana.diaz1270@techhub.com
David Lopez 1271;david.lopez1271@techhub.com
Carlos Perez 1272;carlos.perez1272@techhub.com
Lucia Martinez 1273;lucia.martinez1273@techhub.com
Maria Martinez 1274;maria.martinez1274@techhub.com
Luis Fernandez 1275;luis.fernandez1275@techhub.com
Carlos Gimenez 1276;carlos.gimenez1276@techhub.com
Juan Gomez 1277;juan.gomez1277@techhub.com
Maria Lopez 1278;maria.lopez1278@techhub.com
Luis Perez 1279;luis.perez1279@techhub.com
Carlos Gomez 1280;carlos.gomez1280@techhub.com
Pedro Fernandez 1281;pedro.fernandez1281@techhub.com
Ana Gomez 1282;ana.gomez1282@techhub.com
Pedro Fernandez 1283;pedro.fernandez1283@techhub.com
Maria Gimenez 1284;maria.gimenez1284@techhub.com
Sofia Fernandez 1285;sofia.fernandez1285@techhub.com
Lucia Diaz 1286;lucia.diaz1286@techhub.com
David Perez 1287;david.perez1287@techhub.com
Sofia Perez 1288;sofia.perez1288@techhub.com
Juan Martinez 1289;juan.martinez1289@techhub.com
Juan Perez 1290;juan.perez1290@techhub.com
Maria Lopez 1291;maria.lopez1291@techhub.com
Ana Perez 1292;ana.perez1292@techhub.com
Pedro Perez 1293;pedro.perez1293@techhub.com
Luis Diaz 1294;luis.diaz1294@techhub.com
David Perez 1295;david.perez1295@techhub.com
Juan Lopez 1296;juan.lopez1296@techhub.com
Juan Lopez 1297;juan.lopez1297@techhub.com
Elena Martinez 1298;elena.martinez1298@techhub.com
Pedro Martinez 1299;pedro.martinez1299@techhub.com
Juan Rodriguez 1300;juan.rodriguez1300@techhub.com
Juan Diaz 1301;juan.diaz1301@techhub.com
Juan Martinez 1302;juan.martinez1302@techhub.com
Ana Diaz 1303;ana.diaz1303@techhub.com
Maria Diaz 1304;maria.diaz1304@techhub.com
Ana Perez 1305;ana.perez1305@techhub.com
David Lopez 1306;david.lopez1306@techhub.com
David Rodriguez 1307;david.rodriguez1307@techhub.com
Carlos Martinez 1308;carlos.martinez1308@techhub.com
Elena Perez 1309;elena.perez1309@techhub.com
Sofia Gomez 1310;sofia.gomez1310@techhub.com
Maria Fernandez 1311;maria.fernandez1311@techhub.com
Maria Fernandez 1312;maria.fernandez1312@techhub.com
Carlos Diaz 1313;carlos.diaz1313@techhub.com
Ana Rodriguez 1314;ana.rodriguez1314@techhub.com
Elena Lopez 1315;elena.lopez1315@techhub.com
Ana Rodriguez 1316;ana.rodriguez1316@techhub.com
Carlos Perez 1317;carlos.perez1317@techhub.com
David Perez 1318;david.perez1318@techhub.com
David Diaz 1319;david.diaz1319@techhub.com
Elena Gimenez 1320;elena.gimenez1320@techhub.com
David Gomez 1321;david.gomez1321@techhub.com
David Fernandez 1322;david.fernandez1322@techhub.com
Lucia Gimenez 1323;lucia.gimenez1323@techhub.com
Pedro Gomez 1324;pedro.gomez1324@techhub.com
Maria Gomez 1325;maria.gomez1325@techhub.com
Carlos Rodriguez 1326;carlos.rodriguez1326@techhub.com
Maria Rodriguez 1327;maria.rodriguez1327@techhub.com
David Lopez 1328;david.lopez1328@techhub.com
Sofia Gimenez 1329;sofia.gimenez1329@techhub.com
Elena Lopez 1330;elena.lopez1330@techhub.com
David Martinez 1331;david.martinez1331@techhub.com
Elena Fernandez 1332;elena.fernandez1332@techhub.com
David Fernandez 1333;david.fernandez1333@techhub.com
David Perez 1334;david.perez1334@techhub.com
Sofia Fernandez 1335;sofia.fernandez1335@techhub.com
Maria Martinez 1336;maria.martinez1336@techhub.com
Maria Rodriguez 1337;maria.rodriguez1337@techhub.com
Lucia Gomez 1338;lucia.gomez1338@techhub.com
Ana Gimenez 1339;ana.gimenez1339@techhub.com
Lucia Martinez 1340;lucia.martinez1340@techhub.com
Juan Gomez 1341;juan.gomez1341@techhub.com
Ana Rodriguez 1342;ana.rodriguez1342@techhub.com
Elena Fernandez 1343;elena.fernandez1343@techhub.com
Juan Perez 1344;juan.perez1344@techhub.com
Ana Martinez 1345;ana.martinez1345@techhub.com
Lucia Rodriguez 1346;lucia.rodriguez1346@techhub.com
Elena Martinez 1347;elena.martinez1347@techhub.com
Juan Gomez 1348;juan.gomez1348@techhub.com
Lucia Lopez 1349;lucia.lopez1349@techhub.com
Ana Martinez 1350;ana.martinez1350@techhub.com
Juan Gomez 1351;juan.gomez1351@techhub.com
Maria Lopez 1352;maria.lopez1352@techhub.com
Pedro Diaz 1353;pedro.diaz1353@techhub.com
Pedro Perez 1354;pedro.perez1354@techhub.com
Pedro Lopez 1355;pedro.lopez1355@techhub.com
David Gimenez 1356;david.gimenez1356@techhub.com
Juan Diaz 1357;juan.diaz1357@techhub.com
Elena Gomez 1358;elena.gomez1358@techhub.com
Lucia Martinez 1359;lucia.martinez1359@techhub.com
Sofia Perez 1360;sofia.perez1360@techhub.com
Luis Rodriguez 1361;luis.rodriguez1361@techhub.com
David Lopez 1362;david.lopez1362@techhub.com
David Gimenez 1363;david.gimenez1363@techhub.com
Carlos Gimenez 1364;carlos.gimenez1364@techhub.com
Lucia Fernandez 1365;lucia.fernandez1365@techhub.com
Elena Gimenez 1366;elena.gimenez1366@techhub.com
Pedro Gimenez 1367;pedro.gimenez1367@techhub.com
Luis Gimenez 1368;luis.gimenez1368@techhub.com
Elena Lopez 1369;elena.lopez1369@techhub.com
Carlos Fernandez 1370;carlos.fernandez1370@techhub.com
Luis Rodriguez 1371;luis.rodriguez1371@techhub.com
Juan Diaz 1372;juan.diaz1372@techhub.com
Lucia Diaz 1373;lucia.diaz1373@techhub.com
Pedro Diaz 1374;pedro.diaz1374@techhub.com
Lucia Diaz 1375;lucia.diaz1375@techhub.com
Sofia Gomez 1376;sofia.gomez1376@techhub.com
Juan Gimenez 1377;juan.gimenez1377@techhub.com
Sofia Fernandez 1378;sofia.fernandez1378@techhub.com
Pedro Gimenez 1379;pedro.gimenez1379@techhub.com
David Rodriguez 1380;david.rodriguez1380@techhub.com
David Gomez 1381;david.gomez1381@techhub.com
Pedro Gomez 1382;pedro.gomez1382@techhub.com
Ana Gomez 1383;ana.gomez1383@techhub.com
Maria Perez 1384;maria.perez1384@techhub.com
David Lopez 1385;david.lopez1385@techhub.com
Ana Martinez 1386;ana.martinez1386@techhub.com
Ana Gomez 1387;ana.gomez1387@techhub.com
Ana Perez 1388;ana.perez1388@techhub.com
Elena Fernandez 1389;elena.fernandez1389@techhub.com
Elena Martinez 1390;elena.martinez1390@techhub.com
Juan Martinez 1391;juan.martinez1391@techhub.com
Elena Rodriguez 1392;elena.rodriguez1392@techhub.com
Ana Martinez 1393;ana.martinez1393@techhub.com
Ana Gomez 1394;ana.gomez1394@techhub.com
Maria Rodriguez 1395;maria.rodriguez1395@techhub.com
David Rodriguez 1396;david.rodriguez1396@techhub.com
Luis Fernandez 1397;luis.fernandez1397@techhub.com
Ana Gimenez 1398;ana.gimenez1398@techhub.com
Sofia Perez 1399;sofia.perez1399@techhub.com
Maria Perez 1400;maria.perez1400@techhub.com
Lucia Gomez 1401;lucia.gomez1401@techhub.com
Sofia Gimenez 1402;sofia.gimenez1402@techhub.com
Sofia Fernandez 1403;sofia.fernandez1403@techhub.com
Luis Gimenez 1404;luis.gimenez1404@techhub.com
Sofia Diaz 1405;sofia.diaz1405@techhub.com
David Perez 1406;david.perez1406@techhub.com
Maria Diaz 1407;maria.diaz1407@techhub.com
Elena Perez 1408;elena.perez1408@techhub.com
Pedro Rodriguez 1409;pedro.rodriguez1409@techhub.com
Lucia Perez 1410;lucia.perez1410@techhub.com
Maria Gimenez 1411;maria.gimenez1411@techhub.com
Luis Martinez 1412;luis.martinez1412@techhub.com
Ana Martinez 1413;ana.martinez1413@techhub.com
David Fernandez 1414;david.fernandez1414@techhub.com
Ana Diaz 1415;ana.diaz1415@techhub.com
Juan Rodriguez 1416;juan.rodriguez1416@techhub.com
Juan Fernandez 1417;juan.fernandez1417@techhub.com
Juan Martinez 1418;juan.martinez1418@techhub.com
Sofia Martinez 1419;sofia.martinez1419@techhub.com
Maria Gomez 1420;maria.gomez1420@techhub.com
Sofia Gomez 1421;sofia.gomez1421@techhub.com
Maria Gomez 1422;maria.gomez1422@techhub.com
Luis Martinez 1423;luis.martinez1423@techhub.com
Pedro Gomez 1424;pedro.gomez1424@techhub.com
Pedro Perez 1425;pedro.perez1425@techhub.com
Luis Gomez 1426;luis.gomez1426@techhub.com
Ana Perez 1427;ana.perez1427@techhub.com
Elena Lopez 1428;elena.lopez1428@techhub.com
Luis Lopez 1429;luis.lopez1429@techhub.com
Sofia Gomez 1430;sofia.gomez1430@techhub.com
Ana Rodriguez 1431;ana.rodriguez1431@techhub.com
Pedro Lopez 1432;pedro.lopez1432@techhub.com
Elena Diaz 1433;elena.diaz1433@techhub.com
Luis Rodriguez 1434;luis.rodriguez1434@techhub.com
Carlos Fernandez 1435;carlos.fernandez1435@techhub.com
Lucia Gomez 1436;lucia.gomez1436@techhub.com
Maria Diaz 1437;maria.diaz1437@techhub.com
Sofia Perez 1438;sofia.perez1438@techhub.com
Carlos Perez 1439;carlos.perez1439@techhub.com
Maria Perez 1440;maria.perez1440@techhub.com
Carlos Perez 1441;carlos.perez1441@techhub.com
Carlos Gomez 1442;carlos.gomez1442@techhub.com
Luis Perez 1443;luis.perez1443@techhub.com
Ana Lopez 1444;ana.lopez1444@techhub.com
Elena Perez 1445;elena.perez1445@techhub.com
Elena Fernandez 1446;elena.fernandez1446@techhub.com
David Martinez 1447;david.martinez1447@techhub.com
Maria Rodriguez 1448;maria.rodriguez1448@techhub.com
Ana Diaz 1449;ana.diaz1449@techhub.com
Luis Gomez 1450;luis.gomez1450@techhub.com
Pedro Rodriguez 1451;pedro.rodriguez1451@techhub.com
Elena Martinez 1452;elena.martinez1452@techhub.com
Luis Fernandez 1453;luis.fernandez1453@techhub.com
Lucia Martinez 1454;lucia.martinez1454@techhub.com
Ana Fernandez 1455;ana.fernandez1455@techhub.com
David Rodriguez 1456;david.rodriguez1456@techhub.com
Carlos Diaz 1457;carlos.diaz1457@techhub.com
Pedro Martinez 1458;pedro.martinez1458@techhub.com
Elena Gomez 1459;elena.gomez1459@techhub.com
Elena Fernandez 1460;elena.fernandez1460@techhub.com
Sofia Lopez 1461;sofia.lopez1461@techhub.com
Pedro Fernandez 1462;pedro.fernandez1462@techhub.com
David Lopez 1463;david.lopez1463@techhub.com
David Martinez 1464;david.martinez1464@techhub.com
Maria Gimenez 1465;maria.gimenez1465@techhub.com
Elena Martinez 1466;elena.martinez1466@techhub.com
Juan Lopez 1467;juan.lopez1467@techhub.com
Sofia Rodriguez 1468;sofia.rodriguez1468@techhub.com
Juan Perez 1469;juan.perez1469@techhub.com
Juan Gimenez 1470;juan.gimenez1470@techhub.com
Maria Gomez 1471;maria.gomez1471@techhub.com
Pedro Fernandez 1472;pedro.fernandez1472@techhub.com
Ana Lopez 1473;ana.lopez1473@techhub.com
Pedro Martinez 1474;pedro.martinez1474@techhub.com
Carlos Perez 1475;carlos.perez1475@techhub.com
Sofia Gomez 1476;sofia.gomez1476@techhub.com
Sofia Gomez 1477;sofia.gomez1477@techhub.com
Lucia Lopez 1478;lucia.lopez1478@techhub.com
Elena Gomez 1479;elena.gomez1479@techhub.com
David Lopez 1480;david.lopez1480@techhub.com
Luis Fernandez 1481;luis.fernandez1481@techhub.com
Ana Fernandez 1482;ana.fernandez1482@techhub.com
Elena Perez 1483;elena.perez1483@techhub.com
Maria Lopez 1484;maria.lopez1484@techhub.com
Ana Martinez 1485;ana.martinez1485@techhub.com
Sofia Diaz 1486;sofia.diaz1486@techhub.com
David Gomez 1487;david.gomez1487@techhub.com
Ana Fernandez 1488;ana.fernandez1488@techhub.com
Carlos Gomez 1489;carlos.gomez1489@techhub.com
Pedro Diaz 1490;pedro.diaz1490@techhub.com
Elena Martinez 1491;elena.martinez1491@techhub.com
Maria Rodriguez 1492;maria.rodriguez1492@techhub.com
Ana Martinez 1493;ana.martinez1493@techhub.com
David Gimenez 1494;david.gimenez1494@techhub.com
Pedro Martinez 1495;pedro.martinez1495@techhub.com
Carlos Gimenez 1496;carlos.gimenez1496@techhub.com
Pedro Gomez 1497;pedro.gomez1497@techhub.com
Carlos Diaz 1498;carlos.diaz1498@techhub.com
Ana Fernandez 1499;ana.fernandez1499@techhub.com
Pedro Gimenez 1500;pedro.gimenez1500@techhub.com
Luis Gomez 1501;luis.gomez1501@techhub.com
Carlos Lopez 1502;carlos.lopez1502@techhub.com
Carlos Diaz 1503;carlos.diaz1503@techhub.com
Luis Martinez 1504;luis.martinez1504@techhub.com
Maria Rodriguez 1505;maria.rodriguez1505@techhub.com
Juan Gimenez 1506;juan.gimenez1506@techhub.com
Lucia Lopez 1507;lucia.lopez1507@techhub.com
Pedro Fernandez 1508;pedro.fernandez1508@techhub.com
Lucia Lopez 1509;lucia.lopez1509@techhub.com
Juan Lopez 1510;juan.lopez1510@techhub.com
David Perez 1511;david.perez1511@techhub.com
Elena Gimenez 1512;elena.gimenez1512@techhub.com
Luis Martinez 1513;luis.martinez1513@techhub.com
David Perez 1514;david.perez1514@techhub.com
Ana Martinez 1515;ana.martinez1515@techhub.com
Pedro Gimenez 1516;pedro.gimenez1516@techhub.com
Ana Gimenez 1517;ana.gimenez1517@techhub.com
Lucia Perez 1518;lucia.perez1518@techhub.com
Lucia Rodriguez 1519;lucia.rodriguez1519@techhub.com
Pedro Perez 1520;pedro.perez1520@techhub.com
Maria Rodriguez 1521;maria.rodriguez1521@techhub.com
Juan Perez 1522;juan.perez1522@techhub.com
Sofia Diaz 1523;sofia.diaz1523@techhub.com
Maria Rodriguez 1524;maria.rodriguez1524@techhub.com
Sofia Fernandez 1525;sofia.fernandez1525@techhub.com
Pedro Rodriguez 1526;pedro.rodriguez1526@techhub.com
Luis Fernandez 1527;luis.fernandez1527@techhub.com
Maria Lopez 1528;maria.lopez1528@techhub.com
Maria Gimenez 1529;maria.gimenez1529@techhub.com
Elena Fernandez 1530;elena.fernandez1530@techhub.com
Elena Gimenez 1531;elena.gimenez1531@techhub.com
Luis Rodriguez 1532;luis.rodriguez1532@techhub.com
Elena Perez 1533;elena.perez1533@techhub.com
Ana Perez 1534;ana.perez1534@techhub.com
Lucia Gimenez 1535;lucia.gimenez1535@techhub.com
Carlos Lopez 1536;carlos.lopez1536@techhub.com
Luis Perez 1537;luis.perez1537@techhub.com
Maria Rodriguez 1538;maria.rodriguez1538@techhub.com
Pedro Fernandez 1539;pedro.fernandez1539@techhub.com
Ana Rodriguez 1540;ana.rodriguez1540@techhub.com
Carlos Lopez 1541;carlos.lopez1541@techhub.com
Maria Rodriguez 1542;maria.rodriguez1542@techhub.com
Carlos Perez 1543;carlos.perez1543@techhub.com
Sofia Rodriguez 1544;sofia.rodriguez1544@techhub.com
David Fernandez 1545;david.fernandez1545@techhub.com
Carlos Gomez 1546;carlos.gomez1546@techhub.com
Juan Fernandez 1547;juan.fernandez1547@techhub.com
Pedro Lopez 1548;pedro.lopez1548@techhub.com
Ana Perez 1549;ana.perez1549@techhub.com
David Martinez 1550;david.martinez1550@techhub.com
Pedro Lopez 1551;pedro.lopez1551@techhub.com
Luis Fernandez 1552;luis.fernandez1552@techhub.com
Carlos Diaz 1553;carlos.diaz1553@techhub.com
Carlos Lopez 1554;carlos.lopez1554@techhub.com
Juan Gimenez 1555;juan.gimenez1555@techhub.com
Lucia Gimenez 1556;lucia.gimenez1556@techhub.com
Pedro Rodriguez 1557;pedro.rodriguez1557@techhub.com
David Gimenez 1558;david.gimenez1558@techhub.com
Juan Gomez 1559;juan.gomez1559@techhub.com
Elena Gomez 1560;elena.gomez1560@techhub.com
Sofia Gimenez 1561;sofia.gimenez1561@techhub.com
David Gimenez 1562;david.gimenez1562@techhub.com
Elena Gimenez 1563;elena.gimenez1563@techhub.com
Juan Gomez 1564;juan.gomez1564@techhub.com
Maria Gomez 1565;maria.gomez1565@techhub.com
Lucia Martinez 1566;lucia.martinez1566@techhub.com
David Fernandez 1567;david.fernandez1567@techhub.com
David Martinez 1568;david.martinez1568@techhub.com
Luis Diaz 1569;luis.diaz1569@techhub.com
Elena Perez 1570;elena.perez1570@techhub.com
Sofia Gimenez 1571;sofia.gimenez1571@techhub.com
Sofia Martinez 1572;sofia.martinez1572@techhub.com
Sofia Perez 1573;sofia.perez1573@techhub.com
David Gimenez 1574;david.gimenez1574@techhub.com
Carlos Gomez 1575;carlos.gomez1575@techhub.com
Pedro Fernandez 1576;pedro.fernandez1576@techhub.com
Maria Gomez 1577;maria.gomez1577@techhub.com
Sofia Perez 1578;sofia.perez1578@techhub.com
David Martinez 1579;david.martinez1579@techhub.com
Juan Perez 1580;juan.perez1580@techhub.com
Maria Perez 1581;maria.perez1581@techhub.com
Lucia Diaz 1582;lucia.diaz1582@techhub.com
Juan Martinez 1583;juan.martinez1583@techhub.com
Maria Fernandez 1584;maria.fernandez1584@techhub.com
Juan Perez 1585;juan.perez1585@techhub.com
Juan Gomez 1586;juan.gomez1586@techhub.com
Maria Gimenez 1587;maria.gimenez1587@techhub.com
Carlos Martinez 1588;carlos.martinez1588@techhub.com
Pedro Perez 1589;pedro.perez1589@techhub.com
Elena Perez 1590;elena.perez1590@techhub.com
Sofia Diaz 1591;sofia.diaz1591@techhub.com
Luis Martinez 1592;luis.martinez1592@techhub.com
Carlos Martinez 1593;carlos.martinez1593@techhub.com
Lucia Fernandez 1594;lucia.fernandez1594@techhub.com
Elena Rodriguez 1595;elena.rodriguez1595@techhub.com
Carlos Rodriguez 1596;carlos.rodriguez1596@techhub.com
Lucia Rodriguez 1597;lucia.rodriguez1597@techhub.com
Elena Lopez 1598;elena.lopez1598@techhub.com
Pedro Martinez 1599;pedro.martinez1599@techhub.com
Lucia Diaz 1600;lucia.diaz1600@techhub.com
David Martinez 1601;david.martinez1601@techhub.com
Sofia Gimenez 1602;sofia.gimenez1602@techhub.com
Sofia Lopez 1603;sofia.lopez1603@techhub.com
Lucia Gomez 1604;lucia.gomez1604@techhub.com
Lucia Rodriguez 1605;lucia.rodriguez1605@techhub.com
Lucia Lopez 1606;lucia.lopez1606@techhub.com
Lucia Rodriguez 1607;lucia.rodriguez1607@techhub.com
Ana Gimenez 1608;ana.gimenez1608@techhub.com
Lucia Diaz 1609;lucia.diaz1609@techhub.com
Elena Perez 1610;elena.perez1610@techhub.com
Lucia Fernandez 1611;lucia.fernandez1611@techhub.com
David Perez 1612;david.perez1612@techhub.com
David Gomez 1613;david.gomez1613@techhub.com
Juan Lopez 1614;juan.lopez1614@techhub.com
Juan Rodriguez 1615;juan.rodriguez1615@techhub.com
Luis Martinez 1616;luis.martinez1616@techhub.com
Elena Lopez 1617;elena.lopez1617@techhub.com
Ana Perez 1618;ana.perez1618@techhub.com
Lucia Gimenez 1619;lucia.gimenez1619@techhub.com
Pedro Lopez 1620;pedro.lopez1620@techhub.com
Ana Gimenez 1621;ana.gimenez1621@techhub.com
Elena Gimenez 1622;elena.gimenez1622@techhub.com
Elena Perez 1623;elena.perez1623@techhub.com
Juan Gomez 1624;juan.gomez1624@techhub.com
Pedro Gimenez 1625;pedro.gimenez1625@techhub.com
Elena Fernandez 1626;elena.fernandez1626@techhub.com
Juan Rodriguez 1627;juan.rodriguez1627@techhub.com
Sofia Diaz 1628;sofia.diaz1628@techhub.com
Elena Gimenez 1629;elena.gimenez1629@techhub.com
Sofia Fernandez 1630;sofia.fernandez1630@techhub.com
Sofia Rodriguez 1631;sofia.rodriguez1631@techhub.com
Elena Martinez 1632;elena.martinez1632@techhub.com
Carlos Gomez 1633;carlos.gomez1633@techhub.com
Luis Rodriguez 1634;luis.rodriguez1634@techhub.com
Luis Lopez 1635;luis.lopez1635@techhub.com
Luis Lopez 1636;luis.lopez1636@techhub.com
Elena Fernandez 1637;elena.fernandez1637@techhub.com
Carlos Perez 1638;carlos.perez1638@techhub.com
David Perez 1639;david.perez1639@techhub.com
Elena Gimenez 1640;elena.gimenez1640@techhub.com
Sofia Gomez 1641;sofia.gomez1641@techhub.com
Lucia Perez 1642;lucia.perez1642@techhub.com
Lucia Martinez 1643;lucia.martinez1643@techhub.com
David Gomez 1644;david.gomez1644@techhub.com
Juan Lopez 1645;juan.lopez1645@techhub.com
David Lopez 1646;david.lopez1646@techhub.com
David Gomez 1647;david.gomez1647@techhub.com
Elena Diaz 1648;elena.diaz1648@techhub.com
Juan Fernandez 1649;juan.fernandez1649@techhub.com
Luis Diaz 1650;luis.diaz1650@techhub.com
Elena Gomez 1651;elena.gomez1651@techhub.com
Lucia Gomez 1652;lucia.gomez1652@techhub.com
Juan Fernandez 1653;juan.fernandez1653@techhub.com
Sofia Gimenez 1654;sofia.gimenez1654@techhub.com
Pedro Gomez 1655;pedro.gomez1655@techhub.com
Lucia Martinez 1656;lucia.martinez1656@techhub.com
Sofia Rodriguez 1657;sofia.rodriguez1657@techhub.com
Juan Perez 1658;juan.perez1658@techhub.com
Pedro Rodriguez 1659;pedro.rodriguez1659@techhub.com
Ana Fernandez 1660;ana.fernandez1660@techhub.com
Ana Lopez 1661;ana.lopez1661@techhub.com
Lucia Fernandez 1662;lucia.fernandez1662@techhub.com
Juan Rodriguez 1663;juan.rodriguez1663@techhub.com
Lucia Diaz 1664;lucia.diaz1664@techhub.com
Luis Fernandez 1665;luis.fernandez1665@techhub.com
Sofia Rodriguez 1666;sofia.rodriguez1666@techhub.com
Elena Gimenez 1667;elena.gimenez1667@techhub.com
David Gimenez 1668;david.gimenez1668@techhub.com
Lucia Perez 1669;lucia.perez1669@techhub.com
Luis Rodriguez 1670;luis.rodriguez1670@techhub.com
Elena Fernandez 1671;elena.fernandez1671@techhub.com
Pedro Perez 1672;pedro.perez1672@techhub.com
Sofia Diaz 1673;sofia.diaz1673@techhub.com
Luis Martinez 1674;luis.martinez1674@techhub.com
Sofia Diaz 1675;sofia.diaz1675@techhub.com
Elena Lopez 1676;elena.lopez1676@techhub.com
Elena Diaz 1677;elena.diaz1677@techhub.com
Juan Diaz 1678;juan.diaz1678@techhub.com
Pedro Rodriguez 1679;pedro.rodriguez1679@techhub.com
Ana Diaz 1680;ana.diaz1680@techhub.com
Elena Gomez 1681;elena.gomez1681@techhub.com
Pedro Lopez 1682;pedro.lopez1682@techhub.com
Carlos Rodriguez 1683;carlos.rodriguez1683@techhub.com
David Gimenez 1684;david.gimenez1684@techhub.com
Ana Diaz 1685;ana.diaz1685@techhub.com
Pedro Martinez 1686;pedro.martinez1686@techhub.com
Maria Martinez 1687;maria.martinez1687@techhub.com
Sofia Diaz 1688;sofia.diaz1688@techhub.com
Ana Perez 1689;ana.perez1689@techhub.com
David Rodriguez 1690;david.rodriguez1690@techhub.com
Ana Fernandez 1691;ana.fernandez1691@techhub.com
Carlos Gomez 1692;carlos.gomez1692@techhub.com
Carlos Rodriguez 1693;carlos.rodriguez1693@techhub.com
David Lopez 1694;david.lopez1694@techhub.com
Juan Perez 1695;juan.perez1695@techhub.com
David Gomez 1696;david.gomez1696@techhub.com
Luis Martinez 1697;luis.martinez1697@techhub.com
Carlos Lopez 1698;carlos.lopez1698@techhub.com
Lucia Fernandez 1699;lucia.fernandez1699@techhub.com
Juan Gomez 1700;juan.gomez1700@techhub.com
Carlos Fernandez 1701;carlos.fernandez1701@techhub.com
Sofia Perez 1702;sofia.perez1702@techhub.com
Sofia Martinez 1703;sofia.martinez1703@techhub.com
Juan Lopez 1704;juan.lopez1704@techhub.com
Elena Gomez 1705;elena.gomez1705@techhub.com
David Lopez 1706;david.lopez1706@techhub.com
Maria Lopez 1707;maria.lopez1707@techhub.com
Ana Fernandez 1708;ana.fernandez1708@techhub.com
Juan Rodriguez 1709;juan.rodriguez1709@techhub.com
Pedro Gimenez 1710;pedro.gimenez1710@techhub.com
Lucia Rodriguez 1711;lucia.rodriguez1711@techhub.com
Sofia Gomez 1712;sofia.gomez1712@techhub.com
Ana Diaz 1713;ana.diaz1713@techhub.com
Pedro Perez 1714;pedro.perez1714@techhub.com
Sofia Gomez 1715;sofia.gomez1715@techhub.com
Carlos Martinez 1716;carlos.martinez1716@techhub.com
Lucia Rodriguez 1717;lucia.rodriguez1717@techhub.com
David Martinez 1718;david.martinez1718@techhub.com
Maria Fernandez 1719;maria.fernandez1719@techhub.com
Carlos Martinez 1720;carlos.martinez1720@techhub.com
Juan Gimenez 1721;juan.gimenez1721@techhub.com
Maria Diaz 1722;maria.diaz1722@techhub.com
Pedro Gomez 1723;pedro.gomez1723@techhub.com
Juan Rodriguez 1724;juan.rodriguez1724@techhub.com
Elena Rodriguez 1725;elena.rodriguez1725@techhub.com
Maria Rodriguez 1726;maria.rodriguez1726@techhub.com
Pedro Lopez 1727;pedro.lopez1727@techhub.com
David Lopez 1728;david.lopez1728@techhub.com
Carlos Diaz 1729;carlos.diaz1729@techhub.com
Carlos Gomez 1730;carlos.gomez1730@techhub.com
Juan Perez 1731;juan.perez1731@techhub.com
Carlos Gimenez 1732;carlos.gimenez1732@techhub.com
Maria Gomez 1733;maria.gomez1733@techhub.com
David Gimenez 1734;david.gimenez1734@techhub.com
Sofia Lopez 1735;sofia.lopez1735@techhub.com
Elena Lopez 1736;elena.lopez1736@techhub.com
Ana Lopez 1737;ana.lopez1737@techhub.com
Ana Lopez 1738;ana.lopez1738@techhub.com
Carlos Rodriguez 1739;carlos.rodriguez1739@techhub.com
Maria Rodriguez 1740;maria.rodriguez1740@techhub.com
Luis Diaz 1741;luis.diaz1741@techhub.com
Juan Gomez 1742;juan.gomez1742@techhub.com
Pedro Lopez 1743;pedro.lopez1743@techhub.com
Carlos Fernandez 1744;carlos.fernandez1744@techhub.com
Lucia Martinez 1745;lucia.martinez1745@techhub.com
Pedro Gimenez 1746;pedro.gimenez1746@techhub.com
Carlos Martinez 1747;carlos.martinez1747@techhub.com
Ana Rodriguez 1748;ana.rodriguez1748@techhub.com
Lucia Gomez 1749;lucia.gomez1749@techhub.com
Elena Gomez 1750;elena.gomez1750@techhub.com
Luis Lopez 1751;luis.lopez1751@techhub.com
Maria Martinez 1752;maria.martinez1752@techhub.com
Carlos Gomez 1753;carlos.gomez1753@techhub.com
Elena Martinez 1754;elena.martinez1754@techhub.com
Ana Martinez 1755;ana.martinez1755@techhub.com
Carlos Fernandez 1756;carlos.fernandez1756@techhub.com
Lucia Martinez 1757;lucia.martinez1757@techhub.com
Luis Gomez 1758;luis.gomez1758@techhub.com
Lucia Fernandez 1759;lucia.fernandez1759@techhub.com
Sofia Gomez 1760;sofia.gomez1760@techhub.com
Maria Martinez 1761;maria.martinez1761@techhub.com
Lucia Perez 1762;lucia.perez1762@techhub.com
Pedro Rodriguez 1763;pedro.rodriguez1763@techhub.com
David Lopez 1764;david.lopez1764@techhub.com
Pedro Diaz 1765;pedro.diaz1765@techhub.com
Elena Rodriguez 1766;elena.rodriguez1766@techhub.com
Luis Rodriguez 1767;luis.rodriguez1767@techhub.com
Sofia Fernandez 1768;sofia.fernandez1768@techhub.com
Pedro Rodriguez 1769;pedro.rodriguez1769@techhub.com
Sofia Fernandez 1770;sofia.fernandez1770@techhub.com
Ana Fernandez 1771;ana.fernandez1771@techhub.com
Luis Lopez 1772;luis.lopez1772@techhub.com
Carlos Gimenez 1773;carlos.gimenez1773@techhub.com
Sofia Martinez 1774;sofia.martinez1774@techhub.com
Juan Lopez 1775;juan.lopez1775@techhub.com
Luis Perez 1776;luis.perez1776@techhub.com
Luis Rodriguez 1777;luis.rodriguez1777@techhub.com
Maria Rodriguez 1778;maria.rodriguez1778@techhub.com
Sofia Diaz 1779;sofia.diaz1779@techhub.com
Carlos Gimenez 1780;carlos.gimenez1780@techhub.com
Ana Rodriguez 1781;ana.rodriguez1781@techhub.com
Sofia Perez 1782;sofia.perez1782@techhub.com
Carlos Fernandez 1783;carlos.fernandez1783@techhub.com
Lucia Gomez 1784;lucia.gomez1784@techhub.com
Juan Gimenez 1785;juan.gimenez1785@techhub.com
Pedro Gimenez 1786;pedro.gimenez1786@techhub.com
Ana Rodriguez 1787;ana.rodriguez1787@techhub.com
Lucia Fernandez 1788;lucia.fernandez1788@techhub.com
Ana Lopez 1789;ana.lopez1789@techhub.com
Luis Lopez 1790;luis.lopez1790@techhub.com
David Gimenez 1791;david.gimenez1791@techhub.com
Maria Gomez 1792;maria.gomez1792@techhub.com
Luis Martinez 1793;luis.martinez1793@techhub.com
Lucia Perez 1794;lucia.perez1794@techhub.com
Maria Martinez 1795;maria.martinez1795@techhub.com
Carlos Perez 1796;carlos.perez1796@techhub.com
Pedro Gomez 1797;pedro.gomez1797@techhub.com
Carlos Gomez 1798;carlos.gomez1798@techhub.com
Ana Rodriguez 1799;ana.rodriguez1799@techhub.com
David Diaz 1800;david.diaz1800@techhub.com
David Gimenez 1801;david.gimenez1801@techhub.com
Luis Gimenez 1802;luis.gimenez1802@techhub.com
Pedro Fernandez 1803;pedro.fernandez1803@techhub.com
Elena Gomez 1804;elena.gomez1804@techhub.com
David Lopez 1805;david.lopez1805@techhub.com
Elena Diaz 1806;elena.diaz1806@techhub.com
Sofia Gomez 1807;sofia.gomez1807@techhub.com
Elena Martinez 1808;elena.martinez1808@techhub.com
Elena Lopez 1809;elena.lopez1809@techhub.com
Pedro Rodriguez 1810;pedro.rodriguez1810@techhub.com
Lucia Lopez 1811;lucia.lopez1811@techhub.com
Luis Perez 1812;luis.perez1812@techhub.com
Elena Fernandez 1813;elena.fernandez1813@techhub.com
Juan Gimenez 1814;juan.gimenez1814@techhub.com
Pedro Martinez 1815;pedro.martinez1815@techhub.com
Elena Lopez 1816;elena.lopez1816@techhub.com
Juan Gimenez 1817;juan.gimenez1817@techhub.com
Sofia Martinez 1818;sofia.martinez1818@techhub.com
Sofia Gomez 1819;sofia.gomez1819@techhub.com
Lucia Diaz 1820;lucia.diaz1820@techhub.com
Maria Rodriguez 1821;maria.rodriguez1821@techhub.com
Juan Gomez 1822;juan.gomez1822@techhub.com
Ana Gimenez 1823;ana.gimenez1823@techhub.com
David Diaz 1824;david.diaz1824@techhub.com
Maria Fernandez 1825;maria.fernandez1825@techhub.com
Pedro Rodriguez 1826;pedro.rodriguez1826@techhub.com
Maria Perez 1827;maria.perez1827@techhub.com
Sofia Diaz 1828;sofia.diaz1828@techhub.com
Pedro Gimenez 1829;pedro.gimenez1829@techhub.com
Maria Martinez 1830;maria.martinez1830@techhub.com
Juan Fernandez 1831;juan.fernandez1831@techhub.com
Sofia Gomez 1832;sofia.gomez1832@techhub.com
Lucia Fernandez 1833;lucia.fernandez1833@techhub.com
David Martinez 1834;david.martinez1834@techhub.com
Juan Martinez 1835;juan.martinez1835@techhub.com
Ana Martinez 1836;ana.martinez1836@techhub.com
Luis Perez 1837;luis.perez1837@techhub.com
Ana Gomez 1838;ana.gomez1838@techhub.com
Elena Perez 1839;elena.perez1839@techhub.com
Elena Diaz 1840;elena.diaz1840@techhub.com
Maria Lopez 1841;maria.lopez1841@techhub.com
Sofia Martinez 1842;sofia.martinez1842@techhub.com
Sofia Perez 1843;sofia.perez1843@techhub.com
Lucia Lopez 1844;lucia.lopez1844@techhub.com
Maria Perez 1845;maria.perez1845@techhub.com
Luis Fernandez 1846;luis.fernandez1846@techhub.com
Sofia Perez 1847;sofia.perez1847@techhub.com
Luis Martinez 1848;luis.martinez1848@techhub.com
Juan Rodriguez 1849;juan.rodriguez1849@techhub.com
Maria Perez 1850;maria.perez1850@techhub.com
Lucia Rodriguez 1851;lucia.rodriguez1851@techhub.com
Lucia Fernandez 1852;lucia.fernandez1852@techhub.com
David Fernandez 1853;david.fernandez1853@techhub.com
David Gomez 1854;david.gomez1854@techhub.com
Maria Diaz 1855;maria.diaz1855@techhub.com
Carlos Martinez 1856;carlos.martinez1856@techhub.com
David Gomez 1857;david.gomez1857@techhub.com
Elena Lopez 1858;elena.lopez1858@techhub.com
Carlos Gomez 1859;carlos.gomez1859@techhub.com
Maria Fernandez 1860;maria.fernandez1860@techhub.com
Sofia Diaz 1861;sofia.diaz1861@techhub.com
Ana Rodriguez 1862;ana.rodriguez1862@techhub.com
Lucia Fernandez 1863;lucia.fernandez1863@techhub.com
Elena Lopez 1864;elena.lopez1864@techhub.com
Luis Martinez 1865;luis.martinez1865@techhub.com
Carlos Rodriguez 1866;carlos.rodriguez1866@techhub.com
Sofia Perez 1867;sofia.perez1867@techhub.com
Juan Gomez 1868;juan.gomez1868@techhub.com
David Rodriguez 1869;david.rodriguez1869@techhub.com
Maria Diaz 1870;maria.diaz1870@techhub.com
Lucia Diaz 1871;lucia.diaz1871@techhub.com
David Gimenez 1872;david.gimenez1872@techhub.com
David Rodriguez 1873;david.rodriguez1873@techhub.com
Ana Fernandez 1874;ana.fernandez1874@techhub.com
Pedro Gimenez 1875;pedro.gimenez1875@techhub.com
Ana Lopez 1876;ana.lopez1876@techhub.com
Elena Martinez 1877;elena.martinez1877@techhub.com
Juan Gomez 1878;juan.gomez1878@techhub.com
David Rodriguez 1879;david.rodriguez1879@techhub.com
Ana Diaz 1880;ana.diaz1880@techhub.com
Sofia Lopez 1881;sofia.lopez1881@techhub.com
Ana Martinez 1882;ana.martinez1882@techhub.com
Sofia Gomez 1883;sofia.gomez1883@techhub.com
Carlos Rodriguez 1884;carlos.rodriguez1884@techhub.com
David Gimenez 1885;david.gimenez1885@techhub.com
David Lopez 1886;david.lopez1886@techhub.com
Elena Rodriguez 1887;elena.rodriguez1887@techhub.com
Lucia Gomez 1888;lucia.gomez1888@techhub.com
Lucia Martinez 1889;lucia.martinez1889@techhub.com
David Martinez 1890;david.martinez1890@techhub.com
Juan Diaz 1891;juan.diaz1891@techhub.com
Juan Gimenez 1892;juan.gimenez1892@techhub.com
Lucia Rodriguez 1893;lucia.rodriguez1893@techhub.com
Luis Gomez 1894;luis.gomez1894@techhub.com
Maria Lopez 1895;maria.lopez1895@techhub.com
Carlos Martinez 1896;carlos.martinez1896@techhub.com
Lucia Martinez 1897;lucia.martinez1897@techhub.com
Ana Fernandez 1898;ana.fernandez1898@techhub.com
Sofia Gimenez 1899;sofia.gimenez1899@techhub.com
David Diaz 1900;david.diaz1900@techhub.com
Juan Fernandez 1901;juan.fernandez1901@techhub.com
Sofia Lopez 1902;sofia.lopez1902@techhub.com
Ana Diaz 1903;ana.diaz1903@techhub.com
Sofia Martinez 1904;sofia.martinez1904@techhub.com
Lucia Lopez 1905;lucia.lopez1905@techhub.com
Juan Diaz 1906;juan.diaz1906@techhub.com
David Lopez 1907;david.lopez1907@techhub.com
Maria Rodriguez 1908;maria.rodriguez1908@techhub.com
Lucia Gomez 1909;lucia.gomez1909@techhub.com
Maria Martinez 1910;maria.martinez1910@techhub.com
Ana Perez 1911;ana.perez1911@techhub.com
Ana Perez 1912;ana.perez1912@techhub.com
Sofia Perez 1913;sofia.perez1913@techhub.com
Ana Lopez 1914;ana.lopez1914@techhub.com
Juan Fernandez 1915;juan.fernandez1915@techhub.com
David Diaz 1916;david.diaz1916@techhub.com
Elena Martinez 1917;elena.martinez1917@techhub.com
Juan Gomez 1918;juan.gomez1918@techhub.com
Luis Fernandez 1919;luis.fernandez1919@techhub.com
Sofia Lopez 1920;sofia.lopez1920@techhub.com
Sofia Diaz 1921;sofia.diaz1921@techhub.com
Maria Martinez 1922;maria.martinez1922@techhub.com
Luis Rodriguez 1923;luis.rodriguez1923@techhub.com
Ana Martinez 1924;ana.martinez1924@techhub.com
Juan Martinez 1925;juan.martinez1925@techhub.com
Luis Rodriguez 1926;luis.rodriguez1926@techhub.com
Juan Gomez 1927;juan.gomez1927@techhub.com
Elena Perez 1928;elena.perez1928@techhub.com
Elena Gomez 1929;elena.gomez1929@techhub.com
Luis Diaz 1930;luis.diaz1930@techhub.com
Maria Martinez 1931;maria.martinez1931@techhub.com
Pedro Fernandez 1932;pedro.fernandez1932@techhub.com
Pedro Perez 1933;pedro.perez1933@techhub.com
Luis Perez 1934;luis.perez1934@techhub.com
Sofia Diaz 1935;sofia.diaz1935@techhub.com
Pedro Martinez 1936;pedro.martinez1936@techhub.com
Maria Diaz 1937;maria.diaz1937@techhub.com
Sofia Gimenez 1938;sofia.gimenez1938@techhub.com
Carlos Gimenez 1939;carlos.gimenez1939@techhub.com
Ana Gomez 1940;ana.gomez1940@techhub.com
Pedro Martinez 1941;pedro.martinez1941@techhub.com
Luis Gimenez 1942;luis.gimenez1942@techhub.com
Carlos Martinez 1943;carlos.martinez1943@techhub.com
David Gomez 1944;david.gomez1944@techhub.com
Juan Gomez 1945;juan.gomez1945@techhub.com
Maria Gomez 1946;maria.gomez1946@techhub.com
Luis Rodriguez 1947;luis.rodriguez1947@techhub.com
Sofia Lopez 1948;sofia.lopez1948@techhub.com
Elena Rodriguez 1949;elena.rodriguez1949@techhub.com
Maria Rodriguez 1950;maria.rodriguez1950@techhub.com
Elena Fernandez 1951;elena.fernandez1951@techhub.com
David Martinez 1952;david.martinez1952@techhub.com
Luis Martinez 1953;luis.martinez1953@techhub.com
Sofia Fernandez 1954;sofia.fernandez1954@techhub.com
Ana Perez 1955;ana.perez1955@techhub.com
Pedro Diaz 1956;pedro.diaz1956@techhub.com
Luis Lopez 1957;luis.lopez1957@techhub.com
Maria Perez 1958;maria.perez1958@techhub.com
Ana Martinez 1959;ana.martinez1959@techhub.com
Lucia Gimenez 1960;lucia.gimenez1960@techhub.com
Luis Diaz 1961;luis.diaz1961@techhub.com
Sofia Gimenez 1962;sofia.gimenez1962@techhub.com
David Lopez 1963;david.lopez1963@techhub.com
Luis Rodriguez 1964;luis.rodriguez1964@techhub.com
Juan Rodriguez 1965;juan.rodriguez1965@techhub.com
Carlos Fernandez 1966;carlos.fernandez1966@techhub.com
Ana Gomez 1967;ana.gomez1967@techhub.com
Luis Gomez 1968;luis.gomez1968@techhub.com
David Rodriguez 1969;david.rodriguez1969@techhub.com
Luis Martinez 1970;luis.martinez1970@techhub.com
Carlos Diaz 1971;carlos.diaz1971@techhub.com
Lucia Perez 1972;lucia.perez1972@techhub.com
David Gomez 1973;david.gomez1973@techhub.com
Luis Martinez 1974;luis.martinez1974@techhub.com
Juan Gomez 1975;juan.gomez1975@techhub.com
Elena Gimenez 1976;elena.gimenez1976@techhub.com
David Rodriguez 1977;david.rodriguez1977@techhub.com
Maria Lopez 1978;maria.lopez1978@techhub.com
Pedro Rodriguez 1979;pedro.rodriguez1979@techhub.com
David Diaz 1980;david.diaz1980@techhub.com
David Gimenez 1981;david.gimenez1981@techhub.com
Elena Gimenez 1982;elena.gimenez1982@techhub.com
David Martinez 1983;david.martinez1983@techhub.com
Lucia Rodriguez 1984;lucia.rodriguez1984@techhub.com
Luis Fernandez 1985;luis.fernandez1985@techhub.com
Ana Gimenez 1986;ana.gimenez1986@techhub.com
David Rodriguez 1987;david.rodriguez1987@techhub.com
Ana Lopez 1988;ana.lopez1988@techhub.com
Luis Diaz 1989;luis.diaz1989@techhub.com
Elena Fernandez 1990;elena.fernandez1990@techhub.com
Juan Diaz 1991;juan.diaz1991@techhub.com
Carlos Lopez 1992;carlos.lopez1992@techhub.com
Carlos Lopez 1993;carlos.lopez1993@techhub.com
Juan Gimenez 1994;juan.gimenez1994@techhub.com
Maria Perez 1995;maria.perez1995@techhub.com
Juan Rodriguez 1996;juan.rodriguez1996@techhub.com
Luis Diaz 1997;luis.diaz1997@techhub.com
Juan Perez 1998;juan.perez1998@techhub.com
David Diaz 1999;david.diaz1999@techhub.com
Ana Perez 2000;ana.perez2000@techhub.com
Luis Perez 2001;luis.perez2001@techhub.com
Luis Fernandez 2002;luis.fernandez2002@techhub.com
Juan Gimenez 2003;juan.gimenez2003@techhub.com
Lucia Gimenez 2004;lucia.gimenez2004@techhub.com
Luis Martinez 2005;luis.martinez2005@techhub.com
David Lopez 2006;david.lopez2006@techhub.com
Sofia Gimenez 2007;sofia.gimenez2007@techhub.com
Pedro Diaz 2008;pedro.diaz2008@techhub.com
Maria Gimenez 2009;maria.gimenez2009@techhub.com
David Perez 2010;david.perez2010@techhub.com
Maria Martinez 2011;maria.martinez2011@techhub.com
Ana Gimenez 2012;ana.gimenez2012@techhub.com
Pedro Diaz 2013;pedro.diaz2013@techhub.com
Luis Perez 2014;luis.perez2014@techhub.com
Carlos Gomez 2015;carlos.gomez2015@techhub.com
Maria Gimenez 2016;maria.gimenez2016@techhub.com
Luis Diaz 2017;luis.diaz2017@techhub.com
Lucia Diaz 2018;lucia.diaz2018@techhub.com
Luis Gimenez 2019;luis.gimenez2019@techhub.com
Pedro Martinez 2020;pedro.martinez2020@techhub.com
Juan Lopez 2021;juan.lopez2021@techhub.com
Sofia Gimenez 2022;sofia.gimenez2022@techhub.com
Carlos Perez 2023;carlos.perez2023@techhub.com
Ana Martinez 2024;ana.martinez2024@techhub.com
David Perez 2025;david.perez2025@techhub.com
Maria Fernandez 2026;maria.fernandez2026@techhub.com
Elena Gomez 2027;elena.gomez2027@techhub.com
Juan Lopez 2028;juan.lopez2028@techhub.com
Lucia Gomez 2029;lucia.gomez2029@techhub.com
Luis Gomez 2030;luis.gomez2030@techhub.com
Lucia Gimenez 2031;lucia.gimenez2031@techhub.com
David Fernandez 2032;david.fernandez2032@techhub.com
Ana Lopez 2033;ana.lopez2033@techhub.com
Sofia Fernandez 2034;sofia.fernandez2034@techhub.com
Juan Martinez 2035;juan.martinez2035@techhub.com
Juan Perez 2036;juan.perez2036@techhub.com
Ana Diaz 2037;ana.diaz2037@techhub.com
Ana Lopez 2038;ana.lopez2038@techhub.com
Juan Lopez 2039;juan.lopez2039@techhub.com
Luis Gimenez 2040;luis.gimenez2040@techhub.com
Pedro Martinez 2041;pedro.martinez2041@techhub.com
Luis Fernandez 2042;luis.fernandez2042@techhub.com
David Fernandez 2043;david.fernandez2043@techhub.com
Luis Perez 2044;luis.perez2044@techhub.com
Luis Gimenez 2045;luis.gimenez2045@techhub.com
Ana Diaz 2046;ana.diaz2046@techhub.com
Sofia Lopez 2047;sofia.lopez2047@techhub.com
David Diaz 2048;david.diaz2048@techhub.com
David Perez 2049;david.perez2049@techhub.com
Maria Fernandez 2050;maria.fernandez2050@techhub.com
Carlos Martinez 2051;carlos.martinez2051@techhub.com
Maria Martinez 2052;maria.martinez2052@techhub.com
Luis Lopez 2053;luis.lopez2053@techhub.com
Juan Gimenez 2054;juan.gimenez2054@techhub.com
David Perez 2055;david.perez2055@techhub.com
Luis Perez 2056;luis.perez2056@techhub.com
Carlos Gomez 2057;carlos.gomez2057@techhub.com
Elena Gomez 2058;elena.gomez2058@techhub.com
David Diaz 2059;david.diaz2059@techhub.com
Pedro Gomez 2060;pedro.gomez2060@techhub.com
Luis Diaz 2061;luis.diaz2061@techhub.com
Ana Gomez 2062;ana.gomez2062@techhub.com
Pedro Diaz 2063;pedro.diaz2063@techhub.com
Ana Fernandez 2064;ana.fernandez2064@techhub.com
Lucia Rodriguez 2065;lucia.rodriguez2065@techhub.com
Luis Fernandez 2066;luis.fernandez2066@techhub.com
Juan Rodriguez 2067;juan.rodriguez2067@techhub.com
David Fernandez 2068;david.fernandez2068@techhub.com
Carlos Gimenez 2069;carlos.gimenez2069@techhub.com
Elena Martinez 2070;elena.martinez2070@techhub.com
Maria Diaz 2071;maria.diaz2071@techhub.com
Pedro Gimenez 2072;pedro.gimenez2072@techhub.com
Elena Lopez 2073;elena.lopez2073@techhub.com
Elena Fernandez 2074;elena.fernandez2074@techhub.com
Juan Lopez 2075;juan.lopez2075@techhub.com
David Gimenez 2076;david.gimenez2076@techhub.com
Elena Fernandez 2077;elena.fernandez2077@techhub.com
Juan Martinez 2078;juan.martinez2078@techhub.com
Maria Rodriguez 2079;maria.rodriguez2079@techhub.com
David Perez 2080;david.perez2080@techhub.com
Sofia Rodriguez 2081;sofia.rodriguez2081@techhub.com
Luis Rodriguez 2082;luis.rodriguez2082@techhub.com
Pedro Lopez 2083;pedro.lopez2083@techhub.com
Ana Perez 2084;ana.perez2084@techhub.com
Carlos Diaz 2085;carlos.diaz2085@techhub.com
David Rodriguez 2086;david.rodriguez2086@techhub.com
Ana Rodriguez 2087;ana.rodriguez2087@techhub.com
Sofia Gimenez 2088;sofia.gimenez2088@techhub.com
Juan Gomez 2089;juan.gomez2089@techhub.com
Maria Lopez 2090;maria.lopez2090@techhub.com
Sofia Fernandez 2091;sofia.fernandez2091@techhub.com
Ana Lopez 2092;ana.lopez2092@techhub.com
David Gimenez 2093;david.gimenez2093@techhub.com
Ana Rodriguez 2094;ana.rodriguez2094@techhub.com
Elena Gimenez 2095;elena.gimenez2095@techhub.com
Pedro Diaz 2096;pedro.diaz2096@techhub.com
Maria Diaz 2097;maria.diaz2097@techhub.com
Maria Lopez 2098;maria.lopez2098@techhub.com
Maria Lopez 2099;maria.lopez2099@techhub.com
Juan Gimenez 2100;juan.gimenez2100@techhub.com
David Diaz 2101;david.diaz2101@techhub.com
Ana Fernandez 2102;ana.fernandez2102@techhub.com
David Perez 2103;david.perez2103@techhub.com
Juan Diaz 2104;juan.diaz2104@techhub.com
Sofia Perez 2105;sofia.perez2105@techhub.com
Luis Lopez 2106;luis.lopez2106@techhub.com
Pedro Perez 2107;pedro.perez2107@techhub.com
Carlos Gimenez 2108;carlos.gimenez2108@techhub.com
Luis Martinez 2109;luis.martinez2109@techhub.com
David Fernandez 2110;david.fernandez2110@techhub.com
David Rodriguez 2111;david.rodriguez2111@techhub.com
Pedro Fernandez 2112;pedro.fernandez2112@techhub.com
Carlos Gimenez 2113;carlos.gimenez2113@techhub.com
Elena Diaz 2114;elena.diaz2114@techhub.com
Elena Lopez 2115;elena.lopez2115@techhub.com
Maria Diaz 2116;maria.diaz2116@techhub.com
Carlos Lopez 2117;carlos.lopez2117@techhub.com
Juan Perez 2118;juan.perez2118@techhub.com
Lucia Martinez 2119;lucia.martinez2119@techhub.com
Luis Rodriguez 2120;luis.rodriguez2120@techhub.com
Maria Diaz 2121;maria.diaz2121@techhub.com
Juan Gimenez 2122;juan.gimenez2122@techhub.com
Juan Gomez 2123;juan.gomez2123@techhub.com
Lucia Rodriguez 2124;lucia.rodriguez2124@techhub.com
Elena Perez 2125;elena.perez2125@techhub.com
Lucia Gomez 2126;lucia.gomez2126@techhub.com
Lucia Gomez 2127;lucia.gomez2127@techhub.com
Carlos Martinez 2128;carlos.martinez2128@techhub.com
Sofia Gimenez 2129;sofia.gimenez2129@techhub.com
Lucia Gimenez 2130;lucia.gimenez2130@techhub.com
Carlos Gimenez 2131;carlos.gimenez2131@techhub.com
Elena Lopez 2132;elena.lopez2132@techhub.com
Carlos Gimenez 2133;carlos.gimenez2133@techhub.com
David Gomez 2134;david.gomez2134@techhub.com
Elena Perez 2135;elena.perez2135@techhub.com
Juan Fernandez 2136;juan.fernandez2136@techhub.com
Luis Gimenez 2137;luis.gimenez2137@techhub.com
Luis Martinez 2138;luis.martinez2138@techhub.com
Lucia Gomez 2139;lucia.gomez2139@techhub.com
Maria Rodriguez 2140;maria.rodriguez2140@techhub.com
Luis Perez 2141;luis.perez2141@techhub.com
Maria Diaz 2142;maria.diaz2142@techhub.com
Carlos Martinez 2143;carlos.martinez2143@techhub.com
Elena Fernandez 2144;elena.fernandez2144@techhub.com
Luis Lopez 2145;luis.lopez2145@techhub.com
Sofia Lopez 2146;sofia.lopez2146@techhub.com
David Gimenez 2147;david.gimenez2147@techhub.com
Elena Gimenez 2148;elena.gimenez2148@techhub.com
David Gimenez 2149;david.gimenez2149@techhub.com
Sofia Diaz 2150;sofia.diaz2150@techhub.com
Sofia Perez 2151;sofia.perez2151@techhub.com
Juan Fernandez 2152;juan.fernandez2152@techhub.com
Maria Fernandez 2153;maria.fernandez2153@techhub.com
Ana Gomez 2154;ana.gomez2154@techhub.com
Elena Gimenez 2155;elena.gimenez2155@techhub.com
Ana Gimenez 2156;ana.gimenez2156@techhub.com
Luis Fernandez 2157;luis.fernandez2157@techhub.com
Carlos Lopez 2158;carlos.lopez2158@techhub.com
Lucia Rodriguez 2159;lucia.rodriguez2159@techhub.com
Elena Martinez 2160;elena.martinez2160@techhub.com
Lucia Lopez 2161;lucia.lopez2161@techhub.com
Ana Diaz 2162;ana.diaz2162@techhub.com
Elena Perez 2163;elena.perez2163@techhub.com
David Perez 2164;david.perez2164@techhub.com
Maria Perez 2165;maria.perez2165@techhub.com
Maria Rodriguez 2166;maria.rodriguez2166@techhub.com
Ana Gomez 2167;ana.gomez2167@techhub.com
David Lopez 2168;david.lopez2168@techhub.com
Elena Diaz 2169;elena.diaz2169@techhub.com
Juan Gomez 2170;juan.gomez2170@techhub.com
Maria Martinez 2171;maria.martinez2171@techhub.com
Elena Martinez 2172;elena.martinez2172@techhub.com
Carlos Fernandez 2173;carlos.fernandez2173@techhub.com
David Gomez 2174;david.gomez2174@techhub.com
Lucia Rodriguez 2175;lucia.rodriguez2175@techhub.com
Juan Fernandez 2176;juan.fernandez2176@techhub.com
Luis Fernandez 2177;luis.fernandez2177@techhub.com
Carlos Martinez 2178;carlos.martinez2178@techhub.com
David Martinez 2179;david.martinez2179@techhub.com
Carlos Lopez 2180;carlos.lopez2180@techhub.com
Luis Diaz 2181;luis.diaz2181@techhub.com
Lucia Diaz 2182;lucia.diaz2182@techhub.com
Sofia Gimenez 2183;sofia.gimenez2183@techhub.com
Carlos Gimenez 2184;carlos.gimenez2184@techhub.com
Juan Rodriguez 2185;juan.rodriguez2185@techhub.com
Carlos Lopez 2186;carlos.lopez2186@techhub.com
Elena Gimenez 2187;elena.gimenez2187@techhub.com
David Gomez 2188;david.gomez2188@techhub.com
Elena Lopez 2189;elena.lopez2189@techhub.com
Carlos Diaz 2190;carlos.diaz2190@techhub.com
Maria Lopez 2191;maria.lopez2191@techhub.com
Maria Rodriguez 2192;maria.rodriguez2192@techhub.com
Carlos Lopez 2193;carlos.lopez2193@techhub.com
Luis Diaz 2194;luis.diaz2194@techhub.com
Maria Diaz 2195;maria.diaz2195@techhub.com
Luis Lopez 2196;luis.lopez2196@techhub.com
Elena Lopez 2197;elena.lopez2197@techhub.com
Maria Gomez 2198;maria.gomez2198@techhub.com
Ana Lopez 2199;ana.lopez2199@techhub.com
Sofia Perez 2200;sofia.perez2200@techhub.com
Ana Rodriguez 2201;ana.rodriguez2201@techhub.com
David Gomez 2202;david.gomez2202@techhub.com
Carlos Perez 2203;carlos.perez2203@techhub.com
David Rodriguez 2204;david.rodriguez2204@techhub.com
David Gimenez 2205;david.gimenez2205@techhub.com
Ana Gimenez 2206;ana.gimenez2206@techhub.com
David Martinez 2207;david.martinez2207@techhub.com
Pedro Perez 2208;pedro.perez2208@techhub.com
Pedro Diaz 2209;pedro.diaz2209@techhub.com
Sofia Fernandez 2210;sofia.fernandez2210@techhub.com
Juan Rodriguez 2211;juan.rodriguez2211@techhub.com
Juan Fernandez 2212;juan.fernandez2212@techhub.com
Lucia Gimenez 2213;lucia.gimenez2213@techhub.com
Maria Rodriguez 2214;maria.rodriguez2214@techhub.com
Lucia Perez 2215;lucia.perez2215@techhub.com
David Gomez 2216;david.gomez2216@techhub.com
Sofia Gimenez 2217;sofia.gimenez2217@techhub.com
Lucia Diaz 2218;lucia.diaz2218@techhub.com
Ana Lopez 2219;ana.lopez2219@techhub.com
Elena Fernandez 2220;elena.fernandez2220@techhub.com
Ana Rodriguez 2221;ana.rodriguez2221@techhub.com
Sofia Fernandez 2222;sofia.fernandez2222@techhub.com
Carlos Martinez 2223;carlos.martinez2223@techhub.com
Luis Lopez 2224;luis.lopez2224@techhub.com
Elena Gomez 2225;elena.gomez2225@techhub.com
Luis Gomez 2226;luis.gomez2226@techhub.com
Ana Rodriguez 2227;ana.rodriguez2227@techhub.com
Juan Martinez 2228;juan.martinez2228@techhub.com
Juan Martinez 2229;juan.martinez2229@techhub.com
Sofia Martinez 2230;sofia.martinez2230@techhub.com
Lucia Perez 2231;lucia.perez2231@techhub.com
David Gomez 2232;david.gomez2232@techhub.com
Pedro Gimenez 2233;pedro.gimenez2233@techhub.com
Carlos Rodriguez 2234;carlos.rodriguez2234@techhub.com
Luis Martinez 2235;luis.martinez2235@techhub.com
Luis Gomez 2236;luis.gomez2236@techhub.com
David Fernandez 2237;david.fernandez2237@techhub.com
Ana Gimenez 2238;ana.gimenez2238@techhub.com
Carlos Perez 2239;carlos.perez2239@techhub.com
Elena Lopez 2240;elena.lopez2240@techhub.com
Luis Lopez 2241;luis.lopez2241@techhub.com
Lucia Fernandez 2242;lucia.fernandez2242@techhub.com
Elena Lopez 2243;elena.lopez2243@techhub.com
David Gimenez 2244;david.gimenez2244@techhub.com
David Lopez 2245;david.lopez2245@techhub.com
Sofia Martinez 2246;sofia.martinez2246@techhub.com
Luis Lopez 2247;luis.lopez2247@techhub.com
Maria Gomez 2248;maria.gomez2248@techhub.com
Carlos Gomez 2249;carlos.gomez2249@techhub.com
David Fernandez 2250;david.fernandez2250@techhub.com
David Lopez 2251;david.lopez2251@techhub.com
Elena Gimenez 2252;elena.gimenez2252@techhub.com
Elena Fernandez 2253;elena.fernandez2253@techhub.com
Lucia Gimenez 2254;lucia.gimenez2254@techhub.com
Elena Diaz 2255;elena.diaz2255@techhub.com
Sofia Martinez 2256;sofia.martinez2256@techhub.com
Elena Fernandez 2257;elena.fernandez2257@techhub.com
Maria Perez 2258;maria.perez2258@techhub.com
David Gomez 2259;david.gomez2259@techhub.com
Maria Martinez 2260;maria.martinez2260@techhub.com
Juan Gomez 2261;juan.gomez2261@techhub.com
Elena Diaz 2262;elena.diaz2262@techhub.com
Carlos Gimenez 2263;carlos.gimenez2263@techhub.com
Lucia Lopez 2264;lucia.lopez2264@techhub.com
Carlos Fernandez 2265;carlos.fernandez2265@techhub.com
Elena Gomez 2266;elena.gomez2266@techhub.com
Lucia Lopez 2267;lucia.lopez2267@techhub.com
Maria Gomez 2268;maria.gomez2268@techhub.com
Lucia Gomez 2269;lucia.gomez2269@techhub.com
Elena Gomez 2270;elena.gomez2270@techhub.com
Pedro Gomez 2271;pedro.gomez2271@techhub.com
Elena Diaz 2272;elena.diaz2272@techhub.com
Lucia Rodriguez 2273;lucia.rodriguez2273@techhub.com
Sofia Fernandez 2274;sofia.fernandez2274@techhub.com
Carlos Martinez 2275;carlos.martinez2275@techhub.com
Pedro Diaz 2276;pedro.diaz2276@techhub.com
Pedro Diaz 2277;pedro.diaz2277@techhub.com
Maria Gomez 2278;maria.gomez2278@techhub.com
Maria Fernandez 2279;maria.fernandez2279@techhub.com
Maria Fernandez 2280;maria.fernandez2280@techhub.com
David Lopez 2281;david.lopez2281@techhub.com
Sofia Diaz 2282;sofia.diaz2282@techhub.com
Carlos Diaz 2283;carlos.diaz2283@techhub.com
Pedro Diaz 2284;pedro.diaz2284@techhub.com
Elena Martinez 2285;elena.martinez2285@techhub.com
Elena Lopez 2286;elena.lopez2286@techhub.com
Sofia Rodriguez 2287;sofia.rodriguez2287@techhub.com
Maria Gimenez 2288;maria.gimenez2288@techhub.com
Sofia Gomez 2289;sofia.gomez2289@techhub.com
Luis Rodriguez 2290;luis.rodriguez2290@techhub.com
Sofia Gimenez 2291;sofia.gimenez2291@techhub.com
Ana Diaz 2292;ana.diaz2292@techhub.com
Pedro Martinez 2293;pedro.martinez2293@techhub.com
Sofia Fernandez 2294;sofia.fernandez2294@techhub.com
Maria Fernandez 2295;maria.fernandez2295@techhub.com
Juan Diaz 2296;juan.diaz2296@techhub.com
Elena Martinez 2297;elena.martinez2297@techhub.com
Ana Perez 2298;ana.perez2298@techhub.com
Elena Diaz 2299;elena.diaz2299@techhub.com
David Gomez 2300;david.gomez2300@techhub.com
Ana Fernandez 2301;ana.fernandez2301@techhub.com
Sofia Gomez 2302;sofia.gomez2302@techhub.com
Sofia Diaz 2303;sofia.diaz2303@techhub.com
Elena Rodriguez 2304;elena.rodriguez2304@techhub.com
Juan Rodriguez 2305;juan.rodriguez2305@techhub.com
Lucia Lopez 2306;lucia.lopez2306@techhub.com
Juan Gimenez 2307;juan.gimenez2307@techhub.com
Luis Gimenez 2308;luis.gimenez2308@techhub.com
Maria Martinez 2309;maria.martinez2309@techhub.com
Carlos Perez 2310;carlos.perez2310@techhub.com
Maria Diaz 2311;maria.diaz2311@techhub.com
Elena Perez 2312;elena.perez2312@techhub.com
Sofia Fernandez 2313;sofia.fernandez2313@techhub.com
Luis Perez 2314;luis.perez2314@techhub.com
Sofia Gimenez 2315;sofia.gimenez2315@techhub.com
Sofia Martinez 2316;sofia.martinez2316@techhub.com
Carlos Fernandez 2317;carlos.fernandez2317@techhub.com
David Lopez 2318;david.lopez2318@techhub.com
Sofia Fernandez 2319;sofia.fernandez2319@techhub.com
Luis Gomez 2320;luis.gomez2320@techhub.com
Carlos Rodriguez 2321;carlos.rodriguez2321@techhub.com
David Gimenez 2322;david.gimenez2322@techhub.com
Ana Lopez 2323;ana.lopez2323@techhub.com
Maria Rodriguez 2324;maria.rodriguez2324@techhub.com
Lucia Lopez 2325;lucia.lopez2325@techhub.com
Luis Fernandez 2326;luis.fernandez2326@techhub.com
Carlos Gomez 2327;carlos.gomez2327@techhub.com
Ana Lopez 2328;ana.lopez2328@techhub.com
Maria Rodriguez 2329;maria.rodriguez2329@techhub.com
Pedro Gimenez 2330;pedro.gimenez2330@techhub.com
Elena Martinez 2331;elena.martinez2331@techhub.com
Carlos Martinez 2332;carlos.martinez2332@techhub.com
David Perez 2333;david.perez2333@techhub.com
Maria Perez 2334;maria.perez2334@techhub.com
Pedro Rodriguez 2335;pedro.rodriguez2335@techhub.com
Luis Rodriguez 2336;luis.rodriguez2336@techhub.com
Sofia Lopez 2337;sofia.lopez2337@techhub.com
Pedro Perez 2338;pedro.perez2338@techhub.com
Luis Perez 2339;luis.perez2339@techhub.com
David Lopez 2340;david.lopez2340@techhub.com
Carlos Fernandez 2341;carlos.fernandez2341@techhub.com
Carlos Martinez 2342;carlos.martinez2342@techhub.com
Carlos Diaz 2343;carlos.diaz2343@techhub.com
Juan Fernandez 2344;juan.fernandez2344@techhub.com
Pedro Lopez 2345;pedro.lopez2345@techhub.com
Lucia Martinez 2346;lucia.martinez2346@techhub.com
David Diaz 2347;david.diaz2347@techhub.com
Luis Gimenez 2348;luis.gimenez2348@techhub.com
Ana Rodriguez 2349;ana.rodriguez2349@techhub.com
Maria Rodriguez 2350;maria.rodriguez2350@techhub.com
Ana Rodriguez 2351;ana.rodriguez2351@techhub.com
Elena Diaz 2352;elena.diaz2352@techhub.com
Pedro Diaz 2353;pedro.diaz2353@techhub.com
Elena Perez 2354;elena.perez2354@techhub.com
Juan Gomez 2355;juan.gomez2355@techhub.com
Lucia Gimenez 2356;lucia.gimenez2356@techhub.com
Sofia Diaz 2357;sofia.diaz2357@techhub.com
Juan Diaz 2358;juan.diaz2358@techhub.com
Ana Lopez 2359;ana.lopez2359@techhub.com
Lucia Rodriguez 2360;lucia.rodriguez2360@techhub.com
David Gomez 2361;david.gomez2361@techhub.com
Luis Perez 2362;luis.perez2362@techhub.com
Carlos Gomez 2363;carlos.gomez2363@techhub.com
Juan Gimenez 2364;juan.gimenez2364@techhub.com
Luis Rodriguez 2365;luis.rodriguez2365@techhub.com
Juan Martinez 2366;juan.martinez2366@techhub.com
Juan Lopez 2367;juan.lopez2367@techhub.com
Juan Gimenez 2368;juan.gimenez2368@techhub.com
Pedro Perez 2369;pedro.perez2369@techhub.com
Maria Gomez 2370;maria.gomez2370@techhub.com
Maria Fernandez 2371;maria.fernandez2371@techhub.com
Lucia Fernandez 2372;lucia.fernandez2372@techhub.com
Juan Rodriguez 2373;juan.rodriguez2373@techhub.com
Pedro Fernandez 2374;pedro.fernandez2374@techhub.com
Elena Diaz 2375;elena.diaz2375@techhub.com
David Fernandez 2376;david.fernandez2376@techhub.com
Pedro Martinez 2377;pedro.martinez2377@techhub.com
Ana Martinez 2378;ana.martinez2378@techhub.com
Ana Gimenez 2379;ana.gimenez2379@techhub.com
Lucia Gomez 2380;lucia.gomez2380@techhub.com
Elena Fernandez 2381;elena.fernandez2381@techhub.com
Lucia Rodriguez 2382;lucia.rodriguez2382@techhub.com
Elena Martinez 2383;elena.martinez2383@techhub.com
Carlos Rodriguez 2384;carlos.rodriguez2384@techhub.com
Ana Gimenez 2385;ana.gimenez2385@techhub.com
Pedro Rodriguez 2386;pedro.rodriguez2386@techhub.com
David Gomez 2387;david.gomez2387@techhub.com
Maria Martinez 2388;maria.martinez2388@techhub.com
Lucia Martinez 2389;lucia.martinez2389@techhub.com
Elena Martinez 2390;elena.martinez2390@techhub.com
Juan Fernandez 2391;juan.fernandez2391@techhub.com
Pedro Lopez 2392;pedro.lopez2392@techhub.com
Juan Fernandez 2393;juan.fernandez2393@techhub.com
Maria Gomez 2394;maria.gomez2394@techhub.com
David Martinez 2395;david.martinez2395@techhub.com
Sofia Fernandez 2396;sofia.fernandez2396@techhub.com
David Gomez 2397;david.gomez2397@techhub.com
Juan Fernandez 2398;juan.fernandez2398@techhub.com
Maria Gomez 2399;maria.gomez2399@techhub.com
Carlos Lopez 2400;carlos.lopez2400@techhub.com
Luis Rodriguez 2401;luis.rodriguez2401@techhub.com
Juan Gomez 2402;juan.gomez2402@techhub.com
Luis Perez 2403;luis.perez2403@techhub.com
Pedro Lopez 2404;pedro.lopez2404@techhub.com
Ana Gomez 2405;ana.gomez2405@techhub.com
Maria Diaz 2406;maria.diaz2406@techhub.com
Maria Lopez 2407;maria.lopez2407@techhub.com
Maria Martinez 2408;maria.martinez2408@techhub.com
Juan Gimenez 2409;juan.gimenez2409@techhub.com
Lucia Rodriguez 2410;lucia.rodriguez2410@techhub.com
Pedro Lopez 2411;pedro.lopez2411@techhub.com
Luis Martinez 2412;luis.martinez2412@techhub.com
Lucia Perez 2413;lucia.perez2413@techhub.com
Pedro Rodriguez 2414;pedro.rodriguez2414@techhub.com
Lucia Martinez 2415;lucia.martinez2415@techhub.com
Carlos Gimenez 2416;carlos.gimenez2416@techhub.com
Ana Fernandez 2417;ana.fernandez2417@techhub.com
Sofia Rodriguez 2418;sofia.rodriguez2418@techhub.com
Sofia Fernandez 2419;sofia.fernandez2419@techhub.com
Carlos Rodriguez 2420;carlos.rodriguez2420@techhub.com
David Rodriguez 2421;david.rodriguez2421@techhub.com
Juan Diaz 2422;juan.diaz2422@techhub.com
Luis Perez 2423;luis.perez2423@techhub.com
Ana Perez 2424;ana.perez2424@techhub.com
Maria Fernandez 2425;maria.fernandez2425@techhub.com
Elena Gimenez 2426;elena.gimenez2426@techhub.com
Carlos Rodriguez 2427;carlos.rodriguez2427@techhub.com
Sofia Lopez 2428;sofia.lopez2428@techhub.com
Sofia Rodriguez 2429;sofia.rodriguez2429@techhub.com
Maria Martinez 2430;maria.martinez2430@techhub.com
Juan Martinez 2431;juan.martinez2431@techhub.com
Carlos Gimenez 2432;carlos.gimenez2432@techhub.com
Elena Gimenez 2433;elena.gimenez2433@techhub.com
David Martinez 2434;david.martinez2434@techhub.com
Juan Diaz 2435;juan.diaz2435@techhub.com
Carlos Martinez 2436;carlos.martinez2436@techhub.com
Carlos Rodriguez 2437;carlos.rodriguez2437@techhub.com
Sofia Martinez 2438;sofia.martinez2438@techhub.com
Elena Perez 2439;elena.perez2439@techhub.com
Lucia Martinez 2440;lucia.martinez2440@techhub.com
Sofia Fernandez 2441;sofia.fernandez2441@techhub.com
Ana Fernandez 2442;ana.fernandez2442@techhub.com
David Rodriguez 2443;david.rodriguez2443@techhub.com
Carlos Fernandez 2444;carlos.fernandez2444@techhub.com
David Gimenez 2445;david.gimenez2445@techhub.com
Carlos Gimenez 2446;carlos.gimenez2446@techhub.com
Elena Perez 2447;elena.perez2447@techhub.com
Elena Rodriguez 2448;elena.rodriguez2448@techhub.com
Luis Perez 2449;luis.perez2449@techhub.com
Luis Lopez 2450;luis.lopez2450@techhub.com
Pedro Fernandez 2451;pedro.fernandez2451@techhub.com
Juan Rodriguez 2452;juan.rodriguez2452@techhub.com
Juan Rodriguez 2453;juan.rodriguez2453@techhub.com
Pedro Rodriguez 2454;pedro.rodriguez2454@techhub.com
Carlos Perez 2455;carlos.perez2455@techhub.com
David Diaz 2456;david.diaz2456@techhub.com
Lucia Martinez 2457;lucia.martinez2457@techhub.com
David Gomez 2458;david.gomez2458@techhub.com
Juan Martinez 2459;juan.martinez2459@techhub.com
David Rodriguez 2460;david.rodriguez2460@techhub.com
Juan Lopez 2461;juan.lopez2461@techhub.com
Elena Perez 2462;elena.perez2462@techhub.com
Ana Gomez 2463;ana.gomez2463@techhub.com
Lucia Gimenez 2464;lucia.gimenez2464@techhub.com
Luis Perez 2465;luis.perez2465@techhub.com
Pedro Rodriguez 2466;pedro.rodriguez2466@techhub.com
Pedro Lopez 2467;pedro.lopez2467@techhub.com
Ana Fernandez 2468;ana.fernandez2468@techhub.com
Sofia Gomez 2469;sofia.gomez2469@techhub.com
Carlos Fernandez 2470;carlos.fernandez2470@techhub.com
Juan Lopez 2471;juan.lopez2471@techhub.com
Luis Diaz 2472;luis.diaz2472@techhub.com
Maria Gomez 2473;maria.gomez2473@techhub.com
Juan Fernandez 2474;juan.fernandez2474@techhub.com
Ana Lopez 2475;ana.lopez2475@techhub.com
Ana Perez 2476;ana.perez2476@techhub.com
Luis Rodriguez 2477;luis.rodriguez2477@techhub.com
Juan Fernandez 2478;juan.fernandez2478@techhub.com
Pedro Martinez 2479;pedro.martinez2479@techhub.com
Sofia Lopez 2480;sofia.lopez2480@techhub.com
Ana Perez 2481;ana.perez2481@techhub.com
Luis Martinez 2482;luis.martinez2482@techhub.com
Luis Rodriguez 2483;luis.rodriguez2483@techhub.com
Juan Gimenez 2484;juan.gimenez2484@techhub.com
Juan Fernandez 2485;juan.fernandez2485@techhub.com
Pedro Rodriguez 2486;pedro.rodriguez2486@techhub.com
Luis Fernandez 2487;luis.fernandez2487@techhub.com
David Martinez 2488;david.martinez2488@techhub.com
Elena Diaz 2489;elena.diaz2489@techhub.com
Lucia Fernandez 2490;lucia.fernandez2490@techhub.com
Lucia Gimenez 2491;lucia.gimenez2491@techhub.com
Carlos Gimenez 2492;carlos.gimenez2492@techhub.com
David Fernandez 2493;david.fernandez2493@techhub.com
Sofia Martinez 2494;sofia.martinez2494@techhub.com
Luis Gimenez 2495;luis.gimenez2495@techhub.com
Pedro Perez 2496;pedro.perez2496@techhub.com
Ana Fernandez 2497;ana.fernandez2497@techhub.com
Carlos Diaz 2498;carlos.diaz2498@techhub.com
Pedro Fernandez 2499;pedro.fernandez2499@techhub.com
Pedro Diaz 2500;pedro.diaz2500@techhub.com
Luis Martinez 2501;luis.martinez2501@techhub.com
Elena Diaz 2502;elena.diaz2502@techhub.com
David Rodriguez 2503;david.rodriguez2503@techhub.com
Luis Lopez 2504;luis.lopez2504@techhub.com
Ana Perez 2505;ana.perez2505@techhub.com
Maria Perez 2506;maria.perez2506@techhub.com
Pedro Fernandez 2507;pedro.fernandez2507@techhub.com
Lucia Gimenez 2508;lucia.gimenez2508@techhub.com
Carlos Gomez 2509;carlos.gomez2509@techhub.com
Pedro Lopez 2510;pedro.lopez2510@techhub.com
Lucia Gomez 2511;lucia.gomez2511@techhub.com
Sofia Gimenez 2512;sofia.gimenez2512@techhub.com
Lucia Gimenez 2513;lucia.gimenez2513@techhub.com
Maria Lopez 2514;maria.lopez2514@techhub.com
Carlos Perez 2515;carlos.perez2515@techhub.com
Juan Diaz 2516;juan.diaz2516@techhub.com
Sofia Diaz 2517;sofia.diaz2517@techhub.com
Ana Gimenez 2518;ana.gimenez2518@techhub.com
Ana Gomez 2519;ana.gomez2519@techhub.com
Elena Diaz 2520;elena.diaz2520@techhub.com
Lucia Perez 2521;lucia.perez2521@techhub.com
Luis Gomez 2522;luis.gomez2522@techhub.com
Carlos Perez 2523;carlos.perez2523@techhub.com
Carlos Gomez 2524;carlos.gomez2524@techhub.com
Pedro Lopez 2525;pedro.lopez2525@techhub.com
Sofia Gomez 2526;sofia.gomez2526@techhub.com
Sofia Martinez 2527;sofia.martinez2527@techhub.com
Elena Diaz 2528;elena.diaz2528@techhub.com
David Martinez 2529;david.martinez2529@techhub.com
David Lopez 2530;david.lopez2530@techhub.com
Sofia Fernandez 2531;sofia.fernandez2531@techhub.com
Carlos Rodriguez 2532;carlos.rodriguez2532@techhub.com
David Perez 2533;david.perez2533@techhub.com
David Lopez 2534;david.lopez2534@techhub.com
Elena Rodriguez 2535;elena.rodriguez2535@techhub.com
Lucia Lopez 2536;lucia.lopez2536@techhub.com
Juan Rodriguez 2537;juan.rodriguez2537@techhub.com
Maria Gimenez 2538;maria.gimenez2538@techhub.com
Sofia Martinez 2539;sofia.martinez2539@techhub.com
Lucia Gomez 2540;lucia.gomez2540@techhub.com
Carlos Rodriguez 2541;carlos.rodriguez2541@techhub.com
Elena Diaz 2542;elena.diaz2542@techhub.com
David Perez 2543;david.perez2543@techhub.com
Pedro Fernandez 2544;pedro.fernandez2544@techhub.com
Carlos Gimenez 2545;carlos.gimenez2545@techhub.com
David Diaz 2546;david.diaz2546@techhub.com
Carlos Gimenez 2547;carlos.gimenez2547@techhub.com
Elena Perez 2548;elena.perez2548@techhub.com
Lucia Martinez 2549;lucia.martinez2549@techhub.com
Ana Martinez 2550;ana.martinez2550@techhub.com
David Perez 2551;david.perez2551@techhub.com
Juan Rodriguez 2552;juan.rodriguez2552@techhub.com
Maria Rodriguez 2553;maria.rodriguez2553@techhub.com
Maria Lopez 2554;maria.lopez2554@techhub.com
Ana Rodriguez 2555;ana.rodriguez2555@techhub.com
Lucia Martinez 2556;lucia.martinez2556@techhub.com
Maria Rodriguez 2557;maria.rodriguez2557@techhub.com
Ana Rodriguez 2558;ana.rodriguez2558@techhub.com
Pedro Fernandez 2559;pedro.fernandez2559@techhub.com
Luis Gomez 2560;luis.gomez2560@techhub.com
Pedro Fernandez 2561;pedro.fernandez2561@techhub.com
Sofia Gomez 2562;sofia.gomez2562@techhub.com
Luis Rodriguez 2563;luis.rodriguez2563@techhub.com
Ana Perez 2564;ana.perez2564@techhub.com
Elena Fernandez 2565;elena.fernandez2565@techhub.com
Maria Lopez 2566;maria.lopez2566@techhub.com
Carlos Fernandez 2567;carlos.fernandez2567@techhub.com
Lucia Diaz 2568;lucia.diaz2568@techhub.com
Maria Fernandez 2569;maria.fernandez2569@techhub.com
Carlos Perez 2570;carlos.perez2570@techhub.com
David Perez 2571;david.perez2571@techhub.com
Maria Gomez 2572;maria.gomez2572@techhub.com
Juan Fernandez 2573;juan.fernandez2573@techhub.com
Lucia Perez 2574;lucia.perez2574@techhub.com
Luis Martinez 2575;luis.martinez2575@techhub.com
Pedro Fernandez 2576;pedro.fernandez2576@techhub.com
Lucia Rodriguez 2577;lucia.rodriguez2577@techhub.com
Ana Gimenez 2578;ana.gimenez2578@techhub.com
Pedro Martinez 2579;pedro.martinez2579@techhub.com
Juan Diaz 2580;juan.diaz2580@techhub.com
Carlos Gimenez 2581;carlos.gimenez2581@techhub.com
Carlos Gomez 2582;carlos.gomez2582@techhub.com
Luis Gimenez 2583;luis.gimenez2583@techhub.com
Carlos Lopez 2584;carlos.lopez2584@techhub.com
Carlos Gimenez 2585;carlos.gimenez2585@techhub.com
Juan Diaz 2586;juan.diaz2586@techhub.com
Carlos Gomez 2587;carlos.gomez2587@techhub.com
Maria Lopez 2588;maria.lopez2588@techhub.com
Ana Fernandez 2589;ana.fernandez2589@techhub.com
Carlos Gomez 2590;carlos.gomez2590@techhub.com
Lucia Gomez 2591;lucia.gomez2591@techhub.com
Sofia Gomez 2592;sofia.gomez2592@techhub.com
Maria Martinez 2593;maria.martinez2593@techhub.com
Lucia Gimenez 2594;lucia.gimenez2594@techhub.com
Ana Perez 2595;ana.perez2595@techhub.com
Luis Lopez 2596;luis.lopez2596@techhub.com
Maria Rodriguez 2597;maria.rodriguez2597@techhub.com
Elena Rodriguez 2598;elena.rodriguez2598@techhub.com
Juan Diaz 2599;juan.diaz2599@techhub.com
Luis Gomez 2600;luis.gomez2600@techhub.com
Juan Gomez 2601;juan.gomez2601@techhub.com
Lucia Perez 2602;lucia.perez2602@techhub.com
Pedro Martinez 2603;pedro.martinez2603@techhub.com
David Gimenez 2604;david.gimenez2604@techhub.com
Juan Martinez 2605;juan.martinez2605@techhub.com
Juan Martinez 2606;juan.martinez2606@techhub.com
Maria Fernandez 2607;maria.fernandez2607@techhub.com
Carlos Gomez 2608;carlos.gomez2608@techhub.com
Lucia Diaz 2609;lucia.diaz2609@techhub.com
David Gimenez 2610;david.gimenez2610@techhub.com
Pedro Rodriguez 2611;pedro.rodriguez2611@techhub.com
Lucia Gimenez 2612;lucia.gimenez2612@techhub.com
David Martinez 2613;david.martinez2613@techhub.com
Elena Diaz 2614;elena.diaz2614@techhub.com
Juan Gimenez 2615;juan.gimenez2615@techhub.com
Lucia Fernandez 2616;lucia.fernandez2616@techhub.com
Sofia Gomez 2617;sofia.gomez2617@techhub.com
Sofia Gomez 2618;sofia.gomez2618@techhub.com
Carlos Lopez 2619;carlos.lopez2619@techhub.com
Luis Diaz 2620;luis.diaz2620@techhub.com
Elena Rodriguez 2621;elena.rodriguez2621@techhub.com
Carlos Fernandez 2622;carlos.fernandez2622@techhub.com
David Perez 2623;david.perez2623@techhub.com
Carlos Martinez 2624;carlos.martinez2624@techhub.com
Ana Lopez 2625;ana.lopez2625@techhub.com
David Lopez 2626;david.lopez2626@techhub.com
Sofia Diaz 2627;sofia.diaz2627@techhub.com
Maria Diaz 2628;maria.diaz2628@techhub.com
David Perez 2629;david.perez2629@techhub.com
Sofia Gomez 2630;sofia.gomez2630@techhub.com
Juan Gomez 2631;juan.gomez2631@techhub.com
David Gimenez 2632;david.gimenez2632@techhub.com
Sofia Martinez 2633;sofia.martinez2633@techhub.com
Maria Gomez 2634;maria.gomez2634@techhub.com
Elena Gomez 2635;elena.gomez2635@techhub.com
Lucia Martinez 2636;lucia.martinez2636@techhub.com
Elena Fernandez 2637;elena.fernandez2637@techhub.com
David Lopez 2638;david.lopez2638@techhub.com
David Fernandez 2639;david.fernandez2639@techhub.com
Ana Rodriguez 2640;ana.rodriguez2640@techhub.com
Juan Lopez 2641;juan.lopez2641@techhub.com
Juan Martinez 2642;juan.martinez2642@techhub.com
Elena Rodriguez 2643;elena.rodriguez2643@techhub.com
Pedro Lopez 2644;pedro.lopez2644@techhub.com
Pedro Martinez 2645;pedro.martinez2645@techhub.com
David Lopez 2646;david.lopez2646@techhub.com
Sofia Fernandez 2647;sofia.fernandez2647@techhub.com
Juan Gimenez 2648;juan.gimenez2648@techhub.com
Pedro Diaz 2649;pedro.diaz2649@techhub.com
Luis Diaz 2650;luis.diaz2650@techhub.com
Juan Perez 2651;juan.perez2651@techhub.com
David Gomez 2652;david.gomez2652@techhub.com
Pedro Rodriguez 2653;pedro.rodriguez2653@techhub.com
Elena Rodriguez 2654;elena.rodriguez2654@techhub.com
Juan Rodriguez 2655;juan.rodriguez2655@techhub.com
Luis Fernandez 2656;luis.fernandez2656@techhub.com
Maria Diaz 2657;maria.diaz2657@techhub.com
David Martinez 2658;david.martinez2658@techhub.com
Sofia Gimenez 2659;sofia.gimenez2659@techhub.com
Carlos Martinez 2660;carlos.martinez2660@techhub.com
Ana Gimenez 2661;ana.gimenez2661@techhub.com
Carlos Martinez 2662;carlos.martinez2662@techhub.com
Ana Gomez 2663;ana.gomez2663@techhub.com
Juan Diaz 2664;juan.diaz2664@techhub.com
Carlos Gimenez 2665;carlos.gimenez2665@techhub.com
Pedro Diaz 2666;pedro.diaz2666@techhub.com
Luis Gomez 2667;luis.gomez2667@techhub.com
Ana Perez 2668;ana.perez2668@techhub.com
Ana Gimenez 2669;ana.gimenez2669@techhub.com
Luis Rodriguez 2670;luis.rodriguez2670@techhub.com
Juan Rodriguez 2671;juan.rodriguez2671@techhub.com
Sofia Perez 2672;sofia.perez2672@techhub.com
Carlos Diaz 2673;carlos.diaz2673@techhub.com
Maria Fernandez 2674;maria.fernandez2674@techhub.com
Ana Gimenez 2675;ana.gimenez2675@techhub.com
Pedro Martinez 2676;pedro.martinez2676@techhub.com
David Fernandez 2677;david.fernandez2677@techhub.com
Lucia Fernandez 2678;lucia.fernandez2678@techhub.com
Elena Gomez 2679;elena.gomez2679@techhub.com
Pedro Fernandez 2680;pedro.fernandez2680@techhub.com
Luis Gimenez 2681;luis.gimenez2681@techhub.com
David Lopez 2682;david.lopez2682@techhub.com
David Martinez 2683;david.martinez2683@techhub.com
Luis Lopez 2684;luis.lopez2684@techhub.com
David Perez 2685;david.perez2685@techhub.com
Elena Perez 2686;elena.perez2686@techhub.com
Elena Fernandez 2687;elena.fernandez2687@techhub.com
Maria Rodriguez 2688;maria.rodriguez2688@techhub.com
Carlos Gomez 2689;carlos.gomez2689@techhub.com
Sofia Lopez 2690;sofia.lopez2690@techhub.com
Lucia Diaz 2691;lucia.diaz2691@techhub.com
Maria Martinez 2692;maria.martinez2692@techhub.com
Ana Perez 2693;ana.perez2693@techhub.com
Luis Fernandez 2694;luis.fernandez2694@techhub.com
David Gomez 2695;david.gomez2695@techhub.com
Ana Diaz 2696;ana.diaz2696@techhub.com
Maria Gimenez 2697;maria.gimenez2697@techhub.com
Maria Gimenez 2698;maria.gimenez2698@techhub.com
Juan Gomez 2699;juan.gomez2699@techhub.com
Sofia Perez 2700;sofia.perez2700@techhub.com
Ana Gomez 2701;ana.gomez2701@techhub.com
Luis Martinez 2702;luis.martinez2702@techhub.com
Lucia Lopez 2703;lucia.lopez2703@techhub.com
Sofia Gomez 2704;sofia.gomez2704@techhub.com
Maria Rodriguez 2705;maria.rodriguez2705@techhub.com
Pedro Fernandez 2706;pedro.fernandez2706@techhub.com
Sofia Lopez 2707;sofia.lopez2707@techhub.com
Elena Fernandez 2708;elena.fernandez2708@techhub.com
Sofia Fernandez 2709;sofia.fernandez2709@techhub.com
Ana Martinez 2710;ana.martinez2710@techhub.com
Ana Diaz 2711;ana.diaz2711@techhub.com
Luis Gomez 2712;luis.gomez2712@techhub.com
Sofia Lopez 2713;sofia.lopez2713@techhub.com
Lucia Gomez 2714;lucia.gomez2714@techhub.com
Ana Gomez 2715;ana.gomez2715@techhub.com
Ana Perez 2716;ana.perez2716@techhub.com
Elena Diaz 2717;elena.diaz2717@techhub.com
Carlos Diaz 2718;carlos.diaz2718@techhub.com
Maria Fernandez 2719;maria.fernandez2719@techhub.com
Carlos Fernandez 2720;carlos.fernandez2720@techhub.com
Carlos Perez 2721;carlos.perez2721@techhub.com
Elena Perez 2722;elena.perez2722@techhub.com
Carlos Rodriguez 2723;carlos.rodriguez2723@techhub.com
Juan Fernandez 2724;juan.fernandez2724@techhub.com
Luis Lopez 2725;luis.lopez2725@techhub.com
Maria Rodriguez 2726;maria.rodriguez2726@techhub.com
Juan Lopez 2727;juan.lopez2727@techhub.com
Ana Fernandez 2728;ana.fernandez2728@techhub.com
Carlos Rodriguez 2729;carlos.rodriguez2729@techhub.com
Juan Perez 2730;juan.perez2730@techhub.com
Ana Martinez 2731;ana.martinez2731@techhub.com
Ana Rodriguez 2732;ana.rodriguez2732@techhub.com
Maria Fernandez 2733;maria.fernandez2733@techhub.com
Juan Perez 2734;juan.perez2734@techhub.com
Ana Diaz 2735;ana.diaz2735@techhub.com
Luis Lopez 2736;luis.lopez2736@techhub.com
David Fernandez 2737;david.fernandez2737@techhub.com
Carlos Martinez 2738;carlos.martinez2738@techhub.com
Lucia Martinez 2739;lucia.martinez2739@techhub.com
Juan Diaz 2740;juan.diaz2740@techhub.com
Maria Gomez 2741;maria.gomez2741@techhub.com
Juan Rodriguez 2742;juan.rodriguez2742@techhub.com
Ana Rodriguez 2743;ana.rodriguez2743@techhub.com
Carlos Gomez 2744;carlos.gomez2744@techhub.com
Ana Lopez 2745;ana.lopez2745@techhub.com
David Perez 2746;david.perez2746@techhub.com
Lucia Gimenez 2747;lucia.gimenez2747@techhub.com
Lucia Perez 2748;lucia.perez2748@techhub.com
Ana Lopez 2749;ana.lopez2749@techhub.com
Carlos Fernandez 2750;carlos.fernandez2750@techhub.com
David Martinez 2751;david.martinez2751@techhub.com
David Gomez 2752;david.gomez2752@techhub.com
Elena Gomez 2753;elena.gomez2753@techhub.com
Lucia Martinez 2754;lucia.martinez2754@techhub.com
Luis Lopez 2755;luis.lopez2755@techhub.com
Pedro Rodriguez 2756;pedro.rodriguez2756@techhub.com
Pedro Perez 2757;pedro.perez2757@techhub.com
Elena Martinez 2758;elena.martinez2758@techhub.com
Juan Martinez 2759;juan.martinez2759@techhub.com
Lucia Rodriguez 2760;lucia.rodriguez2760@techhub.com
Carlos Diaz 2761;carlos.diaz2761@techhub.com
Carlos Diaz 2762;carlos.diaz2762@techhub.com
Pedro Gomez 2763;pedro.gomez2763@techhub.com
Maria Diaz 2764;maria.diaz2764@techhub.com
Sofia Martinez 2765;sofia.martinez2765@techhub.com
Ana Gimenez 2766;ana.gimenez2766@techhub.com
Ana Perez 2767;ana.perez2767@techhub.com
Juan Martinez 2768;juan.martinez2768@techhub.com
Juan Diaz 2769;juan.diaz2769@techhub.com
Carlos Fernandez 2770;carlos.fernandez2770@techhub.com
Sofia Perez 2771;sofia.perez2771@techhub.com
Lucia Perez 2772;lucia.perez2772@techhub.com
Sofia Fernandez 2773;sofia.fernandez2773@techhub.com
Elena Gimenez 2774;elena.gimenez2774@techhub.com
Lucia Fernandez 2775;lucia.fernandez2775@techhub.com
David Rodriguez 2776;david.rodriguez2776@techhub.com
Maria Rodriguez 2777;maria.rodriguez2777@techhub.com
Juan Gomez 2778;juan.gomez2778@techhub.com
Ana Diaz 2779;ana.diaz2779@techhub.com
David Gomez 2780;david.gomez2780@techhub.com
Juan Perez 2781;juan.perez2781@techhub.com
Juan Diaz 2782;juan.diaz2782@techhub.com
Ana Gomez 2783;ana.gomez2783@techhub.com
Lucia Rodriguez 2784;lucia.rodriguez2784@techhub.com
Luis Martinez 2785;luis.martinez2785@techhub.com
Sofia Diaz 2786;sofia.diaz2786@techhub.com
Elena Diaz 2787;elena.diaz2787@techhub.com
Maria Perez 2788;maria.perez2788@techhub.com
Luis Lopez 2789;luis.lopez2789@techhub.com
Carlos Diaz 2790;carlos.diaz2790@techhub.com
Ana Fernandez 2791;ana.fernandez2791@techhub.com
David Fernandez 2792;david.fernandez2792@techhub.com
Juan Gimenez 2793;juan.gimenez2793@techhub.com
David Rodriguez 2794;david.rodriguez2794@techhub.com
Luis Diaz 2795;luis.diaz2795@techhub.com
Juan Gimenez 2796;juan.gimenez2796@techhub.com
Juan Gimenez 2797;juan.gimenez2797@techhub.com
Luis Martinez 2798;luis.martinez2798@techhub.com
Elena Rodriguez 2799;elena.rodriguez2799@techhub.com
Carlos Fernandez 2800;carlos.fernandez2800@techhub.com
Ana Lopez 2801;ana.lopez2801@techhub.com
Carlos Martinez 2802;carlos.martinez2802@techhub.com
Ana Gimenez 2803;ana.gimenez2803@techhub.com
Sofia Rodriguez 2804;sofia.rodriguez2804@techhub.com
Carlos Gimenez 2805;carlos.gimenez2805@techhub.com
Maria Gomez 2806;maria.gomez2806@techhub.com
Ana Gomez 2807;ana.gomez2807@techhub.com
Juan Gimenez 2808;juan.gimenez2808@techhub.com
Luis Lopez 2809;luis.lopez2809@techhub.com
Maria Fernandez 2810;maria.fernandez2810@techhub.com
David Gomez 2811;david.gomez2811@techhub.com
Pedro Gomez 2812;pedro.gomez2812@techhub.com
Lucia Lopez 2813;lucia.lopez2813@techhub.com
Juan Fernandez 2814;juan.fernandez2814@techhub.com
Elena Diaz 2815;elena.diaz2815@techhub.com
Luis Gimenez 2816;luis.gimenez2816@techhub.com
Ana Lopez 2817;ana.lopez2817@techhub.com
Sofia Fernandez 2818;sofia.fernandez2818@techhub.com
Maria Gimenez 2819;maria.gimenez2819@techhub.com
Carlos Martinez 2820;carlos.martinez2820@techhub.com
Pedro Fernandez 2821;pedro.fernandez2821@techhub.com
Juan Rodriguez 2822;juan.rodriguez2822@techhub.com
Sofia Lopez 2823;sofia.lopez2823@techhub.com
Sofia Rodriguez 2824;sofia.rodriguez2824@techhub.com
David Gomez 2825;david.gomez2825@techhub.com
Sofia Fernandez 2826;sofia.fernandez2826@techhub.com
Lucia Martinez 2827;lucia.martinez2827@techhub.com
Elena Rodriguez 2828;elena.rodriguez2828@techhub.com
Maria Martinez 2829;maria.martinez2829@techhub.com
Carlos Lopez 2830;carlos.lopez2830@techhub.com
Maria Gimenez 2831;maria.gimenez2831@techhub.com
Carlos Martinez 2832;carlos.martinez2832@techhub.com
Luis Rodriguez 2833;luis.rodriguez2833@techhub.com
Carlos Lopez 2834;carlos.lopez2834@techhub.com
David Perez 2835;david.perez2835@techhub.com
Elena Lopez 2836;elena.lopez2836@techhub.com
Lucia Perez 2837;lucia.perez2837@techhub.com
Pedro Gimenez 2838;pedro.gimenez2838@techhub.com
Pedro Martinez 2839;pedro.martinez2839@techhub.com
Lucia Rodriguez 2840;lucia.rodriguez2840@techhub.com
Juan Diaz 2841;juan.diaz2841@techhub.com
Elena Diaz 2842;elena.diaz2842@techhub.com
Pedro Martinez 2843;pedro.martinez2843@techhub.com
Maria Gimenez 2844;maria.gimenez2844@techhub.com
Luis Gimenez 2845;luis.gimenez2845@techhub.com
Maria Gomez 2846;maria.gomez2846@techhub.com
Sofia Rodriguez 2847;sofia.rodriguez2847@techhub.com
David Fernandez 2848;david.fernandez2848@techhub.com
Elena Rodriguez 2849;elena.rodriguez2849@techhub.com
Pedro Gimenez 2850;pedro.gimenez2850@techhub.com
Sofia Fernandez 2851;sofia.fernandez2851@techhub.com
Sofia Fernandez 2852;sofia.fernandez2852@techhub.com
David Gomez 2853;david.gomez2853@techhub.com
Luis Diaz 2854;luis.diaz2854@techhub.com
Pedro Rodriguez 2855;pedro.rodriguez2855@techhub.com
Luis Lopez 2856;luis.lopez2856@techhub.com
Lucia Rodriguez 2857;lucia.rodriguez2857@techhub.com
Luis Gimenez 2858;luis.gimenez2858@techhub.com
David Rodriguez 2859;david.rodriguez2859@techhub.com
Luis Gimenez 2860;luis.gimenez2860@techhub.com
Ana Diaz 2861;ana.diaz2861@techhub.com
Luis Gimenez 2862;luis.gimenez2862@techhub.com
Maria Rodriguez 2863;maria.rodriguez2863@techhub.com
Juan Rodriguez 2864;juan.rodriguez2864@techhub.com
Luis Martinez 2865;luis.martinez2865@techhub.com
Elena Martinez 2866;elena.martinez2866@techhub.com
Luis Diaz 2867;luis.diaz2867@techhub.com
Lucia Diaz 2868;lucia.diaz2868@techhub.com
Maria Perez 2869;maria.perez2869@techhub.com
Luis Martinez 2870;luis.martinez2870@techhub.com
Ana Lopez 2871;ana.lopez2871@techhub.com
Ana Fernandez 2872;ana.fernandez2872@techhub.com
Lucia Lopez 2873;lucia.lopez2873@techhub.com
Lucia Diaz 2874;lucia.diaz2874@techhub.com
David Fernandez 2875;david.fernandez2875@techhub.com
Luis Fernandez 2876;luis.fernandez2876@techhub.com
Pedro Rodriguez 2877;pedro.rodriguez2877@techhub.com
Pedro Rodriguez 2878;pedro.rodriguez2878@techhub.com
Pedro Rodriguez 2879;pedro.rodriguez2879@techhub.com
David Diaz 2880;david.diaz2880@techhub.com
Ana Martinez 2881;ana.martinez2881@techhub.com
Maria Lopez 2882;maria.lopez2882@techhub.com
Luis Gimenez 2883;luis.gimenez2883@techhub.com
Carlos Gomez 2884;carlos.gomez2884@techhub.com
Sofia Perez 2885;sofia.perez2885@techhub.com
David Perez 2886;david.perez2886@techhub.com
David Diaz 2887;david.diaz2887@techhub.com
Carlos Rodriguez 2888;carlos.rodriguez2888@techhub.com
Ana Gomez 2889;ana.gomez2889@techhub.com
Juan Perez 2890;juan.perez2890@techhub.com
David Gimenez 2891;david.gimenez2891@techhub.com
Carlos Rodriguez 2892;carlos.rodriguez2892@techhub.com
Sofia Gimenez 2893;sofia.gimenez2893@techhub.com
Luis Rodriguez 2894;luis.rodriguez2894@techhub.com
Carlos Lopez 2895;carlos.lopez2895@techhub.com
Pedro Lopez 2896;pedro.lopez2896@techhub.com
Carlos Fernandez 2897;carlos.fernandez2897@techhub.com
Sofia Martinez 2898;sofia.martinez2898@techhub.com
Pedro Gimenez 2899;pedro.gimenez2899@techhub.com
Luis Perez 2900;luis.perez2900@techhub.com
Lucia Rodriguez 2901;lucia.rodriguez2901@techhub.com
Pedro Perez 2902;pedro.perez2902@techhub.com
Ana Perez 2903;ana.perez2903@techhub.com
Maria Lopez 2904;maria.lopez2904@techhub.com
Sofia Gomez 2905;sofia.gomez2905@techhub.com
Sofia Gomez 2906;sofia.gomez2906@techhub.com
David Lopez 2907;david.lopez2907@techhub.com
Lucia Diaz 2908;lucia.diaz2908@techhub.com
Pedro Diaz 2909;pedro.diaz2909@techhub.com
Maria Martinez 2910;maria.martinez2910@techhub.com
Pedro Perez 2911;pedro.perez2911@techhub.com
Juan Martinez 2912;juan.martinez2912@techhub.com
Carlos Martinez 2913;carlos.martinez2913@techhub.com
Ana Diaz 2914;ana.diaz2914@techhub.com
David Perez 2915;david.perez2915@techhub.com
Carlos Diaz 2916;carlos.diaz2916@techhub.com
Juan Rodriguez 2917;juan.rodriguez2917@techhub.com
Carlos Rodriguez 2918;carlos.rodriguez2918@techhub.com
Sofia Diaz 2919;sofia.diaz2919@techhub.com
Maria Lopez 2920;maria.lopez2920@techhub.com
David Martinez 2921;david.martinez2921@techhub.com
Carlos Gimenez 2922;carlos.gimenez2922@techhub.com
Lucia Fernandez 2923;lucia.fernandez2923@techhub.com
Ana Diaz 2924;ana.diaz2924@techhub.com
Ana Gomez 2925;ana.gomez2925@techhub.com
Maria Fernandez 2926;maria.fernandez2926@techhub.com
Maria Lopez 2927;maria.lopez2927@techhub.com
Elena Fernandez 2928;elena.fernandez2928@techhub.com
Sofia Perez 2929;sofia.perez2929@techhub.com
Maria Gomez 2930;maria.gomez2930@techhub.com
Maria Gimenez 2931;maria.gimenez2931@techhub.com
David Diaz 2932;david.diaz2932@techhub.com
Juan Perez 2933;juan.perez2933@techhub.com
Sofia Fernandez 2934;sofia.fernandez2934@techhub.com
Ana Gomez 2935;ana.gomez2935@techhub.com
Maria Diaz 2936;maria.diaz2936@techhub.com
Juan Rodriguez 2937;juan.rodriguez2937@techhub.com
Maria Lopez 2938;maria.lopez2938@techhub.com
Maria Perez 2939;maria.perez2939@techhub.com
Ana Diaz 2940;ana.diaz2940@techhub.com
David Diaz 2941;david.diaz2941@techhub.com
Sofia Gimenez 2942;sofia.gimenez2942@techhub.com
Sofia Perez 2943;sofia.perez2943@techhub.com
Ana Gimenez 2944;ana.gimenez2944@techhub.com
David Fernandez 2945;david.fernandez2945@techhub.com
Elena Gomez 2946;elena.gomez2946@techhub.com
Elena Gimenez 2947;elena.gimenez2947@techhub.com
Carlos Rodriguez 2948;carlos.rodriguez2948@techhub.com
Sofia Perez 2949;sofia.perez2949@techhub.com
Lucia Fernandez 2950;lucia.fernandez2950@techhub.com
Pedro Lopez 2951;pedro.lopez2951@techhub.com
Juan Lopez 2952;juan.lopez2952@techhub.com
Elena Martinez 2953;elena.martinez2953@techhub.com
Pedro Fernandez 2954;pedro.fernandez2954@techhub.com
Luis Martinez 2955;luis.martinez2955@techhub.com
Lucia Lopez 2956;lucia.lopez2956@techhub.com
Carlos Lopez 2957;carlos.lopez2957@techhub.com
Ana Fernandez 2958;ana.fernandez2958@techhub.com
David Gomez 2959;david.gomez2959@techhub.com
Juan Gomez 2960;juan.gomez2960@techhub.com
Luis Rodriguez 2961;luis.rodriguez2961@techhub.com
Lucia Gimenez 2962;lucia.gimenez2962@techhub.com
Lucia Fernandez 2963;lucia.fernandez2963@techhub.com
Sofia Lopez 2964;sofia.lopez2964@techhub.com
Ana Perez 2965;ana.perez2965@techhub.com
Carlos Rodriguez 2966;carlos.rodriguez2966@techhub.com
Luis Perez 2967;luis.perez2967@techhub.com
Sofia Diaz 2968;sofia.diaz2968@techhub.com
Sofia Rodriguez 2969;sofia.rodriguez2969@techhub.com
David Gomez 2970;david.gomez2970@techhub.com
Elena Perez 2971;elena.perez2971@techhub.com
Sofia Rodriguez 2972;sofia.rodriguez2972@techhub.com
David Gimenez 2973;david.gimenez2973@techhub.com
Ana Martinez 2974;ana.martinez2974@techhub.com
David Martinez 2975;david.martinez2975@techhub.com
Lucia Diaz 2976;lucia.diaz2976@techhub.com
Maria Perez 2977;maria.perez2977@techhub.com
Maria Fernandez 2978;maria.fernandez2978@techhub.com
Juan Gomez 2979;juan.gomez2979@techhub.com
Pedro Diaz 2980;pedro.diaz2980@techhub.com
Elena Martinez 2981;elena.martinez2981@techhub.com
Juan Rodriguez 2982;juan.rodriguez2982@techhub.com
David Fernandez 2983;david.fernandez2983@techhub.com
Juan Gomez 2984;juan.gomez2984@techhub.com
Pedro Gimenez 2985;pedro.gimenez2985@techhub.com
Pedro Rodriguez 2986;pedro.rodriguez2986@techhub.com
Sofia Rodriguez 2987;sofia.rodriguez2987@techhub.com
Carlos Fernandez 2988;carlos.fernandez2988@techhub.com
Elena Fernandez 2989;elena.fernandez2989@techhub.com
Ana Fernandez 2990;ana.fernandez2990@techhub.com
Sofia Diaz 2991;sofia.diaz2991@techhub.com
Maria Rodriguez 2992;maria.rodriguez2992@techhub.com
Pedro Perez 2993;pedro.perez2993@techhub.com
Luis Diaz 2994;luis.diaz2994@techhub.com
Lucia Diaz 2995;lucia.diaz2995@techhub.com
Lucia Diaz 2996;lucia.diaz2996@techhub.com
Pedro Perez 2997;pedro.perez2997@techhub.com
Juan Rodriguez 2998;juan.rodriguez2998@techhub.com
Lucia Diaz 2999;lucia.diaz2999@techhub.com
Juan Perez 3000;juan.perez3000@techhub.com
Carlos Perez 3001;carlos.perez3001@techhub.com
Luis Martinez 3002;luis.martinez3002@techhub.com
Sofia Martinez 3003;sofia.martinez3003@techhub.com
Pedro Perez 3004;pedro.perez3004@techhub.com
Sofia Perez 3005;sofia.perez3005@techhub.com
Elena Gomez 3006;elena.gomez3006@techhub.com
Elena Fernandez 3007;elena.fernandez3007@techhub.com
David Gomez 3008;david.gomez3008@techhub.com
Sofia Lopez 3009;sofia.lopez3009@techhub.com
Carlos Lopez 3010;carlos.lopez3010@techhub.com
David Diaz 3011;david.diaz3011@techhub.com
Maria Fernandez 3012;maria.fernandez3012@techhub.com
Maria Lopez 3013;maria.lopez3013@techhub.com
Maria Diaz 3014;maria.diaz3014@techhub.com
David Martinez 3015;david.martinez3015@techhub.com
Lucia Martinez 3016;lucia.martinez3016@techhub.com
Luis Martinez 3017;luis.martinez3017@techhub.com
Maria Perez 3018;maria.perez3018@techhub.com
Ana Gomez 3019;ana.gomez3019@techhub.com
Maria Rodriguez 3020;maria.rodriguez3020@techhub.com
Juan Martinez 3021;juan.martinez3021@techhub.com
Ana Diaz 3022;ana.diaz3022@techhub.com
Lucia Perez 3023;lucia.perez3023@techhub.com
Ana Fernandez 3024;ana.fernandez3024@techhub.com
Pedro Rodriguez 3025;pedro.rodriguez3025@techhub.com
Carlos Lopez 3026;carlos.lopez3026@techhub.com
Juan Gomez 3027;juan.gomez3027@techhub.com
Juan Rodriguez 3028;juan.rodriguez3028@techhub.com
Juan Gimenez 3029;juan.gimenez3029@techhub.com
Lucia Gimenez 3030;lucia.gimenez3030@techhub.com
Ana Lopez 3031;ana.lopez3031@techhub.com
Carlos Gomez 3032;carlos.gomez3032@techhub.com
Maria Perez 3033;maria.perez3033@techhub.com
Juan Rodriguez 3034;juan.rodriguez3034@techhub.com
Carlos Diaz 3035;carlos.diaz3035@techhub.com
Carlos Rodriguez 3036;carlos.rodriguez3036@techhub.com
David Gimenez 3037;david.gimenez3037@techhub.com
Carlos Rodriguez 3038;carlos.rodriguez3038@techhub.com
Sofia Diaz 3039;sofia.diaz3039@techhub.com
Pedro Gimenez 3040;pedro.gimenez3040@techhub.com
Pedro Martinez 3041;pedro.martinez3041@techhub.com
Lucia Fernandez 3042;lucia.fernandez3042@techhub.com
Luis Gimenez 3043;luis.gimenez3043@techhub.com
Elena Perez 3044;elena.perez3044@techhub.com
David Rodriguez 3045;david.rodriguez3045@techhub.com
Ana Fernandez 3046;ana.fernandez3046@techhub.com
Pedro Martinez 3047;pedro.martinez3047@techhub.com
Carlos Fernandez 3048;carlos.fernandez3048@techhub.com
Luis Diaz 3049;luis.diaz3049@techhub.com
Carlos Lopez 3050;carlos.lopez3050@techhub.com
Maria Fernandez 3051;maria.fernandez3051@techhub.com
David Perez 3052;david.perez3052@techhub.com
Luis Gomez 3053;luis.gomez3053@techhub.com
Luis Lopez 3054;luis.lopez3054@techhub.com
Sofia Gomez 3055;sofia.gomez3055@techhub.com
Juan Perez 3056;juan.perez3056@techhub.com
Carlos Martinez 3057;carlos.martinez3057@techhub.com
Pedro Diaz 3058;pedro.diaz3058@techhub.com
Sofia Rodriguez 3059;sofia.rodriguez3059@techhub.com
Sofia Diaz 3060;sofia.diaz3060@techhub.com
Juan Rodriguez 3061;juan.rodriguez3061@techhub.com
Sofia Gomez 3062;sofia.gomez3062@techhub.com
Juan Lopez 3063;juan.lopez3063@techhub.com
David Martinez 3064;david.martinez3064@techhub.com
Luis Martinez 3065;luis.martinez3065@techhub.com
Ana Fernandez 3066;ana.fernandez3066@techhub.com
Carlos Fernandez 3067;carlos.fernandez3067@techhub.com
Sofia Perez 3068;sofia.perez3068@techhub.com
David Perez 3069;david.perez3069@techhub.com
David Rodriguez 3070;david.rodriguez3070@techhub.com
Lucia Perez 3071;lucia.perez3071@techhub.com
Pedro Gomez 3072;pedro.gomez3072@techhub.com
Pedro Rodriguez 3073;pedro.rodriguez3073@techhub.com
David Martinez 3074;david.martinez3074@techhub.com
David Gimenez 3075;david.gimenez3075@techhub.com
Juan Fernandez 3076;juan.fernandez3076@techhub.com
Juan Diaz 3077;juan.diaz3077@techhub.com
Sofia Lopez 3078;sofia.lopez3078@techhub.com
Juan Diaz 3079;juan.diaz3079@techhub.com
Juan Diaz 3080;juan.diaz3080@techhub.com
Elena Lopez 3081;elena.lopez3081@techhub.com
Juan Martinez 3082;juan.martinez3082@techhub.com
Luis Diaz 3083;luis.diaz3083@techhub.com
Juan Rodriguez 3084;juan.rodriguez3084@techhub.com
Carlos Gimenez 3085;carlos.gimenez3085@techhub.com
Lucia Gimenez 3086;lucia.gimenez3086@techhub.com
Elena Martinez 3087;elena.martinez3087@techhub.com
Carlos Diaz 3088;carlos.diaz3088@techhub.com
Ana Perez 3089;ana.perez3089@techhub.com
David Gimenez 3090;david.gimenez3090@techhub.com
Luis Diaz 3091;luis.diaz3091@techhub.com
Maria Fernandez 3092;maria.fernandez3092@techhub.com
Lucia Diaz 3093;lucia.diaz3093@techhub.com
David Rodriguez 3094;david.rodriguez3094@techhub.com
Maria Perez 3095;maria.perez3095@techhub.com
Carlos Gimenez 3096;carlos.gimenez3096@techhub.com
Juan Lopez 3097;juan.lopez3097@techhub.com
Sofia Fernandez 3098;sofia.fernandez3098@techhub.com
Maria Gomez 3099;maria.gomez3099@techhub.com
Ana Lopez 3100;ana.lopez3100@techhub.com
Pedro Rodriguez 3101;pedro.rodriguez3101@techhub.com
Lucia Gimenez 3102;lucia.gimenez3102@techhub.com
Carlos Rodriguez 3103;carlos.rodriguez3103@techhub.com
Juan Rodriguez 3104;juan.rodriguez3104@techhub.com
Carlos Fernandez 3105;carlos.fernandez3105@techhub.com
Maria Fernandez 3106;maria.fernandez3106@techhub.com
Luis Fernandez 3107;luis.fernandez3107@techhub.com
Maria Fernandez 3108;maria.fernandez3108@techhub.com
Pedro Martinez 3109;pedro.martinez3109@techhub.com
Juan Rodriguez 3110;juan.rodriguez3110@techhub.com
Lucia Gomez 3111;lucia.gomez3111@techhub.com
David Lopez 3112;david.lopez3112@techhub.com
Luis Rodriguez 3113;luis.rodriguez3113@techhub.com
Maria Rodriguez 3114;maria.rodriguez3114@techhub.com
Carlos Rodriguez 3115;carlos.rodriguez3115@techhub.com
Ana Martinez 3116;ana.martinez3116@techhub.com
David Gomez 3117;david.gomez3117@techhub.com
Elena Rodriguez 3118;elena.rodriguez3118@techhub.com
Elena Gomez 3119;elena.gomez3119@techhub.com
Ana Lopez 3120;ana.lopez3120@techhub.com
Carlos Perez 3121;carlos.perez3121@techhub.com
Luis Perez 3122;luis.perez3122@techhub.com
Carlos Perez 3123;carlos.perez3123@techhub.com
Juan Lopez 3124;juan.lopez3124@techhub.com
Ana Lopez 3125;ana.lopez3125@techhub.com
Maria Gimenez 3126;maria.gimenez3126@techhub.com
Maria Martinez 3127;maria.martinez3127@techhub.com
Lucia Gomez 3128;lucia.gomez3128@techhub.com
Pedro Gomez 3129;pedro.gomez3129@techhub.com
Carlos Lopez 3130;carlos.lopez3130@techhub.com
Ana Gomez 3131;ana.gomez3131@techhub.com
Lucia Lopez 3132;lucia.lopez3132@techhub.com
Juan Perez 3133;juan.perez3133@techhub.com
Carlos Diaz 3134;carlos.diaz3134@techhub.com
Lucia Diaz 3135;lucia.diaz3135@techhub.com
Ana Gomez 3136;ana.gomez3136@techhub.com
Lucia Gomez 3137;lucia.gomez3137@techhub.com
Maria Martinez 3138;maria.martinez3138@techhub.com
Ana Diaz 3139;ana.diaz3139@techhub.com
Juan Gimenez 3140;juan.gimenez3140@techhub.com
Sofia Diaz 3141;sofia.diaz3141@techhub.com
David Gimenez 3142;david.gimenez3142@techhub.com
Lucia Diaz 3143;lucia.diaz3143@techhub.com
Ana Rodriguez 3144;ana.rodriguez3144@techhub.com
Sofia Martinez 3145;sofia.martinez3145@techhub.com
David Gomez 3146;david.gomez3146@techhub.com
Juan Lopez 3147;juan.lopez3147@techhub.com
Luis Perez 3148;luis.perez3148@techhub.com
Luis Martinez 3149;luis.martinez3149@techhub.com
Ana Gimenez 3150;ana.gimenez3150@techhub.com
Maria Fernandez 3151;maria.fernandez3151@techhub.com
Juan Martinez 3152;juan.martinez3152@techhub.com
Pedro Perez 3153;pedro.perez3153@techhub.com
Pedro Martinez 3154;pedro.martinez3154@techhub.com
Juan Diaz 3155;juan.diaz3155@techhub.com
Maria Diaz 3156;maria.diaz3156@techhub.com
Maria Fernandez 3157;maria.fernandez3157@techhub.com
Juan Fernandez 3158;juan.fernandez3158@techhub.com
Lucia Gimenez 3159;lucia.gimenez3159@techhub.com
Carlos Gimenez 3160;carlos.gimenez3160@techhub.com
Luis Rodriguez 3161;luis.rodriguez3161@techhub.com
Pedro Gimenez 3162;pedro.gimenez3162@techhub.com
Carlos Lopez 3163;carlos.lopez3163@techhub.com
Maria Rodriguez 3164;maria.rodriguez3164@techhub.com
Luis Rodriguez 3165;luis.rodriguez3165@techhub.com
Carlos Gomez 3166;carlos.gomez3166@techhub.com
Maria Perez 3167;maria.perez3167@techhub.com
Lucia Diaz 3168;lucia.diaz3168@techhub.com
Maria Rodriguez 3169;maria.rodriguez3169@techhub.com
Pedro Gomez 3170;pedro.gomez3170@techhub.com
Lucia Perez 3171;lucia.perez3171@techhub.com
Sofia Rodriguez 3172;sofia.rodriguez3172@techhub.com
Elena Martinez 3173;elena.martinez3173@techhub.com
Juan Gimenez 3174;juan.gimenez3174@techhub.com
Maria Diaz 3175;maria.diaz3175@techhub.com
Juan Perez 3176;juan.perez3176@techhub.com
Elena Lopez 3177;elena.lopez3177@techhub.com
Ana Lopez 3178;ana.lopez3178@techhub.com
Elena Martinez 3179;elena.martinez3179@techhub.com
Luis Martinez 3180;luis.martinez3180@techhub.com
Juan Martinez 3181;juan.martinez3181@techhub.com
Pedro Rodriguez 3182;pedro.rodriguez3182@techhub.com
Elena Gomez 3183;elena.gomez3183@techhub.com
Carlos Gomez 3184;carlos.gomez3184@techhub.com
Elena Diaz 3185;elena.diaz3185@techhub.com
Maria Lopez 3186;maria.lopez3186@techhub.com
David Perez 3187;david.perez3187@techhub.com
Carlos Martinez 3188;carlos.martinez3188@techhub.com
Maria Perez 3189;maria.perez3189@techhub.com
Juan Gimenez 3190;juan.gimenez3190@techhub.com
Ana Gomez 3191;ana.gomez3191@techhub.com
Luis Martinez 3192;luis.martinez3192@techhub.com
Maria Martinez 3193;maria.martinez3193@techhub.com
Elena Diaz 3194;elena.diaz3194@techhub.com
Maria Martinez 3195;maria.martinez3195@techhub.com
Elena Fernandez 3196;elena.fernandez3196@techhub.com
Sofia Fernandez 3197;sofia.fernandez3197@techhub.com
Juan Lopez 3198;juan.lopez3198@techhub.com
Lucia Rodriguez 3199;lucia.rodriguez3199@techhub.com
Luis Gomez 3200;luis.gomez3200@techhub.com
Juan Gomez 3201;juan.gomez3201@techhub.com
Maria Lopez 3202;maria.lopez3202@techhub.com
Pedro Rodriguez 3203;pedro.rodriguez3203@techhub.com
Luis Diaz 3204;luis.diaz3204@techhub.com
Juan Martinez 3205;juan.martinez3205@techhub.com
Maria Perez 3206;maria.perez3206@techhub.com
Elena Martinez 3207;elena.martinez3207@techhub.com
David Diaz 3208;david.diaz3208@techhub.com
Pedro Diaz 3209;pedro.diaz3209@techhub.com
Ana Fernandez 3210;ana.fernandez3210@techhub.com
Luis Gomez 3211;luis.gomez3211@techhub.com
Carlos Rodriguez 3212;carlos.rodriguez3212@techhub.com
David Lopez 3213;david.lopez3213@techhub.com
Sofia Gomez 3214;sofia.gomez3214@techhub.com
Ana Lopez 3215;ana.lopez3215@techhub.com
Juan Rodriguez 3216;juan.rodriguez3216@techhub.com
Ana Diaz 3217;ana.diaz3217@techhub.com
Maria Gomez 3218;maria.gomez3218@techhub.com
Sofia Diaz 3219;sofia.diaz3219@techhub.com
David Rodriguez 3220;david.rodriguez3220@techhub.com
Juan Perez 3221;juan.perez3221@techhub.com
Juan Rodriguez 3222;juan.rodriguez3222@techhub.com
Juan Diaz 3223;juan.diaz3223@techhub.com
Elena Martinez 3224;elena.martinez3224@techhub.com
Sofia Diaz 3225;sofia.diaz3225@techhub.com
Elena Lopez 3226;elena.lopez3226@techhub.com
Juan Fernandez 3227;juan.fernandez3227@techhub.com
Ana Perez 3228;ana.perez3228@techhub.com
Luis Diaz 3229;luis.diaz3229@techhub.com
Maria Rodriguez 3230;maria.rodriguez3230@techhub.com
Elena Rodriguez 3231;elena.rodriguez3231@techhub.com
Pedro Lopez 3232;pedro.lopez3232@techhub.com
Maria Perez 3233;maria.perez3233@techhub.com
David Perez 3234;david.perez3234@techhub.com
Pedro Gimenez 3235;pedro.gimenez3235@techhub.com
David Martinez 3236;david.martinez3236@techhub.com
David Diaz 3237;david.diaz3237@techhub.com
Elena Gimenez 3238;elena.gimenez3238@techhub.com
Lucia Fernandez 3239;lucia.fernandez3239@techhub.com
Carlos Fernandez 3240;carlos.fernandez3240@techhub.com
Ana Rodriguez 3241;ana.rodriguez3241@techhub.com
Lucia Gimenez 3242;lucia.gimenez3242@techhub.com
Ana Diaz 3243;ana.diaz3243@techhub.com
Elena Perez 3244;elena.perez3244@techhub.com
Luis Diaz 3245;luis.diaz3245@techhub.com
Juan Martinez 3246;juan.martinez3246@techhub.com
Sofia Fernandez 3247;sofia.fernandez3247@techhub.com
Juan Martinez 3248;juan.martinez3248@techhub.com
Ana Diaz 3249;ana.diaz3249@techhub.com
Carlos Rodriguez 3250;carlos.rodriguez3250@techhub.com
Carlos Rodriguez 3251;carlos.rodriguez3251@techhub.com
Lucia Gomez 3252;lucia.gomez3252@techhub.com
Juan Gimenez 3253;juan.gimenez3253@techhub.com
Luis Diaz 3254;luis.diaz3254@techhub.com
Maria Diaz 3255;maria.diaz3255@techhub.com
Maria Perez 3256;maria.perez3256@techhub.com
Carlos Rodriguez 3257;carlos.rodriguez3257@techhub.com
Luis Diaz 3258;luis.diaz3258@techhub.com
David Martinez 3259;david.martinez3259@techhub.com
Lucia Gomez 3260;lucia.gomez3260@techhub.com
Juan Gimenez 3261;juan.gimenez3261@techhub.com
Lucia Gimenez 3262;lucia.gimenez3262@techhub.com
Carlos Diaz 3263;carlos.diaz3263@techhub.com
Carlos Rodriguez 3264;carlos.rodriguez3264@techhub.com
Lucia Gomez 3265;lucia.gomez3265@techhub.com
Sofia Martinez 3266;sofia.martinez3266@techhub.com
Pedro Gomez 3267;pedro.gomez3267@techhub.com
Elena Gimenez 3268;elena.gimenez3268@techhub.com
Pedro Fernandez 3269;pedro.fernandez3269@techhub.com
David Lopez 3270;david.lopez3270@techhub.com
Pedro Gomez 3271;pedro.gomez3271@techhub.com
Juan Gimenez 3272;juan.gimenez3272@techhub.com
Carlos Lopez 3273;carlos.lopez3273@techhub.com
Sofia Lopez 3274;sofia.lopez3274@techhub.com
Sofia Martinez 3275;sofia.martinez3275@techhub.com
Lucia Perez 3276;lucia.perez3276@techhub.com
Luis Gimenez 3277;luis.gimenez3277@techhub.com
Maria Diaz 3278;maria.diaz3278@techhub.com
Pedro Perez 3279;pedro.perez3279@techhub.com
Pedro Gimenez 3280;pedro.gimenez3280@techhub.com
Maria Perez 3281;maria.perez3281@techhub.com
David Lopez 3282;david.lopez3282@techhub.com
Luis Martinez 3283;luis.martinez3283@techhub.com
Juan Martinez 3284;juan.martinez3284@techhub.com
Sofia Perez 3285;sofia.perez3285@techhub.com
Luis Gimenez 3286;luis.gimenez3286@techhub.com
Luis Martinez 3287;luis.martinez3287@techhub.com
Sofia Gomez 3288;sofia.gomez3288@techhub.com
Carlos Gomez 3289;carlos.gomez3289@techhub.com
Maria Perez 3290;maria.perez3290@techhub.com
Lucia Fernandez 3291;lucia.fernandez3291@techhub.com
Carlos Gomez 3292;carlos.gomez3292@techhub.com
Elena Gomez 3293;elena.gomez3293@techhub.com
Ana Fernandez 3294;ana.fernandez3294@techhub.com
Juan Perez 3295;juan.perez3295@techhub.com
Maria Rodriguez 3296;maria.rodriguez3296@techhub.com
Luis Lopez 3297;luis.lopez3297@techhub.com
Elena Perez 3298;elena.perez3298@techhub.com
Maria Diaz 3299;maria.diaz3299@techhub.com
Carlos Rodriguez 3300;carlos.rodriguez3300@techhub.com
Lucia Gimenez 3301;lucia.gimenez3301@techhub.com
David Diaz 3302;david.diaz3302@techhub.com
Maria Perez 3303;maria.perez3303@techhub.com
Sofia Rodriguez 3304;sofia.rodriguez3304@techhub.com
Juan Fernandez 3305;juan.fernandez3305@techhub.com
Sofia Rodriguez 3306;sofia.rodriguez3306@techhub.com
Sofia Lopez 3307;sofia.lopez3307@techhub.com
Luis Martinez 3308;luis.martinez3308@techhub.com
Maria Gimenez 3309;maria.gimenez3309@techhub.com
Luis Perez 3310;luis.perez3310@techhub.com
Maria Fernandez 3311;maria.fernandez3311@techhub.com
Lucia Rodriguez 3312;lucia.rodriguez3312@techhub.com
Ana Rodriguez 3313;ana.rodriguez3313@techhub.com
Maria Fernandez 3314;maria.fernandez3314@techhub.com
Ana Lopez 3315;ana.lopez3315@techhub.com
Sofia Gimenez 3316;sofia.gimenez3316@techhub.com
Juan Perez 3317;juan.perez3317@techhub.com
Lucia Diaz 3318;lucia.diaz3318@techhub.com
Elena Perez 3319;elena.perez3319@techhub.com
Pedro Lopez 3320;pedro.lopez3320@techhub.com
David Perez 3321;david.perez3321@techhub.com
Carlos Martinez 3322;carlos.martinez3322@techhub.com
Pedro Gimenez 3323;pedro.gimenez3323@techhub.com
Pedro Martinez 3324;pedro.martinez3324@techhub.com
Elena Martinez 3325;elena.martinez3325@techhub.com
Lucia Martinez 3326;lucia.martinez3326@techhub.com
Ana Lopez 3327;ana.lopez3327@techhub.com
Lucia Perez 3328;lucia.perez3328@techhub.com
Lucia Fernandez 3329;lucia.fernandez3329@techhub.com
Juan Diaz 3330;juan.diaz3330@techhub.com
Maria Perez 3331;maria.perez3331@techhub.com
Sofia Fernandez 3332;sofia.fernandez3332@techhub.com
David Lopez 3333;david.lopez3333@techhub.com
Sofia Gomez 3334;sofia.gomez3334@techhub.com
Carlos Fernandez 3335;carlos.fernandez3335@techhub.com
Juan Fernandez 3336;juan.fernandez3336@techhub.com
Ana Rodriguez 3337;ana.rodriguez3337@techhub.com
Elena Martinez 3338;elena.martinez3338@techhub.com
Elena Diaz 3339;elena.diaz3339@techhub.com
Pedro Diaz 3340;pedro.diaz3340@techhub.com
David Gimenez 3341;david.gimenez3341@techhub.com
Ana Fernandez 3342;ana.fernandez3342@techhub.com
Luis Gomez 3343;luis.gomez3343@techhub.com
Elena Perez 3344;elena.perez3344@techhub.com
David Diaz 3345;david.diaz3345@techhub.com
Pedro Perez 3346;pedro.perez3346@techhub.com
Maria Perez 3347;maria.perez3347@techhub.com
David Perez 3348;david.perez3348@techhub.com
Ana Perez 3349;ana.perez3349@techhub.com
Maria Lopez 3350;maria.lopez3350@techhub.com
Juan Diaz 3351;juan.diaz3351@techhub.com
Maria Diaz 3352;maria.diaz3352@techhub.com
David Gimenez 3353;david.gimenez3353@techhub.com
Sofia Lopez 3354;sofia.lopez3354@techhub.com
Elena Gomez 3355;elena.gomez3355@techhub.com
Juan Perez 3356;juan.perez3356@techhub.com
Ana Rodriguez 3357;ana.rodriguez3357@techhub.com
Juan Gimenez 3358;juan.gimenez3358@techhub.com
Elena Lopez 3359;elena.lopez3359@techhub.com
Juan Diaz 3360;juan.diaz3360@techhub.com
Juan Gimenez 3361;juan.gimenez3361@techhub.com
Luis Martinez 3362;luis.martinez3362@techhub.com
Elena Rodriguez 3363;elena.rodriguez3363@techhub.com
Sofia Gomez 3364;sofia.gomez3364@techhub.com
Carlos Fernandez 3365;carlos.fernandez3365@techhub.com
Sofia Diaz 3366;sofia.diaz3366@techhub.com
Luis Rodriguez 3367;luis.rodriguez3367@techhub.com
Luis Diaz 3368;luis.diaz3368@techhub.com
Juan Gimenez 3369;juan.gimenez3369@techhub.com
Luis Diaz 3370;luis.diaz3370@techhub.com
Juan Diaz 3371;juan.diaz3371@techhub.com
Sofia Martinez 3372;sofia.martinez3372@techhub.com
Carlos Gimenez 3373;carlos.gimenez3373@techhub.com
Sofia Diaz 3374;sofia.diaz3374@techhub.com
Maria Diaz 3375;maria.diaz3375@techhub.com
Juan Perez 3376;juan.perez3376@techhub.com
Pedro Rodriguez 3377;pedro.rodriguez3377@techhub.com
Pedro Martinez 3378;pedro.martinez3378@techhub.com
Maria Martinez 3379;maria.martinez3379@techhub.com
Sofia Rodriguez 3380;sofia.rodriguez3380@techhub.com
Luis Fernandez 3381;luis.fernandez3381@techhub.com
Maria Diaz 3382;maria.diaz3382@techhub.com
Maria Perez 3383;maria.perez3383@techhub.com
Elena Rodriguez 3384;elena.rodriguez3384@techhub.com
Lucia Lopez 3385;lucia.lopez3385@techhub.com
Sofia Lopez 3386;sofia.lopez3386@techhub.com
Carlos Gomez 3387;carlos.gomez3387@techhub.com
Ana Gomez 3388;ana.gomez3388@techhub.com
Pedro Martinez 3389;pedro.martinez3389@techhub.com
Lucia Martinez 3390;lucia.martinez3390@techhub.com
Ana Perez 3391;ana.perez3391@techhub.com
Ana Gimenez 3392;ana.gimenez3392@techhub.com
Maria Gimenez 3393;maria.gimenez3393@techhub.com
Lucia Perez 3394;lucia.perez3394@techhub.com
Pedro Fernandez 3395;pedro.fernandez3395@techhub.com
Elena Lopez 3396;elena.lopez3396@techhub.com
Pedro Gomez 3397;pedro.gomez3397@techhub.com
Elena Gomez 3398;elena.gomez3398@techhub.com
Carlos Gomez 3399;carlos.gomez3399@techhub.com
Carlos Perez 3400;carlos.perez3400@techhub.com
Sofia Gimenez 3401;sofia.gimenez3401@techhub.com
Lucia Diaz 3402;lucia.diaz3402@techhub.com
Carlos Martinez 3403;carlos.martinez3403@techhub.com
David Diaz 3404;david.diaz3404@techhub.com
Juan Gimenez 3405;juan.gimenez3405@techhub.com
Ana Gomez 3406;ana.gomez3406@techhub.com
Luis Diaz 3407;luis.diaz3407@techhub.com
Carlos Martinez 3408;carlos.martinez3408@techhub.com
Maria Fernandez 3409;maria.fernandez3409@techhub.com
David Rodriguez 3410;david.rodriguez3410@techhub.com
Sofia Diaz 3411;sofia.diaz3411@techhub.com
Maria Perez 3412;maria.perez3412@techhub.com
Maria Diaz 3413;maria.diaz3413@techhub.com
Carlos Rodriguez 3414;carlos.rodriguez3414@techhub.com
Juan Martinez 3415;juan.martinez3415@techhub.com
Juan Fernandez 3416;juan.fernandez3416@techhub.com
Maria Rodriguez 3417;maria.rodriguez3417@techhub.com
Juan Diaz 3418;juan.diaz3418@techhub.com
David Lopez 3419;david.lopez3419@techhub.com
Elena Lopez 3420;elena.lopez3420@techhub.com
Maria Gimenez 3421;maria.gimenez3421@techhub.com
Sofia Perez 3422;sofia.perez3422@techhub.com
Juan Perez 3423;juan.perez3423@techhub.com
Elena Diaz 3424;elena.diaz3424@techhub.com
Pedro Rodriguez 3425;pedro.rodriguez3425@techhub.com
David Lopez 3426;david.lopez3426@techhub.com
Elena Fernandez 3427;elena.fernandez3427@techhub.com
Luis Rodriguez 3428;luis.rodriguez3428@techhub.com
David Gomez 3429;david.gomez3429@techhub.com
David Fernandez 3430;david.fernandez3430@techhub.com
Luis Gimenez 3431;luis.gimenez3431@techhub.com
Luis Gomez 3432;luis.gomez3432@techhub.com
Lucia Gomez 3433;lucia.gomez3433@techhub.com
David Diaz 3434;david.diaz3434@techhub.com
Lucia Diaz 3435;lucia.diaz3435@techhub.com
Elena Fernandez 3436;elena.fernandez3436@techhub.com
Ana Diaz 3437;ana.diaz3437@techhub.com
Juan Gomez 3438;juan.gomez3438@techhub.com
Pedro Rodriguez 3439;pedro.rodriguez3439@techhub.com
Juan Gomez 3440;juan.gomez3440@techhub.com
Ana Gimenez 3441;ana.gimenez3441@techhub.com
Luis Lopez 3442;luis.lopez3442@techhub.com
Pedro Martinez 3443;pedro.martinez3443@techhub.com
Maria Diaz 3444;maria.diaz3444@techhub.com
Sofia Gimenez 3445;sofia.gimenez3445@techhub.com
Lucia Gomez 3446;lucia.gomez3446@techhub.com
Maria Perez 3447;maria.perez3447@techhub.com
Elena Gomez 3448;elena.gomez3448@techhub.com
Ana Martinez 3449;ana.martinez3449@techhub.com
Sofia Lopez 3450;sofia.lopez3450@techhub.com
Maria Fernandez 3451;maria.fernandez3451@techhub.com
Juan Diaz 3452;juan.diaz3452@techhub.com
Sofia Rodriguez 3453;sofia.rodriguez3453@techhub.com
Pedro Gimenez 3454;pedro.gimenez3454@techhub.com
Ana Rodriguez 3455;ana.rodriguez3455@techhub.com
Sofia Gomez 3456;sofia.gomez3456@techhub.com
Sofia Fernandez 3457;sofia.fernandez3457@techhub.com
Lucia Gimenez 3458;lucia.gimenez3458@techhub.com
Sofia Diaz 3459;sofia.diaz3459@techhub.com
Pedro Martinez 3460;pedro.martinez3460@techhub.com
Carlos Fernandez 3461;carlos.fernandez3461@techhub.com
Ana Rodriguez 3462;ana.rodriguez3462@techhub.com
Lucia Fernandez 3463;lucia.fernandez3463@techhub.com
Juan Fernandez 3464;juan.fernandez3464@techhub.com
Sofia Rodriguez 3465;sofia.rodriguez3465@techhub.com
Ana Diaz 3466;ana.diaz3466@techhub.com
Elena Gimenez 3467;elena.gimenez3467@techhub.com
Ana Lopez 3468;ana.lopez3468@techhub.com
Juan Rodriguez 3469;juan.rodriguez3469@techhub.com
Carlos Gomez 3470;carlos.gomez3470@techhub.com
Elena Martinez 3471;elena.martinez3471@techhub.com
Sofia Perez 3472;sofia.perez3472@techhub.com
Ana Gimenez 3473;ana.gimenez3473@techhub.com
Luis Fernandez 3474;luis.fernandez3474@techhub.com
Elena Perez 3475;elena.perez3475@techhub.com
David Martinez 3476;david.martinez3476@techhub.com
Lucia Rodriguez 3477;lucia.rodriguez3477@techhub.com
Maria Gimenez 3478;maria.gimenez3478@techhub.com
Lucia Lopez 3479;lucia.lopez3479@techhub.com
Luis Diaz 3480;luis.diaz3480@techhub.com
Elena Diaz 3481;elena.diaz3481@techhub.com
David Rodriguez 3482;david.rodriguez3482@techhub.com
Carlos Lopez 3483;carlos.lopez3483@techhub.com
David Gimenez 3484;david.gimenez3484@techhub.com
Carlos Gimenez 3485;carlos.gimenez3485@techhub.com
David Gomez 3486;david.gomez3486@techhub.com
Carlos Diaz 3487;carlos.diaz3487@techhub.com
Ana Perez 3488;ana.perez3488@techhub.com
Pedro Diaz 3489;pedro.diaz3489@techhub.com
Elena Rodriguez 3490;elena.rodriguez3490@techhub.com
Pedro Lopez 3491;pedro.lopez3491@techhub.com
Luis Diaz 3492;luis.diaz3492@techhub.com
Elena Fernandez 3493;elena.fernandez3493@techhub.com
David Gimenez 3494;david.gimenez3494@techhub.com
Carlos Diaz 3495;carlos.diaz3495@techhub.com
David Gimenez 3496;david.gimenez3496@techhub.com
Pedro Rodriguez 3497;pedro.rodriguez3497@techhub.com
Juan Perez 3498;juan.perez3498@techhub.com
Lucia Fernandez 3499;lucia.fernandez3499@techhub.com
Carlos Lopez 3500;carlos.lopez3500@techhub.com
Maria Perez 3501;maria.perez3501@techhub.com
Juan Gimenez 3502;juan.gimenez3502@techhub.com
Luis Lopez 3503;luis.lopez3503@techhub.com
Luis Lopez 3504;luis.lopez3504@techhub.com
Pedro Lopez 3505;pedro.lopez3505@techhub.com
Elena Fernandez 3506;elena.fernandez3506@techhub.com
Pedro Perez 3507;pedro.perez3507@techhub.com
Ana Martinez 3508;ana.martinez3508@techhub.com
Maria Diaz 3509;maria.diaz3509@techhub.com
Maria Gomez 3510;maria.gomez3510@techhub.com
Maria Gimenez 3511;maria.gimenez3511@techhub.com
Carlos Martinez 3512;carlos.martinez3512@techhub.com
Lucia Diaz 3513;lucia.diaz3513@techhub.com
David Martinez 3514;david.martinez3514@techhub.com
Luis Diaz 3515;luis.diaz3515@techhub.com
David Rodriguez 3516;david.rodriguez3516@techhub.com
Pedro Fernandez 3517;pedro.fernandez3517@techhub.com
David Rodriguez 3518;david.rodriguez3518@techhub.com
Lucia Lopez 3519;lucia.lopez3519@techhub.com
Pedro Diaz 3520;pedro.diaz3520@techhub.com
Elena Rodriguez 3521;elena.rodriguez3521@techhub.com
Luis Gomez 3522;luis.gomez3522@techhub.com
Pedro Lopez 3523;pedro.lopez3523@techhub.com
Sofia Gimenez 3524;sofia.gimenez3524@techhub.com
Pedro Gomez 3525;pedro.gomez3525@techhub.com
Carlos Gimenez 3526;carlos.gimenez3526@techhub.com
Carlos Perez 3527;carlos.perez3527@techhub.com
David Perez 3528;david.perez3528@techhub.com
Lucia Diaz 3529;lucia.diaz3529@techhub.com
David Gimenez 3530;david.gimenez3530@techhub.com
Lucia Rodriguez 3531;lucia.rodriguez3531@techhub.com
Sofia Perez 3532;sofia.perez3532@techhub.com
David Perez 3533;david.perez3533@techhub.com
Luis Gomez 3534;luis.gomez3534@techhub.com
David Fernandez 3535;david.fernandez3535@techhub.com
Pedro Gimenez 3536;pedro.gimenez3536@techhub.com
Ana Martinez 3537;ana.martinez3537@techhub.com
Carlos Martinez 3538;carlos.martinez3538@techhub.com
Luis Rodriguez 3539;luis.rodriguez3539@techhub.com
Sofia Gomez 3540;sofia.gomez3540@techhub.com
Elena Diaz 3541;elena.diaz3541@techhub.com
Juan Martinez 3542;juan.martinez3542@techhub.com
Carlos Gimenez 3543;carlos.gimenez3543@techhub.com
Pedro Fernandez 3544;pedro.fernandez3544@techhub.com
Ana Martinez 3545;ana.martinez3545@techhub.com
Lucia Rodriguez 3546;lucia.rodriguez3546@techhub.com
Sofia Martinez 3547;sofia.martinez3547@techhub.com
Ana Gimenez 3548;ana.gimenez3548@techhub.com
David Diaz 3549;david.diaz3549@techhub.com
David Perez 3550;david.perez3550@techhub.com
Luis Martinez 3551;luis.martinez3551@techhub.com
Sofia Diaz 3552;sofia.diaz3552@techhub.com
Juan Perez 3553;juan.perez3553@techhub.com
Luis Lopez 3554;luis.lopez3554@techhub.com
Sofia Rodriguez 3555;sofia.rodriguez3555@techhub.com
Lucia Lopez 3556;lucia.lopez3556@techhub.com
Ana Lopez 3557;ana.lopez3557@techhub.com
Pedro Martinez 3558;pedro.martinez3558@techhub.com
Carlos Gimenez 3559;carlos.gimenez3559@techhub.com
Pedro Gomez 3560;pedro.gomez3560@techhub.com
Ana Gimenez 3561;ana.gimenez3561@techhub.com
David Diaz 3562;david.diaz3562@techhub.com
Sofia Rodriguez 3563;sofia.rodriguez3563@techhub.com
Pedro Perez 3564;pedro.perez3564@techhub.com
Maria Rodriguez 3565;maria.rodriguez3565@techhub.com
Sofia Fernandez 3566;sofia.fernandez3566@techhub.com
Pedro Martinez 3567;pedro.martinez3567@techhub.com
Carlos Lopez 3568;carlos.lopez3568@techhub.com
Luis Rodriguez 3569;luis.rodriguez3569@techhub.com
Carlos Perez 3570;carlos.perez3570@techhub.com
David Gimenez 3571;david.gimenez3571@techhub.com
Carlos Fernandez 3572;carlos.fernandez3572@techhub.com
Pedro Rodriguez 3573;pedro.rodriguez3573@techhub.com
Juan Gomez 3574;juan.gomez3574@techhub.com
David Gimenez 3575;david.gimenez3575@techhub.com
Sofia Perez 3576;sofia.perez3576@techhub.com
Sofia Lopez 3577;sofia.lopez3577@techhub.com
Carlos Diaz 3578;carlos.diaz3578@techhub.com
David Gimenez 3579;david.gimenez3579@techhub.com
Luis Lopez 3580;luis.lopez3580@techhub.com
Lucia Rodriguez 3581;lucia.rodriguez3581@techhub.com
Elena Lopez 3582;elena.lopez3582@techhub.com
Ana Gomez 3583;ana.gomez3583@techhub.com
Elena Gimenez 3584;elena.gimenez3584@techhub.com
Elena Rodriguez 3585;elena.rodriguez3585@techhub.com
Sofia Rodriguez 3586;sofia.rodriguez3586@techhub.com
Carlos Diaz 3587;carlos.diaz3587@techhub.com
Carlos Gimenez 3588;carlos.gimenez3588@techhub.com
Sofia Rodriguez 3589;sofia.rodriguez3589@techhub.com
Ana Lopez 3590;ana.lopez3590@techhub.com
Carlos Fernandez 3591;carlos.fernandez3591@techhub.com
Lucia Fernandez 3592;lucia.fernandez3592@techhub.com
Maria Rodriguez 3593;maria.rodriguez3593@techhub.com
Elena Gomez 3594;elena.gomez3594@techhub.com
Lucia Gomez 3595;lucia.gomez3595@techhub.com
Lucia Diaz 3596;lucia.diaz3596@techhub.com
Maria Martinez 3597;maria.martinez3597@techhub.com
Sofia Rodriguez 3598;sofia.rodriguez3598@techhub.com
Sofia Diaz 3599;sofia.diaz3599@techhub.com
Juan Rodriguez 3600;juan.rodriguez3600@techhub.com
Pedro Lopez 3601;pedro.lopez3601@techhub.com
Pedro Gomez 3602;pedro.gomez3602@techhub.com
Luis Rodriguez 3603;luis.rodriguez3603@techhub.com
Carlos Martinez 3604;carlos.martinez3604@techhub.com
Sofia Gomez 3605;sofia.gomez3605@techhub.com
Carlos Martinez 3606;carlos.martinez3606@techhub.com
Juan Martinez 3607;juan.martinez3607@techhub.com
Carlos Martinez 3608;carlos.martinez3608@techhub.com
Lucia Perez 3609;lucia.perez3609@techhub.com
Luis Martinez 3610;luis.martinez3610@techhub.com
David Lopez 3611;david.lopez3611@techhub.com
Lucia Gimenez 3612;lucia.gimenez3612@techhub.com
Elena Diaz 3613;elena.diaz3613@techhub.com
Ana Gomez 3614;ana.gomez3614@techhub.com
Ana Perez 3615;ana.perez3615@techhub.com
Ana Perez 3616;ana.perez3616@techhub.com
Ana Martinez 3617;ana.martinez3617@techhub.com
Luis Diaz 3618;luis.diaz3618@techhub.com
Juan Gomez 3619;juan.gomez3619@techhub.com
Luis Fernandez 3620;luis.fernandez3620@techhub.com
Elena Gomez 3621;elena.gomez3621@techhub.com
Elena Diaz 3622;elena.diaz3622@techhub.com
Carlos Gimenez 3623;carlos.gimenez3623@techhub.com
Juan Rodriguez 3624;juan.rodriguez3624@techhub.com
Pedro Lopez 3625;pedro.lopez3625@techhub.com
Ana Gomez 3626;ana.gomez3626@techhub.com
Carlos Diaz 3627;carlos.diaz3627@techhub.com
David Perez 3628;david.perez3628@techhub.com
Pedro Gimenez 3629;pedro.gimenez3629@techhub.com
Carlos Lopez 3630;carlos.lopez3630@techhub.com
Elena Lopez 3631;elena.lopez3631@techhub.com
Luis Fernandez 3632;luis.fernandez3632@techhub.com
David Rodriguez 3633;david.rodriguez3633@techhub.com
Maria Fernandez 3634;maria.fernandez3634@techhub.com
Ana Gimenez 3635;ana.gimenez3635@techhub.com
David Gomez 3636;david.gomez3636@techhub.com
Elena Diaz 3637;elena.diaz3637@techhub.com
David Martinez 3638;david.martinez3638@techhub.com
Sofia Rodriguez 3639;sofia.rodriguez3639@techhub.com
Carlos Diaz 3640;carlos.diaz3640@techhub.com
Luis Lopez 3641;luis.lopez3641@techhub.com
Ana Martinez 3642;ana.martinez3642@techhub.com
Sofia Lopez 3643;sofia.lopez3643@techhub.com
Ana Fernandez 3644;ana.fernandez3644@techhub.com
David Gimenez 3645;david.gimenez3645@techhub.com
Elena Martinez 3646;elena.martinez3646@techhub.com
Pedro Perez 3647;pedro.perez3647@techhub.com
Sofia Gomez 3648;sofia.gomez3648@techhub.com
Maria Gomez 3649;maria.gomez3649@techhub.com
Pedro Fernandez 3650;pedro.fernandez3650@techhub.com
Maria Rodriguez 3651;maria.rodriguez3651@techhub.com
Luis Perez 3652;luis.perez3652@techhub.com
Elena Gimenez 3653;elena.gimenez3653@techhub.com
Pedro Gimenez 3654;pedro.gimenez3654@techhub.com
Lucia Diaz 3655;lucia.diaz3655@techhub.com
Pedro Martinez 3656;pedro.martinez3656@techhub.com
Maria Gomez 3657;maria.gomez3657@techhub.com
Sofia Lopez 3658;sofia.lopez3658@techhub.com
Maria Diaz 3659;maria.diaz3659@techhub.com
Pedro Gomez 3660;pedro.gomez3660@techhub.com
Lucia Rodriguez 3661;lucia.rodriguez3661@techhub.com
Juan Lopez 3662;juan.lopez3662@techhub.com
Lucia Gimenez 3663;lucia.gimenez3663@techhub.com
Sofia Fernandez 3664;sofia.fernandez3664@techhub.com
Elena Fernandez 3665;elena.fernandez3665@techhub.com
Elena Rodriguez 3666;elena.rodriguez3666@techhub.com
Juan Fernandez 3667;juan.fernandez3667@techhub.com
Ana Martinez 3668;ana.martinez3668@techhub.com
Carlos Gimenez 3669;carlos.gimenez3669@techhub.com
Luis Rodriguez 3670;luis.rodriguez3670@techhub.com
Lucia Martinez 3671;lucia.martinez3671@techhub.com
Ana Gimenez 3672;ana.gimenez3672@techhub.com
Pedro Diaz 3673;pedro.diaz3673@techhub.com
Sofia Perez 3674;sofia.perez3674@techhub.com
Carlos Gomez 3675;carlos.gomez3675@techhub.com
David Fernandez 3676;david.fernandez3676@techhub.com
Lucia Lopez 3677;lucia.lopez3677@techhub.com
Lucia Lopez 3678;lucia.lopez3678@techhub.com
Juan Martinez 3679;juan.martinez3679@techhub.com
Luis Diaz 3680;luis.diaz3680@techhub.com
Pedro Gimenez 3681;pedro.gimenez3681@techhub.com
Carlos Martinez 3682;carlos.martinez3682@techhub.com
Carlos Martinez 3683;carlos.martinez3683@techhub.com
Ana Fernandez 3684;ana.fernandez3684@techhub.com
Pedro Lopez 3685;pedro.lopez3685@techhub.com
Juan Gomez 3686;juan.gomez3686@techhub.com
Maria Fernandez 3687;maria.fernandez3687@techhub.com
Elena Gimenez 3688;elena.gimenez3688@techhub.com
Elena Gomez 3689;elena.gomez3689@techhub.com
Juan Rodriguez 3690;juan.rodriguez3690@techhub.com
Luis Fernandez 3691;luis.fernandez3691@techhub.com
Lucia Lopez 3692;lucia.lopez3692@techhub.com
Lucia Lopez 3693;lucia.lopez3693@techhub.com
Elena Gomez 3694;elena.gomez3694@techhub.com
Sofia Perez 3695;sofia.perez3695@techhub.com
Sofia Rodriguez 3696;sofia.rodriguez3696@techhub.com
Ana Perez 3697;ana.perez3697@techhub.com
Carlos Gimenez 3698;carlos.gimenez3698@techhub.com
Ana Gimenez 3699;ana.gimenez3699@techhub.com
Sofia Gimenez 3700;sofia.gimenez3700@techhub.com
Luis Lopez 3701;luis.lopez3701@techhub.com
Pedro Martinez 3702;pedro.martinez3702@techhub.com
David Martinez 3703;david.martinez3703@techhub.com
Juan Lopez 3704;juan.lopez3704@techhub.com
Sofia Rodriguez 3705;sofia.rodriguez3705@techhub.com
Carlos Diaz 3706;carlos.diaz3706@techhub.com
Luis Fernandez 3707;luis.fernandez3707@techhub.com
Maria Rodriguez 3708;maria.rodriguez3708@techhub.com
Maria Martinez 3709;maria.martinez3709@techhub.com
Sofia Rodriguez 3710;sofia.rodriguez3710@techhub.com
David Fernandez 3711;david.fernandez3711@techhub.com
Carlos Gomez 3712;carlos.gomez3712@techhub.com
Elena Gimenez 3713;elena.gimenez3713@techhub.com
Carlos Rodriguez 3714;carlos.rodriguez3714@techhub.com
Ana Diaz 3715;ana.diaz3715@techhub.com
Sofia Gimenez 3716;sofia.gimenez3716@techhub.com
Carlos Fernandez 3717;carlos.fernandez3717@techhub.com
Ana Lopez 3718;ana.lopez3718@techhub.com
Pedro Gimenez 3719;pedro.gimenez3719@techhub.com
Luis Gomez 3720;luis.gomez3720@techhub.com
Juan Rodriguez 3721;juan.rodriguez3721@techhub.com
Pedro Gomez 3722;pedro.gomez3722@techhub.com
Pedro Rodriguez 3723;pedro.rodriguez3723@techhub.com
Ana Martinez 3724;ana.martinez3724@techhub.com
Carlos Lopez 3725;carlos.lopez3725@techhub.com
David Martinez 3726;david.martinez3726@techhub.com
Ana Gimenez 3727;ana.gimenez3727@techhub.com
Juan Martinez 3728;juan.martinez3728@techhub.com
Luis Fernandez 3729;luis.fernandez3729@techhub.com
Luis Perez 3730;luis.perez3730@techhub.com
Ana Perez 3731;ana.perez3731@techhub.com
Pedro Rodriguez 3732;pedro.rodriguez3732@techhub.com
Luis Gomez 3733;luis.gomez3733@techhub.com
Carlos Rodriguez 3734;carlos.rodriguez3734@techhub.com
Luis Fernandez 3735;luis.fernandez3735@techhub.com
Carlos Rodriguez 3736;carlos.rodriguez3736@techhub.com
Lucia Gomez 3737;lucia.gomez3737@techhub.com
Ana Perez 3738;ana.perez3738@techhub.com
Carlos Diaz 3739;carlos.diaz3739@techhub.com
Sofia Gimenez 3740;sofia.gimenez3740@techhub.com
Juan Fernandez 3741;juan.fernandez3741@techhub.com
Luis Gomez 3742;luis.gomez3742@techhub.com
Pedro Rodriguez 3743;pedro.rodriguez3743@techhub.com
Elena Fernandez 3744;elena.fernandez3744@techhub.com
Ana Gimenez 3745;ana.gimenez3745@techhub.com
Pedro Fernandez 3746;pedro.fernandez3746@techhub.com
Elena Fernandez 3747;elena.fernandez3747@techhub.com
Juan Perez 3748;juan.perez3748@techhub.com
Carlos Gimenez 3749;carlos.gimenez3749@techhub.com
Carlos Rodriguez 3750;carlos.rodriguez3750@techhub.com
Carlos Gimenez 3751;carlos.gimenez3751@techhub.com
Juan Martinez 3752;juan.martinez3752@techhub.com
David Perez 3753;david.perez3753@techhub.com
Elena Martinez 3754;elena.martinez3754@techhub.com
Carlos Diaz 3755;carlos.diaz3755@techhub.com
Luis Martinez 3756;luis.martinez3756@techhub.com
Lucia Gimenez 3757;lucia.gimenez3757@techhub.com
Lucia Lopez 3758;lucia.lopez3758@techhub.com
Elena Rodriguez 3759;elena.rodriguez3759@techhub.com
Carlos Gimenez 3760;carlos.gimenez3760@techhub.com
Juan Gomez 3761;juan.gomez3761@techhub.com
Luis Fernandez 3762;luis.fernandez3762@techhub.com
Carlos Fernandez 3763;carlos.fernandez3763@techhub.com
Elena Lopez 3764;elena.lopez3764@techhub.com
Carlos Gomez 3765;carlos.gomez3765@techhub.com
Lucia Martinez 3766;lucia.martinez3766@techhub.com
David Fernandez 3767;david.fernandez3767@techhub.com
Lucia Martinez 3768;lucia.martinez3768@techhub.com
David Diaz 3769;david.diaz3769@techhub.com
Pedro Gimenez 3770;pedro.gimenez3770@techhub.com
David Fernandez 3771;david.fernandez3771@techhub.com
Lucia Fernandez 3772;lucia.fernandez3772@techhub.com
Ana Martinez 3773;ana.martinez3773@techhub.com
Maria Diaz 3774;maria.diaz3774@techhub.com
Luis Lopez 3775;luis.lopez3775@techhub.com
Elena Lopez 3776;elena.lopez3776@techhub.com
Elena Rodriguez 3777;elena.rodriguez3777@techhub.com
Pedro Gimenez 3778;pedro.gimenez3778@techhub.com
Lucia Rodriguez 3779;lucia.rodriguez3779@techhub.com
Sofia Gimenez 3780;sofia.gimenez3780@techhub.com
Lucia Gimenez 3781;lucia.gimenez3781@techhub.com
Maria Martinez 3782;maria.martinez3782@techhub.com
David Fernandez 3783;david.fernandez3783@techhub.com
David Gimenez 3784;david.gimenez3784@techhub.com
Luis Fernandez 3785;luis.fernandez3785@techhub.com
Juan Lopez 3786;juan.lopez3786@techhub.com
Carlos Martinez 3787;carlos.martinez3787@techhub.com
David Martinez 3788;david.martinez3788@techhub.com
Ana Diaz 3789;ana.diaz3789@techhub.com
David Fernandez 3790;david.fernandez3790@techhub.com
Elena Gimenez 3791;elena.gimenez3791@techhub.com
Luis Lopez 3792;luis.lopez3792@techhub.com
Lucia Rodriguez 3793;lucia.rodriguez3793@techhub.com
Juan Gimenez 3794;juan.gimenez3794@techhub.com
Luis Martinez 3795;luis.martinez3795@techhub.com
Juan Rodriguez 3796;juan.rodriguez3796@techhub.com
Elena Gimenez 3797;elena.gimenez3797@techhub.com
Luis Martinez 3798;luis.martinez3798@techhub.com
Pedro Lopez 3799;pedro.lopez3799@techhub.com
Maria Gomez 3800;maria.gomez3800@techhub.com
Luis Rodriguez 3801;luis.rodriguez3801@techhub.com
Maria Perez 3802;maria.perez3802@techhub.com
Ana Perez 3803;ana.perez3803@techhub.com
Maria Diaz 3804;maria.diaz3804@techhub.com
David Perez 3805;david.perez3805@techhub.com
Lucia Gomez 3806;lucia.gomez3806@techhub.com
Pedro Rodriguez 3807;pedro.rodriguez3807@techhub.com
Pedro Gomez 3808;pedro.gomez3808@techhub.com
Sofia Lopez 3809;sofia.lopez3809@techhub.com
Pedro Diaz 3810;pedro.diaz3810@techhub.com
Pedro Diaz 3811;pedro.diaz3811@techhub.com
Elena Gomez 3812;elena.gomez3812@techhub.com
Juan Rodriguez 3813;juan.rodriguez3813@techhub.com
Carlos Perez 3814;carlos.perez3814@techhub.com
Juan Fernandez 3815;juan.fernandez3815@techhub.com
Luis Fernandez 3816;luis.fernandez3816@techhub.com
Pedro Fernandez 3817;pedro.fernandez3817@techhub.com
Luis Diaz 3818;luis.diaz3818@techhub.com
Juan Gomez 3819;juan.gomez3819@techhub.com
Carlos Martinez 3820;carlos.martinez3820@techhub.com
Lucia Gimenez 3821;lucia.gimenez3821@techhub.com
Maria Martinez 3822;maria.martinez3822@techhub.com
Luis Martinez 3823;luis.martinez3823@techhub.com
Maria Gomez 3824;maria.gomez3824@techhub.com
Juan Gomez 3825;juan.gomez3825@techhub.com
Pedro Diaz 3826;pedro.diaz3826@techhub.com
David Diaz 3827;david.diaz3827@techhub.com
Carlos Rodriguez 3828;carlos.rodriguez3828@techhub.com
Juan Perez 3829;juan.perez3829@techhub.com
Maria Rodriguez 3830;maria.rodriguez3830@techhub.com
Luis Fernandez 3831;luis.fernandez3831@techhub.com
Carlos Gomez 3832;carlos.gomez3832@techhub.com
Juan Perez 3833;juan.perez3833@techhub.com
Lucia Perez 3834;lucia.perez3834@techhub.com
Maria Rodriguez 3835;maria.rodriguez3835@techhub.com
Elena Fernandez 3836;elena.fernandez3836@techhub.com
Ana Fernandez 3837;ana.fernandez3837@techhub.com
Ana Diaz 3838;ana.diaz3838@techhub.com
Juan Rodriguez 3839;juan.rodriguez3839@techhub.com
Ana Diaz 3840;ana.diaz3840@techhub.com
Elena Fernandez 3841;elena.fernandez3841@techhub.com
Lucia Fernandez 3842;lucia.fernandez3842@techhub.com
Carlos Gomez 3843;carlos.gomez3843@techhub.com
Ana Fernandez 3844;ana.fernandez3844@techhub.com
Sofia Fernandez 3845;sofia.fernandez3845@techhub.com
Sofia Rodriguez 3846;sofia.rodriguez3846@techhub.com
Ana Gimenez 3847;ana.gimenez3847@techhub.com
Elena Perez 3848;elena.perez3848@techhub.com
Sofia Gomez 3849;sofia.gomez3849@techhub.com
Lucia Martinez 3850;lucia.martinez3850@techhub.com
Lucia Martinez 3851;lucia.martinez3851@techhub.com
Juan Martinez 3852;juan.martinez3852@techhub.com
Pedro Martinez 3853;pedro.martinez3853@techhub.com
David Martinez 3854;david.martinez3854@techhub.com
Juan Martinez 3855;juan.martinez3855@techhub.com
Pedro Rodriguez 3856;pedro.rodriguez3856@techhub.com
Ana Fernandez 3857;ana.fernandez3857@techhub.com
Carlos Perez 3858;carlos.perez3858@techhub.com
Maria Martinez 3859;maria.martinez3859@techhub.com
Carlos Rodriguez 3860;carlos.rodriguez3860@techhub.com
Lucia Gomez 3861;lucia.gomez3861@techhub.com
Ana Lopez 3862;ana.lopez3862@techhub.com
Lucia Rodriguez 3863;lucia.rodriguez3863@techhub.com
Sofia Diaz 3864;sofia.diaz3864@techhub.com
Pedro Martinez 3865;pedro.martinez3865@techhub.com
Juan Gomez 3866;juan.gomez3866@techhub.com
Maria Martinez 3867;maria.martinez3867@techhub.com
Ana Martinez 3868;ana.martinez3868@techhub.com
Maria Lopez 3869;maria.lopez3869@techhub.com
Ana Martinez 3870;ana.martinez3870@techhub.com
Juan Gomez 3871;juan.gomez3871@techhub.com
Elena Fernandez 3872;elena.fernandez3872@techhub.com
Maria Fernandez 3873;maria.fernandez3873@techhub.com
Maria Gomez 3874;maria.gomez3874@techhub.com
Luis Martinez 3875;luis.martinez3875@techhub.com
Carlos Martinez 3876;carlos.martinez3876@techhub.com
Lucia Diaz 3877;lucia.diaz3877@techhub.com
Elena Rodriguez 3878;elena.rodriguez3878@techhub.com
Juan Martinez 3879;juan.martinez3879@techhub.com
Elena Diaz 3880;elena.diaz3880@techhub.com
Ana Diaz 3881;ana.diaz3881@techhub.com
Luis Gimenez 3882;luis.gimenez3882@techhub.com
Juan Rodriguez 3883;juan.rodriguez3883@techhub.com
Carlos Lopez 3884;carlos.lopez3884@techhub.com
Sofia Lopez 3885;sofia.lopez3885@techhub.com
Elena Fernandez 3886;elena.fernandez3886@techhub.com
Ana Rodriguez 3887;ana.rodriguez3887@techhub.com
Lucia Fernandez 3888;lucia.fernandez3888@techhub.com
Sofia Gimenez 3889;sofia.gimenez3889@techhub.com
Juan Lopez 3890;juan.lopez3890@techhub.com
Elena Lopez 3891;elena.lopez3891@techhub.com
Luis Fernandez 3892;luis.fernandez3892@techhub.com
Ana Gomez 3893;ana.gomez3893@techhub.com
Juan Lopez 3894;juan.lopez3894@techhub.com
Luis Lopez 3895;luis.lopez3895@techhub.com
Carlos Perez 3896;carlos.perez3896@techhub.com
Pedro Perez 3897;pedro.perez3897@techhub.com
Elena Martinez 3898;elena.martinez3898@techhub.com
Elena Martinez 3899;elena.martinez3899@techhub.com
Pedro Gimenez 3900;pedro.gimenez3900@techhub.com
Sofia Gomez 3901;sofia.gomez3901@techhub.com
David Lopez 3902;david.lopez3902@techhub.com
Sofia Perez 3903;sofia.perez3903@techhub.com
Sofia Fernandez 3904;sofia.fernandez3904@techhub.com
Elena Diaz 3905;elena.diaz3905@techhub.com
Luis Martinez 3906;luis.martinez3906@techhub.com
Maria Fernandez 3907;maria.fernandez3907@techhub.com
Maria Perez 3908;maria.perez3908@techhub.com
Ana Gimenez 3909;ana.gimenez3909@techhub.com
Ana Martinez 3910;ana.martinez3910@techhub.com
Ana Perez 3911;ana.perez3911@techhub.com
Carlos Rodriguez 3912;carlos.rodriguez3912@techhub.com
David Rodriguez 3913;david.rodriguez3913@techhub.com
Carlos Lopez 3914;carlos.lopez3914@techhub.com
Lucia Martinez 3915;lucia.martinez3915@techhub.com
Ana Martinez 3916;ana.martinez3916@techhub.com
Juan Gomez 3917;juan.gomez3917@techhub.com
Maria Rodriguez 3918;maria.rodriguez3918@techhub.com
Ana Perez 3919;ana.perez3919@techhub.com
Pedro Diaz 3920;pedro.diaz3920@techhub.com
Lucia Gimenez 3921;lucia.gimenez3921@techhub.com
Maria Perez 3922;maria.perez3922@techhub.com
David Gimenez 3923;david.gimenez3923@techhub.com
Elena Gomez 3924;elena.gomez3924@techhub.com
Pedro Diaz 3925;pedro.diaz3925@techhub.com
Maria Diaz 3926;maria.diaz3926@techhub.com
Juan Diaz 3927;juan.diaz3927@techhub.com
Elena Fernandez 3928;elena.fernandez3928@techhub.com
Elena Lopez 3929;elena.lopez3929@techhub.com
Sofia Perez 3930;sofia.perez3930@techhub.com
Lucia Diaz 3931;lucia.diaz3931@techhub.com
Lucia Martinez 3932;lucia.martinez3932@techhub.com
Elena Perez 3933;elena.perez3933@techhub.com
David Lopez 3934;david.lopez3934@techhub.com
Juan Rodriguez 3935;juan.rodriguez3935@techhub.com
Pedro Gimenez 3936;pedro.gimenez3936@techhub.com
Luis Martinez 3937;luis.martinez3937@techhub.com
Maria Perez 3938;maria.perez3938@techhub.com
David Martinez 3939;david.martinez3939@techhub.com
Lucia Diaz 3940;lucia.diaz3940@techhub.com
Elena Martinez 3941;elena.martinez3941@techhub.com
Lucia Fernandez 3942;lucia.fernandez3942@techhub.com
Pedro Fernandez 3943;pedro.fernandez3943@techhub.com
Luis Gomez 3944;luis.gomez3944@techhub.com
Lucia Fernandez 3945;lucia.fernandez3945@techhub.com
Elena Gomez 3946;elena.gomez3946@techhub.com
Luis Gimenez 3947;luis.gimenez3947@techhub.com
Pedro Martinez 3948;pedro.martinez3948@techhub.com
Luis Perez 3949;luis.perez3949@techhub.com
David Gimenez 3950;david.gimenez3950@techhub.com
Pedro Gimenez 3951;pedro.gimenez3951@techhub.com
Carlos Gomez 3952;carlos.gomez3952@techhub.com
Pedro Rodriguez 3953;pedro.rodriguez3953@techhub.com
Juan Lopez 3954;juan.lopez3954@techhub.com
Elena Lopez 3955;elena.lopez3955@techhub.com
Maria Fernandez 3956;maria.fernandez3956@techhub.com
Elena Rodriguez 3957;elena.rodriguez3957@techhub.com
Maria Fernandez 3958;maria.fernandez3958@techhub.com
Elena Gimenez 3959;elena.gimenez3959@techhub.com
Carlos Lopez 3960;carlos.lopez3960@techhub.com
Sofia Fernandez 3961;sofia.fernandez3961@techhub.com
Ana Gimenez 3962;ana.gimenez3962@techhub.com
Ana Rodriguez 3963;ana.rodriguez3963@techhub.com
Elena Diaz 3964;elena.diaz3964@techhub.com
Lucia Rodriguez 3965;lucia.rodriguez3965@techhub.com
David Gimenez 3966;david.gimenez3966@techhub.com
Elena Martinez 3967;elena.martinez3967@techhub.com
Ana Lopez 3968;ana.lopez3968@techhub.com
Ana Gimenez 3969;ana.gimenez3969@techhub.com
Pedro Fernandez 3970;pedro.fernandez3970@techhub.com
Elena Lopez 3971;elena.lopez3971@techhub.com
Lucia Gimenez 3972;lucia.gimenez3972@techhub.com
Carlos Martinez 3973;carlos.martinez3973@techhub.com
Sofia Gomez 3974;sofia.gomez3974@techhub.com
David Lopez 3975;david.lopez3975@techhub.com
Lucia Rodriguez 3976;lucia.rodriguez3976@techhub.com
Maria Gomez 3977;maria.gomez3977@techhub.com
Pedro Rodriguez 3978;pedro.rodriguez3978@techhub.com
Carlos Diaz 3979;carlos.diaz3979@techhub.com
Maria Rodriguez 3980;maria.rodriguez3980@techhub.com
Sofia Martinez 3981;sofia.martinez3981@techhub.com
Luis Gimenez 3982;luis.gimenez3982@techhub.com
Ana Perez 3983;ana.perez3983@techhub.com
Elena Rodriguez 3984;elena.rodriguez3984@techhub.com
Maria Diaz 3985;maria.diaz3985@techhub.com
Pedro Rodriguez 3986;pedro.rodriguez3986@techhub.com
David Perez 3987;david.perez3987@techhub.com
Carlos Gomez 3988;carlos.gomez3988@techhub.com
Carlos Rodriguez 3989;carlos.rodriguez3989@techhub.com
David Gomez 3990;david.gomez3990@techhub.com
Lucia Fernandez 3991;lucia.fernandez3991@techhub.com
David Rodriguez 3992;david.rodriguez3992@techhub.com
Pedro Perez 3993;pedro.perez3993@techhub.com
Sofia Diaz 3994;sofia.diaz3994@techhub.com
Carlos Rodriguez 3995;carlos.rodriguez3995@techhub.com
Elena Gimenez 3996;elena.gimenez3996@techhub.com
Lucia Lopez 3997;lucia.lopez3997@techhub.com
Lucia Perez 3998;lucia.perez3998@techhub.com
Sofia Lopez 3999;sofia.lopez3999@techhub.com
Pedro Rodriguez 4000;pedro.rodriguez4000@techhub.com
Luis Perez 4001;luis.perez4001@techhub.com
Luis Gimenez 4002;luis.gimenez4002@techhub.com
Juan Diaz 4003;juan.diaz4003@techhub.com
Lucia Rodriguez 4004;lucia.rodriguez4004@techhub.com
Elena Gomez 4005;elena.gomez4005@techhub.com
Luis Rodriguez 4006;luis.rodriguez4006@techhub.com
Ana Lopez 4007;ana.lopez4007@techhub.com
David Perez 4008;david.perez4008@techhub.com
David Martinez 4009;david.martinez4009@techhub.com
Lucia Martinez 4010;lucia.martinez4010@techhub.com
Luis Gomez 4011;luis.gomez4011@techhub.com
Maria Diaz 4012;maria.diaz4012@techhub.com
Sofia Gimenez 4013;sofia.gimenez4013@techhub.com
Luis Rodriguez 4014;luis.rodriguez4014@techhub.com
Luis Gimenez 4015;luis.gimenez4015@techhub.com
Luis Rodriguez 4016;luis.rodriguez4016@techhub.com
Carlos Gimenez 4017;carlos.gimenez4017@techhub.com
Juan Perez 4018;juan.perez4018@techhub.com
Elena Diaz 4019;elena.diaz4019@techhub.com
Juan Fernandez 4020;juan.fernandez4020@techhub.com
Carlos Lopez 4021;carlos.lopez4021@techhub.com
Elena Martinez 4022;elena.martinez4022@techhub.com
Ana Perez 4023;ana.perez4023@techhub.com
Luis Rodriguez 4024;luis.rodriguez4024@techhub.com
Sofia Lopez 4025;sofia.lopez4025@techhub.com
Sofia Diaz 4026;sofia.diaz4026@techhub.com
Ana Fernandez 4027;ana.fernandez4027@techhub.com
Luis Gomez 4028;luis.gomez4028@techhub.com
Ana Perez 4029;ana.perez4029@techhub.com
Lucia Perez 4030;lucia.perez4030@techhub.com
Sofia Rodriguez 4031;sofia.rodriguez4031@techhub.com
Juan Gomez 4032;juan.gomez4032@techhub.com
Lucia Rodriguez 4033;lucia.rodriguez4033@techhub.com
Carlos Fernandez 4034;carlos.fernandez4034@techhub.com
Pedro Rodriguez 4035;pedro.rodriguez4035@techhub.com
Juan Diaz 4036;juan.diaz4036@techhub.com
Lucia Rodriguez 4037;lucia.rodriguez4037@techhub.com
Ana Gomez 4038;ana.gomez4038@techhub.com
Ana Lopez 4039;ana.lopez4039@techhub.com
David Martinez 4040;david.martinez4040@techhub.com
Elena Gimenez 4041;elena.gimenez4041@techhub.com
David Martinez 4042;david.martinez4042@techhub.com
Maria Gimenez 4043;maria.gimenez4043@techhub.com
Ana Rodriguez 4044;ana.rodriguez4044@techhub.com
Lucia Gomez 4045;lucia.gomez4045@techhub.com
Ana Diaz 4046;ana.diaz4046@techhub.com
David Lopez 4047;david.lopez4047@techhub.com
Maria Perez 4048;maria.perez4048@techhub.com
Maria Gomez 4049;maria.gomez4049@techhub.com
Lucia Diaz 4050;lucia.diaz4050@techhub.com
Carlos Martinez 4051;carlos.martinez4051@techhub.com
Luis Rodriguez 4052;luis.rodriguez4052@techhub.com
Sofia Perez 4053;sofia.perez4053@techhub.com
Pedro Fernandez 4054;pedro.fernandez4054@techhub.com
Sofia Perez 4055;sofia.perez4055@techhub.com
Maria Gomez 4056;maria.gomez4056@techhub.com
Maria Martinez 4057;maria.martinez4057@techhub.com
Ana Gomez 4058;ana.gomez4058@techhub.com
Carlos Rodriguez 4059;carlos.rodriguez4059@techhub.com
Maria Perez 4060;maria.perez4060@techhub.com
Ana Diaz 4061;ana.diaz4061@techhub.com
Pedro Rodriguez 4062;pedro.rodriguez4062@techhub.com
Lucia Martinez 4063;lucia.martinez4063@techhub.com
Luis Lopez 4064;luis.lopez4064@techhub.com
Elena Diaz 4065;elena.diaz4065@techhub.com
Carlos Martinez 4066;carlos.martinez4066@techhub.com
Juan Fernandez 4067;juan.fernandez4067@techhub.com
Pedro Diaz 4068;pedro.diaz4068@techhub.com
Juan Perez 4069;juan.perez4069@techhub.com
Sofia Gimenez 4070;sofia.gimenez4070@techhub.com
Lucia Lopez 4071;lucia.lopez4071@techhub.com
David Gimenez 4072;david.gimenez4072@techhub.com
Carlos Perez 4073;carlos.perez4073@techhub.com
Pedro Gimenez 4074;pedro.gimenez4074@techhub.com
Ana Rodriguez 4075;ana.rodriguez4075@techhub.com
Sofia Diaz 4076;sofia.diaz4076@techhub.com
Lucia Gimenez 4077;lucia.gimenez4077@techhub.com
Pedro Gimenez 4078;pedro.gimenez4078@techhub.com
Elena Lopez 4079;elena.lopez4079@techhub.com
Maria Martinez 4080;maria.martinez4080@techhub.com
Carlos Diaz 4081;carlos.diaz4081@techhub.com
Elena Gimenez 4082;elena.gimenez4082@techhub.com
Elena Lopez 4083;elena.lopez4083@techhub.com
Carlos Gimenez 4084;carlos.gimenez4084@techhub.com
Carlos Martinez 4085;carlos.martinez4085@techhub.com
Elena Gimenez 4086;elena.gimenez4086@techhub.com
Sofia Martinez 4087;sofia.martinez4087@techhub.com
Maria Gomez 4088;maria.gomez4088@techhub.com
Carlos Perez 4089;carlos.perez4089@techhub.com
Juan Diaz 4090;juan.diaz4090@techhub.com
Juan Martinez 4091;juan.martinez4091@techhub.com
Ana Gomez 4092;ana.gomez4092@techhub.com
Pedro Gimenez 4093;pedro.gimenez4093@techhub.com
Juan Perez 4094;juan.perez4094@techhub.com
Maria Fernandez 4095;maria.fernandez4095@techhub.com
David Fernandez 4096;david.fernandez4096@techhub.com
Pedro Perez 4097;pedro.perez4097@techhub.com
Sofia Perez 4098;sofia.perez4098@techhub.com
Sofia Lopez 4099;sofia.lopez4099@techhub.com
Juan Fernandez 4100;juan.fernandez4100@techhub.com
Lucia Lopez 4101;lucia.lopez4101@techhub.com
Lucia Diaz 4102;lucia.diaz4102@techhub.com
Carlos Perez 4103;carlos.perez4103@techhub.com
Lucia Gomez 4104;lucia.gomez4104@techhub.com
Elena Lopez 4105;elena.lopez4105@techhub.com
Lucia Rodriguez 4106;lucia.rodriguez4106@techhub.com
Ana Fernandez 4107;ana.fernandez4107@techhub.com
Ana Lopez 4108;ana.lopez4108@techhub.com
Ana Perez 4109;ana.perez4109@techhub.com
Sofia Fernandez 4110;sofia.fernandez4110@techhub.com
David Gimenez 4111;david.gimenez4111@techhub.com
Ana Rodriguez 4112;ana.rodriguez4112@techhub.com
Luis Perez 4113;luis.perez4113@techhub.com
Maria Gimenez 4114;maria.gimenez4114@techhub.com
Maria Martinez 4115;maria.martinez4115@techhub.com
Elena Gimenez 4116;elena.gimenez4116@techhub.com
Ana Rodriguez 4117;ana.rodriguez4117@techhub.com
Pedro Gomez 4118;pedro.gomez4118@techhub.com
Carlos Gimenez 4119;carlos.gimenez4119@techhub.com
Juan Lopez 4120;juan.lopez4120@techhub.com
Sofia Gomez 4121;sofia.gomez4121@techhub.com
Elena Fernandez 4122;elena.fernandez4122@techhub.com
Pedro Gimenez 4123;pedro.gimenez4123@techhub.com
Maria Gomez 4124;maria.gomez4124@techhub.com
Elena Gimenez 4125;elena.gimenez4125@techhub.com
Luis Gimenez 4126;luis.gimenez4126@techhub.com
Carlos Rodriguez 4127;carlos.rodriguez4127@techhub.com
Juan Fernandez 4128;juan.fernandez4128@techhub.com
Juan Gomez 4129;juan.gomez4129@techhub.com
Juan Lopez 4130;juan.lopez4130@techhub.com
Pedro Diaz 4131;pedro.diaz4131@techhub.com
Elena Diaz 4132;elena.diaz4132@techhub.com
Carlos Gomez 4133;carlos.gomez4133@techhub.com
Carlos Martinez 4134;carlos.martinez4134@techhub.com
Luis Gomez 4135;luis.gomez4135@techhub.com
Maria Fernandez 4136;maria.fernandez4136@techhub.com
Maria Lopez 4137;maria.lopez4137@techhub.com
Ana Perez 4138;ana.perez4138@techhub.com
Carlos Gomez 4139;carlos.gomez4139@techhub.com
Carlos Gimenez 4140;carlos.gimenez4140@techhub.com
Maria Rodriguez 4141;maria.rodriguez4141@techhub.com
Carlos Diaz 4142;carlos.diaz4142@techhub.com
Luis Gomez 4143;luis.gomez4143@techhub.com
Ana Gimenez 4144;ana.gimenez4144@techhub.com
Elena Diaz 4145;elena.diaz4145@techhub.com
Pedro Fernandez 4146;pedro.fernandez4146@techhub.com
Sofia Diaz 4147;sofia.diaz4147@techhub.com
Lucia Martinez 4148;lucia.martinez4148@techhub.com
Lucia Gimenez 4149;lucia.gimenez4149@techhub.com
Elena Gimenez 4150;elena.gimenez4150@techhub.com
David Rodriguez 4151;david.rodriguez4151@techhub.com
Elena Perez 4152;elena.perez4152@techhub.com
Juan Rodriguez 4153;juan.rodriguez4153@techhub.com
Luis Gomez 4154;luis.gomez4154@techhub.com
Juan Fernandez 4155;juan.fernandez4155@techhub.com
Maria Fernandez 4156;maria.fernandez4156@techhub.com
Maria Rodriguez 4157;maria.rodriguez4157@techhub.com
Sofia Lopez 4158;sofia.lopez4158@techhub.com
Carlos Gomez 4159;carlos.gomez4159@techhub.com
Sofia Perez 4160;sofia.perez4160@techhub.com
Elena Gomez 4161;elena.gomez4161@techhub.com
Luis Martinez 4162;luis.martinez4162@techhub.com
Ana Gimenez 4163;ana.gimenez4163@techhub.com
Juan Gimenez 4164;juan.gimenez4164@techhub.com
Juan Lopez 4165;juan.lopez4165@techhub.com
Pedro Lopez 4166;pedro.lopez4166@techhub.com
Lucia Gimenez 4167;lucia.gimenez4167@techhub.com
Luis Gomez 4168;luis.gomez4168@techhub.com
Juan Martinez 4169;juan.martinez4169@techhub.com
Carlos Fernandez 4170;carlos.fernandez4170@techhub.com
Luis Fernandez 4171;luis.fernandez4171@techhub.com
Juan Fernandez 4172;juan.fernandez4172@techhub.com
Pedro Gimenez 4173;pedro.gimenez4173@techhub.com
Luis Gimenez 4174;luis.gimenez4174@techhub.com
David Perez 4175;david.perez4175@techhub.com
Sofia Fernandez 4176;sofia.fernandez4176@techhub.com
David Fernandez 4177;david.fernandez4177@techhub.com
Ana Rodriguez 4178;ana.rodriguez4178@techhub.com
Ana Perez 4179;ana.perez4179@techhub.com
David Martinez 4180;david.martinez4180@techhub.com
Maria Fernandez 4181;maria.fernandez4181@techhub.com
Lucia Lopez 4182;lucia.lopez4182@techhub.com
Juan Lopez 4183;juan.lopez4183@techhub.com
Juan Gimenez 4184;juan.gimenez4184@techhub.com
Juan Rodriguez 4185;juan.rodriguez4185@techhub.com
Sofia Martinez 4186;sofia.martinez4186@techhub.com
Pedro Martinez 4187;pedro.martinez4187@techhub.com
Ana Perez 4188;ana.perez4188@techhub.com
Pedro Fernandez 4189;pedro.fernandez4189@techhub.com
Luis Gomez 4190;luis.gomez4190@techhub.com
Sofia Diaz 4191;sofia.diaz4191@techhub.com
Maria Lopez 4192;maria.lopez4192@techhub.com
Lucia Diaz 4193;lucia.diaz4193@techhub.com
Lucia Martinez 4194;lucia.martinez4194@techhub.com
Elena Rodriguez 4195;elena.rodriguez4195@techhub.com
Luis Gomez 4196;luis.gomez4196@techhub.com
Elena Gomez 4197;elena.gomez4197@techhub.com
Pedro Gomez 4198;pedro.gomez4198@techhub.com
Carlos Lopez 4199;carlos.lopez4199@techhub.com
Lucia Gimenez 4200;lucia.gimenez4200@techhub.com
Luis Gomez 4201;luis.gomez4201@techhub.com
Carlos Martinez 4202;carlos.martinez4202@techhub.com
David Gimenez 4203;david.gimenez4203@techhub.com
Pedro Diaz 4204;pedro.diaz4204@techhub.com
Elena Lopez 4205;elena.lopez4205@techhub.com
Maria Diaz 4206;maria.diaz4206@techhub.com
Elena Martinez 4207;elena.martinez4207@techhub.com
David Diaz 4208;david.diaz4208@techhub.com
Ana Diaz 4209;ana.diaz4209@techhub.com
Elena Gomez 4210;elena.gomez4210@techhub.com
David Lopez 4211;david.lopez4211@techhub.com
Luis Diaz 4212;luis.diaz4212@techhub.com
Luis Gimenez 4213;luis.gimenez4213@techhub.com
Pedro Gimenez 4214;pedro.gimenez4214@techhub.com
Sofia Rodriguez 4215;sofia.rodriguez4215@techhub.com
Lucia Rodriguez 4216;lucia.rodriguez4216@techhub.com
David Fernandez 4217;david.fernandez4217@techhub.com
Juan Fernandez 4218;juan.fernandez4218@techhub.com
Carlos Lopez 4219;carlos.lopez4219@techhub.com
Luis Martinez 4220;luis.martinez4220@techhub.com
Juan Lopez 4221;juan.lopez4221@techhub.com
David Martinez 4222;david.martinez4222@techhub.com
Juan Rodriguez 4223;juan.rodriguez4223@techhub.com
Juan Gimenez 4224;juan.gimenez4224@techhub.com
Carlos Martinez 4225;carlos.martinez4225@techhub.com
Sofia Perez 4226;sofia.perez4226@techhub.com
Elena Perez 4227;elena.perez4227@techhub.com
Elena Fernandez 4228;elena.fernandez4228@techhub.com
Sofia Gimenez 4229;sofia.gimenez4229@techhub.com
Lucia Rodriguez 4230;lucia.rodriguez4230@techhub.com
Carlos Fernandez 4231;carlos.fernandez4231@techhub.com
Carlos Gomez 4232;carlos.gomez4232@techhub.com
Pedro Perez 4233;pedro.perez4233@techhub.com
Pedro Rodriguez 4234;pedro.rodriguez4234@techhub.com
Luis Gimenez 4235;luis.gimenez4235@techhub.com
David Martinez 4236;david.martinez4236@techhub.com
Juan Diaz 4237;juan.diaz4237@techhub.com
Sofia Lopez 4238;sofia.lopez4238@techhub.com
Ana Gimenez 4239;ana.gimenez4239@techhub.com
Carlos Lopez 4240;carlos.lopez4240@techhub.com
Luis Gimenez 4241;luis.gimenez4241@techhub.com
Ana Fernandez 4242;ana.fernandez4242@techhub.com
Maria Fernandez 4243;maria.fernandez4243@techhub.com
Carlos Gimenez 4244;carlos.gimenez4244@techhub.com
Carlos Martinez 4245;carlos.martinez4245@techhub.com
Elena Martinez 4246;elena.martinez4246@techhub.com
Luis Fernandez 4247;luis.fernandez4247@techhub.com
Lucia Perez 4248;lucia.perez4248@techhub.com
David Fernandez 4249;david.fernandez4249@techhub.com
Elena Rodriguez 4250;elena.rodriguez4250@techhub.com
Sofia Lopez 4251;sofia.lopez4251@techhub.com
Elena Fernandez 4252;elena.fernandez4252@techhub.com
Luis Gimenez 4253;luis.gimenez4253@techhub.com
Sofia Rodriguez 4254;sofia.rodriguez4254@techhub.com
Carlos Gimenez 4255;carlos.gimenez4255@techhub.com
David Gomez 4256;david.gomez4256@techhub.com
Juan Rodriguez 4257;juan.rodriguez4257@techhub.com
Lucia Diaz 4258;lucia.diaz4258@techhub.com
Ana Gimenez 4259;ana.gimenez4259@techhub.com
Elena Diaz 4260;elena.diaz4260@techhub.com
Ana Rodriguez 4261;ana.rodriguez4261@techhub.com
Elena Gomez 4262;elena.gomez4262@techhub.com
Lucia Diaz 4263;lucia.diaz4263@techhub.com
Ana Rodriguez 4264;ana.rodriguez4264@techhub.com
Elena Gimenez 4265;elena.gimenez4265@techhub.com
Ana Fernandez 4266;ana.fernandez4266@techhub.com
Luis Gimenez 4267;luis.gimenez4267@techhub.com
Lucia Gimenez 4268;lucia.gimenez4268@techhub.com
Lucia Martinez 4269;lucia.martinez4269@techhub.com
Juan Fernandez 4270;juan.fernandez4270@techhub.com
Elena Martinez 4271;elena.martinez4271@techhub.com
Lucia Gimenez 4272;lucia.gimenez4272@techhub.com
Luis Lopez 4273;luis.lopez4273@techhub.com
Pedro Gomez 4274;pedro.gomez4274@techhub.com
David Diaz 4275;david.diaz4275@techhub.com
Sofia Gimenez 4276;sofia.gimenez4276@techhub.com
Juan Rodriguez 4277;juan.rodriguez4277@techhub.com
Ana Rodriguez 4278;ana.rodriguez4278@techhub.com
Juan Diaz 4279;juan.diaz4279@techhub.com
Lucia Gimenez 4280;lucia.gimenez4280@techhub.com
Ana Perez 4281;ana.perez4281@techhub.com
David Lopez 4282;david.lopez4282@techhub.com
David Gimenez 4283;david.gimenez4283@techhub.com
David Martinez 4284;david.martinez4284@techhub.com
Lucia Gomez 4285;lucia.gomez4285@techhub.com
Lucia Diaz 4286;lucia.diaz4286@techhub.com
David Lopez 4287;david.lopez4287@techhub.com
Ana Lopez 4288;ana.lopez4288@techhub.com
Carlos Lopez 4289;carlos.lopez4289@techhub.com
Maria Martinez 4290;maria.martinez4290@techhub.com
Juan Diaz 4291;juan.diaz4291@techhub.com
Juan Martinez 4292;juan.martinez4292@techhub.com
Pedro Martinez 4293;pedro.martinez4293@techhub.com
Juan Rodriguez 4294;juan.rodriguez4294@techhub.com
Pedro Fernandez 4295;pedro.fernandez4295@techhub.com
Maria Diaz 4296;maria.diaz4296@techhub.com
Pedro Rodriguez 4297;pedro.rodriguez4297@techhub.com
Sofia Diaz 4298;sofia.diaz4298@techhub.com
Carlos Fernandez 4299;carlos.fernandez4299@techhub.com
Carlos Lopez 4300;carlos.lopez4300@techhub.com
Ana Gomez 4301;ana.gomez4301@techhub.com
Elena Gomez 4302;elena.gomez4302@techhub.com
Sofia Diaz 4303;sofia.diaz4303@techhub.com
David Gomez 4304;david.gomez4304@techhub.com
Pedro Gimenez 4305;pedro.gimenez4305@techhub.com
David Diaz 4306;david.diaz4306@techhub.com
Ana Diaz 4307;ana.diaz4307@techhub.com
Pedro Rodriguez 4308;pedro.rodriguez4308@techhub.com
Maria Gomez 4309;maria.gomez4309@techhub.com
Elena Gomez 4310;elena.gomez4310@techhub.com
Pedro Perez 4311;pedro.perez4311@techhub.com
Sofia Martinez 4312;sofia.martinez4312@techhub.com
Luis Gimenez 4313;luis.gimenez4313@techhub.com
Sofia Perez 4314;sofia.perez4314@techhub.com
Sofia Gimenez 4315;sofia.gimenez4315@techhub.com
Carlos Rodriguez 4316;carlos.rodriguez4316@techhub.com
Pedro Fernandez 4317;pedro.fernandez4317@techhub.com
Carlos Gomez 4318;carlos.gomez4318@techhub.com
Carlos Gimenez 4319;carlos.gimenez4319@techhub.com
Elena Martinez 4320;elena.martinez4320@techhub.com
David Rodriguez 4321;david.rodriguez4321@techhub.com
Lucia Martinez 4322;lucia.martinez4322@techhub.com
Sofia Fernandez 4323;sofia.fernandez4323@techhub.com
Juan Lopez 4324;juan.lopez4324@techhub.com
Luis Martinez 4325;luis.martinez4325@techhub.com
David Fernandez 4326;david.fernandez4326@techhub.com
David Gomez 4327;david.gomez4327@techhub.com
Elena Rodriguez 4328;elena.rodriguez4328@techhub.com
Pedro Lopez 4329;pedro.lopez4329@techhub.com
Maria Lopez 4330;maria.lopez4330@techhub.com
Ana Perez 4331;ana.perez4331@techhub.com
David Gomez 4332;david.gomez4332@techhub.com
Ana Fernandez 4333;ana.fernandez4333@techhub.com
Lucia Diaz 4334;lucia.diaz4334@techhub.com
Pedro Gimenez 4335;pedro.gimenez4335@techhub.com
Pedro Martinez 4336;pedro.martinez4336@techhub.com
Ana Martinez 4337;ana.martinez4337@techhub.com
Luis Diaz 4338;luis.diaz4338@techhub.com
Ana Rodriguez 4339;ana.rodriguez4339@techhub.com
Carlos Gimenez 4340;carlos.gimenez4340@techhub.com
Elena Perez 4341;elena.perez4341@techhub.com
Elena Gomez 4342;elena.gomez4342@techhub.com
Sofia Martinez 4343;sofia.martinez4343@techhub.com
Luis Perez 4344;luis.perez4344@techhub.com
Luis Fernandez 4345;luis.fernandez4345@techhub.com
David Diaz 4346;david.diaz4346@techhub.com
Sofia Perez 4347;sofia.perez4347@techhub.com
Pedro Lopez 4348;pedro.lopez4348@techhub.com
Juan Fernandez 4349;juan.fernandez4349@techhub.com
Ana Fernandez 4350;ana.fernandez4350@techhub.com
Sofia Rodriguez 4351;sofia.rodriguez4351@techhub.com
David Martinez 4352;david.martinez4352@techhub.com
Luis Diaz 4353;luis.diaz4353@techhub.com
Sofia Gimenez 4354;sofia.gimenez4354@techhub.com
Ana Rodriguez 4355;ana.rodriguez4355@techhub.com
Pedro Fernandez 4356;pedro.fernandez4356@techhub.com
Ana Rodriguez 4357;ana.rodriguez4357@techhub.com
Elena Rodriguez 4358;elena.rodriguez4358@techhub.com
Carlos Martinez 4359;carlos.martinez4359@techhub.com
Elena Diaz 4360;elena.diaz4360@techhub.com
Pedro Perez 4361;pedro.perez4361@techhub.com
Elena Martinez 4362;elena.martinez4362@techhub.com
Carlos Lopez 4363;carlos.lopez4363@techhub.com
Elena Fernandez 4364;elena.fernandez4364@techhub.com
Ana Lopez 4365;ana.lopez4365@techhub.com
Elena Fernandez 4366;elena.fernandez4366@techhub.com
Pedro Gomez 4367;pedro.gomez4367@techhub.com
David Gimenez 4368;david.gimenez4368@techhub.com
Ana Lopez 4369;ana.lopez4369@techhub.com
Ana Lopez 4370;ana.lopez4370@techhub.com
Elena Rodriguez 4371;elena.rodriguez4371@techhub.com
Maria Fernandez 4372;maria.fernandez4372@techhub.com
Elena Gimenez 4373;elena.gimenez4373@techhub.com
David Rodriguez 4374;david.rodriguez4374@techhub.com
Pedro Diaz 4375;pedro.diaz4375@techhub.com
Ana Martinez 4376;ana.martinez4376@techhub.com
David Lopez 4377;david.lopez4377@techhub.com
Pedro Martinez 4378;pedro.martinez4378@techhub.com
Luis Rodriguez 4379;luis.rodriguez4379@techhub.com
Carlos Lopez 4380;carlos.lopez4380@techhub.com
Pedro Diaz 4381;pedro.diaz4381@techhub.com
Lucia Perez 4382;lucia.perez4382@techhub.com
Juan Perez 4383;juan.perez4383@techhub.com
Luis Lopez 4384;luis.lopez4384@techhub.com
Lucia Lopez 4385;lucia.lopez4385@techhub.com
Ana Rodriguez 4386;ana.rodriguez4386@techhub.com
Maria Rodriguez 4387;maria.rodriguez4387@techhub.com
Sofia Rodriguez 4388;sofia.rodriguez4388@techhub.com
Carlos Rodriguez 4389;carlos.rodriguez4389@techhub.com
Lucia Perez 4390;lucia.perez4390@techhub.com
Elena Perez 4391;elena.perez4391@techhub.com
Elena Diaz 4392;elena.diaz4392@techhub.com
Sofia Martinez 4393;sofia.martinez4393@techhub.com
Pedro Martinez 4394;pedro.martinez4394@techhub.com
Maria Perez 4395;maria.perez4395@techhub.com
Carlos Martinez 4396;carlos.martinez4396@techhub.com
Ana Martinez 4397;ana.martinez4397@techhub.com
David Fernandez 4398;david.fernandez4398@techhub.com
Lucia Lopez 4399;lucia.lopez4399@techhub.com
Pedro Fernandez 4400;pedro.fernandez4400@techhub.com
David Rodriguez 4401;david.rodriguez4401@techhub.com
Carlos Rodriguez 4402;carlos.rodriguez4402@techhub.com
Ana Martinez 4403;ana.martinez4403@techhub.com
Carlos Rodriguez 4404;carlos.rodriguez4404@techhub.com
Juan Perez 4405;juan.perez4405@techhub.com
Ana Fernandez 4406;ana.fernandez4406@techhub.com
David Lopez 4407;david.lopez4407@techhub.com
Pedro Diaz 4408;pedro.diaz4408@techhub.com
Carlos Fernandez 4409;carlos.fernandez4409@techhub.com
Juan Gimenez 4410;juan.gimenez4410@techhub.com
Luis Gimenez 4411;luis.gimenez4411@techhub.com
Sofia Gomez 4412;sofia.gomez4412@techhub.com
Ana Fernandez 4413;ana.fernandez4413@techhub.com
Pedro Perez 4414;pedro.perez4414@techhub.com
Ana Gomez 4415;ana.gomez4415@techhub.com
Lucia Perez 4416;lucia.perez4416@techhub.com
Juan Gimenez 4417;juan.gimenez4417@techhub.com
Lucia Perez 4418;lucia.perez4418@techhub.com
Lucia Fernandez 4419;lucia.fernandez4419@techhub.com
Juan Diaz 4420;juan.diaz4420@techhub.com
Lucia Gimenez 4421;lucia.gimenez4421@techhub.com
Carlos Martinez 4422;carlos.martinez4422@techhub.com
Pedro Martinez 4423;pedro.martinez4423@techhub.com
Ana Gimenez 4424;ana.gimenez4424@techhub.com
Juan Perez 4425;juan.perez4425@techhub.com
Luis Martinez 4426;luis.martinez4426@techhub.com
Maria Gomez 4427;maria.gomez4427@techhub.com
Elena Gomez 4428;elena.gomez4428@techhub.com
Elena Fernandez 4429;elena.fernandez4429@techhub.com
Lucia Martinez 4430;lucia.martinez4430@techhub.com
Elena Diaz 4431;elena.diaz4431@techhub.com
Lucia Gomez 4432;lucia.gomez4432@techhub.com
Ana Perez 4433;ana.perez4433@techhub.com
Ana Rodriguez 4434;ana.rodriguez4434@techhub.com
Elena Rodriguez 4435;elena.rodriguez4435@techhub.com
Pedro Gimenez 4436;pedro.gimenez4436@techhub.com
Luis Fernandez 4437;luis.fernandez4437@techhub.com
Sofia Fernandez 4438;sofia.fernandez4438@techhub.com
Sofia Lopez 4439;sofia.lopez4439@techhub.com
Juan Martinez 4440;juan.martinez4440@techhub.com
Elena Perez 4441;elena.perez4441@techhub.com
David Perez 4442;david.perez4442@techhub.com
Maria Gomez 4443;maria.gomez4443@techhub.com
Luis Fernandez 4444;luis.fernandez4444@techhub.com
Maria Fernandez 4445;maria.fernandez4445@techhub.com
Maria Lopez 4446;maria.lopez4446@techhub.com
Luis Gomez 4447;luis.gomez4447@techhub.com
Maria Lopez 4448;maria.lopez4448@techhub.com
Maria Martinez 4449;maria.martinez4449@techhub.com
Carlos Perez 4450;carlos.perez4450@techhub.com
Ana Diaz 4451;ana.diaz4451@techhub.com
Elena Rodriguez 4452;elena.rodriguez4452@techhub.com
Carlos Fernandez 4453;carlos.fernandez4453@techhub.com
Juan Diaz 4454;juan.diaz4454@techhub.com
Maria Gomez 4455;maria.gomez4455@techhub.com
Lucia Diaz 4456;lucia.diaz4456@techhub.com
Carlos Fernandez 4457;carlos.fernandez4457@techhub.com
Elena Perez 4458;elena.perez4458@techhub.com
Sofia Fernandez 4459;sofia.fernandez4459@techhub.com
Sofia Rodriguez 4460;sofia.rodriguez4460@techhub.com
Sofia Gomez 4461;sofia.gomez4461@techhub.com
Maria Lopez 4462;maria.lopez4462@techhub.com
David Gimenez 4463;david.gimenez4463@techhub.com
Lucia Perez 4464;lucia.perez4464@techhub.com
Sofia Martinez 4465;sofia.martinez4465@techhub.com
Luis Fernandez 4466;luis.fernandez4466@techhub.com
Sofia Gomez 4467;sofia.gomez4467@techhub.com
Lucia Fernandez 4468;lucia.fernandez4468@techhub.com
Elena Fernandez 4469;elena.fernandez4469@techhub.com
Lucia Fernandez 4470;lucia.fernandez4470@techhub.com
Sofia Martinez 4471;sofia.martinez4471@techhub.com
Juan Gimenez 4472;juan.gimenez4472@techhub.com
Juan Martinez 4473;juan.martinez4473@techhub.com
Carlos Fernandez 4474;carlos.fernandez4474@techhub.com
Ana Fernandez 4475;ana.fernandez4475@techhub.com
Juan Gimenez 4476;juan.gimenez4476@techhub.com
Elena Rodriguez 4477;elena.rodriguez4477@techhub.com
Luis Diaz 4478;luis.diaz4478@techhub.com
Ana Gimenez 4479;ana.gimenez4479@techhub.com
Lucia Fernandez 4480;lucia.fernandez4480@techhub.com
Lucia Perez 4481;lucia.perez4481@techhub.com
Juan Diaz 4482;juan.diaz4482@techhub.com
Lucia Fernandez 4483;lucia.fernandez4483@techhub.com
Pedro Gimenez 4484;pedro.gimenez4484@techhub.com
Ana Fernandez 4485;ana.fernandez4485@techhub.com
Luis Rodriguez 4486;luis.rodriguez4486@techhub.com
Lucia Gimenez 4487;lucia.gimenez4487@techhub.com
David Gimenez 4488;david.gimenez4488@techhub.com
Pedro Gimenez 4489;pedro.gimenez4489@techhub.com
Sofia Diaz 4490;sofia.diaz4490@techhub.com
Maria Martinez 4491;maria.martinez4491@techhub.com
Lucia Perez 4492;lucia.perez4492@techhub.com
Sofia Gimenez 4493;sofia.gimenez4493@techhub.com
Lucia Martinez 4494;lucia.martinez4494@techhub.com
Lucia Diaz 4495;lucia.diaz4495@techhub.com
Maria Gomez 4496;maria.gomez4496@techhub.com
Pedro Diaz 4497;pedro.diaz4497@techhub.com
Luis Lopez 4498;luis.lopez4498@techhub.com
Elena Perez 4499;elena.perez4499@techhub.com
Carlos Lopez 4500;carlos.lopez4500@techhub.com
Carlos Gomez 4501;carlos.gomez4501@techhub.com
Juan Diaz 4502;juan.diaz4502@techhub.com
Lucia Gomez 4503;lucia.gomez4503@techhub.com
Maria Martinez 4504;maria.martinez4504@techhub.com
Carlos Fernandez 4505;carlos.fernandez4505@techhub.com
Sofia Fernandez 4506;sofia.fernandez4506@techhub.com
David Gimenez 4507;david.gimenez4507@techhub.com
Maria Gimenez 4508;maria.gimenez4508@techhub.com
Ana Rodriguez 4509;ana.rodriguez4509@techhub.com
Ana Lopez 4510;ana.lopez4510@techhub.com
Maria Martinez 4511;maria.martinez4511@techhub.com
Carlos Diaz 4512;carlos.diaz4512@techhub.com
Pedro Gimenez 4513;pedro.gimenez4513@techhub.com
Sofia Rodriguez 4514;sofia.rodriguez4514@techhub.com
Carlos Rodriguez 4515;carlos.rodriguez4515@techhub.com
David Diaz 4516;david.diaz4516@techhub.com
Carlos Gomez 4517;carlos.gomez4517@techhub.com
Elena Gimenez 4518;elena.gimenez4518@techhub.com
Carlos Lopez 4519;carlos.lopez4519@techhub.com
Juan Rodriguez 4520;juan.rodriguez4520@techhub.com
Sofia Martinez 4521;sofia.martinez4521@techhub.com
Lucia Lopez 4522;lucia.lopez4522@techhub.com
Pedro Lopez 4523;pedro.lopez4523@techhub.com
Lucia Rodriguez 4524;lucia.rodriguez4524@techhub.com
Sofia Perez 4525;sofia.perez4525@techhub.com
David Perez 4526;david.perez4526@techhub.com
David Gomez 4527;david.gomez4527@techhub.com
Sofia Fernandez 4528;sofia.fernandez4528@techhub.com
Lucia Gomez 4529;lucia.gomez4529@techhub.com
Elena Rodriguez 4530;elena.rodriguez4530@techhub.com
Luis Gomez 4531;luis.gomez4531@techhub.com
Sofia Fernandez 4532;sofia.fernandez4532@techhub.com
Maria Perez 4533;maria.perez4533@techhub.com
Pedro Gomez 4534;pedro.gomez4534@techhub.com
Lucia Martinez 4535;lucia.martinez4535@techhub.com
Carlos Rodriguez 4536;carlos.rodriguez4536@techhub.com
Sofia Gomez 4537;sofia.gomez4537@techhub.com
Lucia Diaz 4538;lucia.diaz4538@techhub.com
Ana Gimenez 4539;ana.gimenez4539@techhub.com
David Perez 4540;david.perez4540@techhub.com
Luis Gomez 4541;luis.gomez4541@techhub.com
Maria Diaz 4542;maria.diaz4542@techhub.com
David Fernandez 4543;david.fernandez4543@techhub.com
Maria Fernandez 4544;maria.fernandez4544@techhub.com
Elena Perez 4545;elena.perez4545@techhub.com
Luis Martinez 4546;luis.martinez4546@techhub.com
Elena Perez 4547;elena.perez4547@techhub.com
Sofia Lopez 4548;sofia.lopez4548@techhub.com
Juan Gomez 4549;juan.gomez4549@techhub.com
Carlos Martinez 4550;carlos.martinez4550@techhub.com
Lucia Perez 4551;lucia.perez4551@techhub.com
Luis Lopez 4552;luis.lopez4552@techhub.com
Lucia Perez 4553;lucia.perez4553@techhub.com
Elena Diaz 4554;elena.diaz4554@techhub.com
Pedro Martinez 4555;pedro.martinez4555@techhub.com
Lucia Gomez 4556;lucia.gomez4556@techhub.com
Sofia Gomez 4557;sofia.gomez4557@techhub.com
Juan Gomez 4558;juan.gomez4558@techhub.com
Pedro Gomez 4559;pedro.gomez4559@techhub.com
Elena Gomez 4560;elena.gomez4560@techhub.com
Maria Lopez 4561;maria.lopez4561@techhub.com
Lucia Martinez 4562;lucia.martinez4562@techhub.com
Elena Lopez 4563;elena.lopez4563@techhub.com
Ana Rodriguez 4564;ana.rodriguez4564@techhub.com
Pedro Fernandez 4565;pedro.fernandez4565@techhub.com
Luis Fernandez 4566;luis.fernandez4566@techhub.com
Sofia Fernandez 4567;sofia.fernandez4567@techhub.com
David Fernandez 4568;david.fernandez4568@techhub.com
Maria Fernandez 4569;maria.fernandez4569@techhub.com
Ana Fernandez 4570;ana.fernandez4570@techhub.com
Maria Martinez 4571;maria.martinez4571@techhub.com
Pedro Fernandez 4572;pedro.fernandez4572@techhub.com
Maria Gomez 4573;maria.gomez4573@techhub.com
Carlos Fernandez 4574;carlos.fernandez4574@techhub.com
Elena Rodriguez 4575;elena.rodriguez4575@techhub.com
Ana Rodriguez 4576;ana.rodriguez4576@techhub.com
Luis Martinez 4577;luis.martinez4577@techhub.com
Ana Martinez 4578;ana.martinez4578@techhub.com
Pedro Martinez 4579;pedro.martinez4579@techhub.com
Maria Gimenez 4580;maria.gimenez4580@techhub.com
David Lopez 4581;david.lopez4581@techhub.com
Elena Gimenez 4582;elena.gimenez4582@techhub.com
Sofia Gomez 4583;sofia.gomez4583@techhub.com
Ana Gimenez 4584;ana.gimenez4584@techhub.com
Pedro Gomez 4585;pedro.gomez4585@techhub.com
David Gimenez 4586;david.gimenez4586@techhub.com
Ana Gimenez 4587;ana.gimenez4587@techhub.com
Ana Gomez 4588;ana.gomez4588@techhub.com
David Diaz 4589;david.diaz4589@techhub.com
Ana Perez 4590;ana.perez4590@techhub.com
Lucia Rodriguez 4591;lucia.rodriguez4591@techhub.com
Pedro Perez 4592;pedro.perez4592@techhub.com
Sofia Perez 4593;sofia.perez4593@techhub.com
Ana Martinez 4594;ana.martinez4594@techhub.com
David Gomez 4595;david.gomez4595@techhub.com
Carlos Fernandez 4596;carlos.fernandez4596@techhub.com
Ana Lopez 4597;ana.lopez4597@techhub.com
David Perez 4598;david.perez4598@techhub.com
Maria Rodriguez 4599;maria.rodriguez4599@techhub.com
Pedro Fernandez 4600;pedro.fernandez4600@techhub.com
Pedro Lopez 4601;pedro.lopez4601@techhub.com
Luis Martinez 4602;luis.martinez4602@techhub.com
Juan Gomez 4603;juan.gomez4603@techhub.com
Luis Gimenez 4604;luis.gimenez4604@techhub.com
Luis Perez 4605;luis.perez4605@techhub.com
Carlos Gomez 4606;carlos.gomez4606@techhub.com
Pedro Perez 4607;pedro.perez4607@techhub.com
Pedro Diaz 4608;pedro.diaz4608@techhub.com
Carlos Lopez 4609;carlos.lopez4609@techhub.com
Juan Diaz 4610;juan.diaz4610@techhub.com
Sofia Diaz 4611;sofia.diaz4611@techhub.com
Luis Fernandez 4612;luis.fernandez4612@techhub.com
Maria Rodriguez 4613;maria.rodriguez4613@techhub.com
Carlos Gomez 4614;carlos.gomez4614@techhub.com
Carlos Martinez 4615;carlos.martinez4615@techhub.com
David Gimenez 4616;david.gimenez4616@techhub.com
Carlos Rodriguez 4617;carlos.rodriguez4617@techhub.com
Elena Gomez 4618;elena.gomez4618@techhub.com
Juan Gomez 4619;juan.gomez4619@techhub.com
Sofia Gimenez 4620;sofia.gimenez4620@techhub.com
Pedro Fernandez 4621;pedro.fernandez4621@techhub.com
Juan Diaz 4622;juan.diaz4622@techhub.com
Juan Diaz 4623;juan.diaz4623@techhub.com
Carlos Gomez 4624;carlos.gomez4624@techhub.com
David Gimenez 4625;david.gimenez4625@techhub.com
Juan Gimenez 4626;juan.gimenez4626@techhub.com
Carlos Rodriguez 4627;carlos.rodriguez4627@techhub.com
Luis Gomez 4628;luis.gomez4628@techhub.com
Lucia Gomez 4629;lucia.gomez4629@techhub.com
Ana Gomez 4630;ana.gomez4630@techhub.com
Sofia Lopez 4631;sofia.lopez4631@techhub.com
Lucia Gimenez 4632;lucia.gimenez4632@techhub.com
Carlos Martinez 4633;carlos.martinez4633@techhub.com
Luis Perez 4634;luis.perez4634@techhub.com
Carlos Perez 4635;carlos.perez4635@techhub.com
Pedro Gimenez 4636;pedro.gimenez4636@techhub.com
Sofia Martinez 4637;sofia.martinez4637@techhub.com
David Diaz 4638;david.diaz4638@techhub.com
Sofia Perez 4639;sofia.perez4639@techhub.com
Lucia Gomez 4640;lucia.gomez4640@techhub.com
Ana Gomez 4641;ana.gomez4641@techhub.com
Lucia Gomez 4642;lucia.gomez4642@techhub.com
Sofia Fernandez 4643;sofia.fernandez4643@techhub.com
Pedro Lopez 4644;pedro.lopez4644@techhub.com
Luis Gimenez 4645;luis.gimenez4645@techhub.com
Ana Lopez 4646;ana.lopez4646@techhub.com
Pedro Gimenez 4647;pedro.gimenez4647@techhub.com
David Perez 4648;david.perez4648@techhub.com
Pedro Gimenez 4649;pedro.gimenez4649@techhub.com
Maria Gimenez 4650;maria.gimenez4650@techhub.com
Elena Rodriguez 4651;elena.rodriguez4651@techhub.com
Sofia Martinez 4652;sofia.martinez4652@techhub.com
Pedro Lopez 4653;pedro.lopez4653@techhub.com
Luis Lopez 4654;luis.lopez4654@techhub.com
Maria Rodriguez 4655;maria.rodriguez4655@techhub.com
Pedro Diaz 4656;pedro.diaz4656@techhub.com
Sofia Martinez 4657;sofia.martinez4657@techhub.com
Juan Martinez 4658;juan.martinez4658@techhub.com
Ana Gimenez 4659;ana.gimenez4659@techhub.com
Carlos Diaz 4660;carlos.diaz4660@techhub.com
Juan Lopez 4661;juan.lopez4661@techhub.com
Elena Rodriguez 4662;elena.rodriguez4662@techhub.com
Sofia Gomez 4663;sofia.gomez4663@techhub.com
Ana Gomez 4664;ana.gomez4664@techhub.com
Pedro Diaz 4665;pedro.diaz4665@techhub.com
Elena Diaz 4666;elena.diaz4666@techhub.com
Luis Martinez 4667;luis.martinez4667@techhub.com
David Perez 4668;david.perez4668@techhub.com
Maria Martinez 4669;maria.martinez4669@techhub.com
Carlos Lopez 4670;carlos.lopez4670@techhub.com
Luis Lopez 4671;luis.lopez4671@techhub.com
David Rodriguez 4672;david.rodriguez4672@techhub.com
Elena Fernandez 4673;elena.fernandez4673@techhub.com
Elena Gimenez 4674;elena.gimenez4674@techhub.com
Luis Rodriguez 4675;luis.rodriguez4675@techhub.com
Maria Rodriguez 4676;maria.rodriguez4676@techhub.com
David Rodriguez 4677;david.rodriguez4677@techhub.com
Sofia Fernandez 4678;sofia.fernandez4678@techhub.com
Lucia Rodriguez 4679;lucia.rodriguez4679@techhub.com
Luis Martinez 4680;luis.martinez4680@techhub.com
Pedro Diaz 4681;pedro.diaz4681@techhub.com
David Perez 4682;david.perez4682@techhub.com
Sofia Rodriguez 4683;sofia.rodriguez4683@techhub.com
Juan Diaz 4684;juan.diaz4684@techhub.com
Carlos Gimenez 4685;carlos.gimenez4685@techhub.com
Lucia Perez 4686;lucia.perez4686@techhub.com
Juan Gimenez 4687;juan.gimenez4687@techhub.com
Juan Gomez 4688;juan.gomez4688@techhub.com
David Rodriguez 4689;david.rodriguez4689@techhub.com
Elena Diaz 4690;elena.diaz4690@techhub.com
Lucia Gimenez 4691;lucia.gimenez4691@techhub.com
Sofia Martinez 4692;sofia.martinez4692@techhub.com
Juan Rodriguez 4693;juan.rodriguez4693@techhub.com
Pedro Martinez 4694;pedro.martinez4694@techhub.com
Maria Martinez 4695;maria.martinez4695@techhub.com
Maria Martinez 4696;maria.martinez4696@techhub.com
Juan Fernandez 4697;juan.fernandez4697@techhub.com
David Perez 4698;david.perez4698@techhub.com
Juan Martinez 4699;juan.martinez4699@techhub.com
Carlos Diaz 4700;carlos.diaz4700@techhub.com
Pedro Gomez 4701;pedro.gomez4701@techhub.com
Carlos Gimenez 4702;carlos.gimenez4702@techhub.com
Carlos Perez 4703;carlos.perez4703@techhub.com
Juan Perez 4704;juan.perez4704@techhub.com
Juan Rodriguez 4705;juan.rodriguez4705@techhub.com
Carlos Martinez 4706;carlos.martinez4706@techhub.com
Lucia Fernandez 4707;lucia.fernandez4707@techhub.com
Pedro Gomez 4708;pedro.gomez4708@techhub.com
Ana Martinez 4709;ana.martinez4709@techhub.com
Luis Fernandez 4710;luis.fernandez4710@techhub.com
Maria Fernandez 4711;maria.fernandez4711@techhub.com
Pedro Perez 4712;pedro.perez4712@techhub.com
Luis Fernandez 4713;luis.fernandez4713@techhub.com
Sofia Diaz 4714;sofia.diaz4714@techhub.com
Ana Perez 4715;ana.perez4715@techhub.com
Pedro Perez 4716;pedro.perez4716@techhub.com
Lucia Lopez 4717;lucia.lopez4717@techhub.com
Sofia Martinez 4718;sofia.martinez4718@techhub.com
Pedro Gomez 4719;pedro.gomez4719@techhub.com
Juan Gimenez 4720;juan.gimenez4720@techhub.com
Elena Fernandez 4721;elena.fernandez4721@techhub.com
Elena Gomez 4722;elena.gomez4722@techhub.com
Lucia Lopez 4723;lucia.lopez4723@techhub.com
David Diaz 4724;david.diaz4724@techhub.com
Ana Rodriguez 4725;ana.rodriguez4725@techhub.com
David Perez 4726;david.perez4726@techhub.com
Lucia Gimenez 4727;lucia.gimenez4727@techhub.com
Juan Rodriguez 4728;juan.rodriguez4728@techhub.com
Juan Lopez 4729;juan.lopez4729@techhub.com
Ana Lopez 4730;ana.lopez4730@techhub.com
Sofia Perez 4731;sofia.perez4731@techhub.com
Juan Rodriguez 4732;juan.rodriguez4732@techhub.com
Pedro Gomez 4733;pedro.gomez4733@techhub.com
Lucia Gomez 4734;lucia.gomez4734@techhub.com
Sofia Perez 4735;sofia.perez4735@techhub.com
Luis Fernandez 4736;luis.fernandez4736@techhub.com
Pedro Lopez 4737;pedro.lopez4737@techhub.com
Elena Diaz 4738;elena.diaz4738@techhub.com
Carlos Martinez 4739;carlos.martinez4739@techhub.com
Pedro Rodriguez 4740;pedro.rodriguez4740@techhub.com
Elena Martinez 4741;elena.martinez4741@techhub.com
Pedro Lopez 4742;pedro.lopez4742@techhub.com
Maria Gimenez 4743;maria.gimenez4743@techhub.com
Luis Diaz 4744;luis.diaz4744@techhub.com
Elena Gomez 4745;elena.gomez4745@techhub.com
Ana Fernandez 4746;ana.fernandez4746@techhub.com
Sofia Perez 4747;sofia.perez4747@techhub.com
David Martinez 4748;david.martinez4748@techhub.com
Sofia Martinez 4749;sofia.martinez4749@techhub.com
Lucia Lopez 4750;lucia.lopez4750@techhub.com
Elena Diaz 4751;elena.diaz4751@techhub.com
Carlos Fernandez 4752;carlos.fernandez4752@techhub.com
Ana Gomez 4753;ana.gomez4753@techhub.com
Pedro Martinez 4754;pedro.martinez4754@techhub.com
Elena Gimenez 4755;elena.gimenez4755@techhub.com
Ana Martinez 4756;ana.martinez4756@techhub.com
Ana Rodriguez 4757;ana.rodriguez4757@techhub.com
Ana Gomez 4758;ana.gomez4758@techhub.com
Pedro Fernandez 4759;pedro.fernandez4759@techhub.com
Elena Rodriguez 4760;elena.rodriguez4760@techhub.com
Lucia Gimenez 4761;lucia.gimenez4761@techhub.com
Maria Rodriguez 4762;maria.rodriguez4762@techhub.com
Maria Diaz 4763;maria.diaz4763@techhub.com
Maria Martinez 4764;maria.martinez4764@techhub.com
Juan Martinez 4765;juan.martinez4765@techhub.com
Elena Perez 4766;elena.perez4766@techhub.com
Sofia Gimenez 4767;sofia.gimenez4767@techhub.com
Elena Rodriguez 4768;elena.rodriguez4768@techhub.com
Ana Martinez 4769;ana.martinez4769@techhub.com
David Diaz 4770;david.diaz4770@techhub.com
Juan Gomez 4771;juan.gomez4771@techhub.com
Lucia Lopez 4772;lucia.lopez4772@techhub.com
Maria Fernandez 4773;maria.fernandez4773@techhub.com
Sofia Gomez 4774;sofia.gomez4774@techhub.com
David Diaz 4775;david.diaz4775@techhub.com
Luis Martinez 4776;luis.martinez4776@techhub.com
Elena Lopez 4777;elena.lopez4777@techhub.com
Ana Diaz 4778;ana.diaz4778@techhub.com
Maria Lopez 4779;maria.lopez4779@techhub.com
David Diaz 4780;david.diaz4780@techhub.com
Juan Gimenez 4781;juan.gimenez4781@techhub.com
Sofia Perez 4782;sofia.perez4782@techhub.com
Juan Gimenez 4783;juan.gimenez4783@techhub.com
Carlos Rodriguez 4784;carlos.rodriguez4784@techhub.com
Pedro Diaz 4785;pedro.diaz4785@techhub.com
Carlos Martinez 4786;carlos.martinez4786@techhub.com
Pedro Martinez 4787;pedro.martinez4787@techhub.com
Ana Gimenez 4788;ana.gimenez4788@techhub.com
Pedro Gomez 4789;pedro.gomez4789@techhub.com
Pedro Fernandez 4790;pedro.fernandez4790@techhub.com
Sofia Rodriguez 4791;sofia.rodriguez4791@techhub.com
Carlos Perez 4792;carlos.perez4792@techhub.com
Sofia Diaz 4793;sofia.diaz4793@techhub.com
Maria Gomez 4794;maria.gomez4794@techhub.com
Lucia Gimenez 4795;lucia.gimenez4795@techhub.com
Lucia Gimenez 4796;lucia.gimenez4796@techhub.com
Carlos Diaz 4797;carlos.diaz4797@techhub.com
Lucia Gomez 4798;lucia.gomez4798@techhub.com
Luis Diaz 4799;luis.diaz4799@techhub.com
Elena Martinez 4800;elena.martinez4800@techhub.com
Juan Diaz 4801;juan.diaz4801@techhub.com
Maria Fernandez 4802;maria.fernandez4802@techhub.com
Elena Perez 4803;elena.perez4803@techhub.com
Elena Rodriguez 4804;elena.rodriguez4804@techhub.com
Luis Diaz 4805;luis.diaz4805@techhub.com
David Gomez 4806;david.gomez4806@techhub.com
Maria Lopez 4807;maria.lopez4807@techhub.com
Lucia Fernandez 4808;lucia.fernandez4808@techhub.com
Juan Lopez 4809;juan.lopez4809@techhub.com
Maria Diaz 4810;maria.diaz4810@techhub.com
Elena Gomez 4811;elena.gomez4811@techhub.com
Lucia Gimenez 4812;lucia.gimenez4812@techhub.com
Sofia Gomez 4813;sofia.gomez4813@techhub.com
Carlos Fernandez 4814;carlos.fernandez4814@techhub.com
Ana Perez 4815;ana.perez4815@techhub.com
Ana Perez 4816;ana.perez4816@techhub.com
Maria Fernandez 4817;maria.fernandez4817@techhub.com
David Rodriguez 4818;david.rodriguez4818@techhub.com
Sofia Gimenez 4819;sofia.gimenez4819@techhub.com
Sofia Lopez 4820;sofia.lopez4820@techhub.com
Juan Gomez 4821;juan.gomez4821@techhub.com
Elena Martinez 4822;elena.martinez4822@techhub.com
Pedro Perez 4823;pedro.perez4823@techhub.com
Ana Perez 4824;ana.perez4824@techhub.com
Lucia Gimenez 4825;lucia.gimenez4825@techhub.com
Ana Lopez 4826;ana.lopez4826@techhub.com
David Gomez 4827;david.gomez4827@techhub.com
Lucia Fernandez 4828;lucia.fernandez4828@techhub.com
Pedro Lopez 4829;pedro.lopez4829@techhub.com
Pedro Martinez 4830;pedro.martinez4830@techhub.com
Ana Gimenez 4831;ana.gimenez4831@techhub.com
Juan Fernandez 4832;juan.fernandez4832@techhub.com
Elena Gomez 4833;elena.gomez4833@techhub.com
Ana Fernandez 4834;ana.fernandez4834@techhub.com
David Gomez 4835;david.gomez4835@techhub.com
Sofia Fernandez 4836;sofia.fernandez4836@techhub.com
Sofia Diaz 4837;sofia.diaz4837@techhub.com
Pedro Martinez 4838;pedro.martinez4838@techhub.com
Lucia Perez 4839;lucia.perez4839@techhub.com
Juan Rodriguez 4840;juan.rodriguez4840@techhub.com
Maria Diaz 4841;maria.diaz4841@techhub.com
Elena Diaz 4842;elena.diaz4842@techhub.com
Sofia Gomez 4843;sofia.gomez4843@techhub.com
David Rodriguez 4844;david.rodriguez4844@techhub.com
Lucia Perez 4845;lucia.perez4845@techhub.com
Ana Diaz 4846;ana.diaz4846@techhub.com
Juan Rodriguez 4847;juan.rodriguez4847@techhub.com
Lucia Rodriguez 4848;lucia.rodriguez4848@techhub.com
Ana Gimenez 4849;ana.gimenez4849@techhub.com
Pedro Gimenez 4850;pedro.gimenez4850@techhub.com
Juan Fernandez 4851;juan.fernandez4851@techhub.com
Maria Martinez 4852;maria.martinez4852@techhub.com
Pedro Gimenez 4853;pedro.gimenez4853@techhub.com
David Lopez 4854;david.lopez4854@techhub.com
Lucia Martinez 4855;lucia.martinez4855@techhub.com
Maria Gomez 4856;maria.gomez4856@techhub.com
Elena Gimenez 4857;elena.gimenez4857@techhub.com
Lucia Lopez 4858;lucia.lopez4858@techhub.com
Elena Martinez 4859;elena.martinez4859@techhub.com
Elena Perez 4860;elena.perez4860@techhub.com
David Martinez 4861;david.martinez4861@techhub.com
Maria Fernandez 4862;maria.fernandez4862@techhub.com
Carlos Fernandez 4863;carlos.fernandez4863@techhub.com
Carlos Lopez 4864;carlos.lopez4864@techhub.com
Ana Rodriguez 4865;ana.rodriguez4865@techhub.com
David Gimenez 4866;david.gimenez4866@techhub.com
David Diaz 4867;david.diaz4867@techhub.com
Sofia Perez 4868;sofia.perez4868@techhub.com
Elena Perez 4869;elena.perez4869@techhub.com
David Lopez 4870;david.lopez4870@techhub.com
Luis Perez 4871;luis.perez4871@techhub.com
Elena Gomez 4872;elena.gomez4872@techhub.com
David Martinez 4873;david.martinez4873@techhub.com
Pedro Perez 4874;pedro.perez4874@techhub.com
Juan Diaz 4875;juan.diaz4875@techhub.com
Carlos Perez 4876;carlos.perez4876@techhub.com
Carlos Gomez 4877;carlos.gomez4877@techhub.com
Luis Diaz 4878;luis.diaz4878@techhub.com
Juan Perez 4879;juan.perez4879@techhub.com
Pedro Martinez 4880;pedro.martinez4880@techhub.com
Luis Perez 4881;luis.perez4881@techhub.com
Elena Gimenez 4882;elena.gimenez4882@techhub.com
Carlos Diaz 4883;carlos.diaz4883@techhub.com
Ana Fernandez 4884;ana.fernandez4884@techhub.com
Ana Diaz 4885;ana.diaz4885@techhub.com
Elena Martinez 4886;elena.martinez4886@techhub.com
Carlos Gomez 4887;carlos.gomez4887@techhub.com
Maria Fernandez 4888;maria.fernandez4888@techhub.com
Maria Martinez 4889;maria.martinez4889@techhub.com
Maria Perez 4890;maria.perez4890@techhub.com
Pedro Rodriguez 4891;pedro.rodriguez4891@techhub.com
David Gimenez 4892;david.gimenez4892@techhub.com
Juan Diaz 4893;juan.diaz4893@techhub.com
Lucia Gimenez 4894;lucia.gimenez4894@techhub.com
Lucia Martinez 4895;lucia.martinez4895@techhub.com
Elena Gomez 4896;elena.gomez4896@techhub.com
David Lopez 4897;david.lopez4897@techhub.com
Juan Lopez 4898;juan.lopez4898@techhub.com
Maria Fernandez 4899;maria.fernandez4899@techhub.com
Sofia Martinez 4900;sofia.martinez4900@techhub.com
Luis Rodriguez 4901;luis.rodriguez4901@techhub.com
Pedro Lopez 4902;pedro.lopez4902@techhub.com
Lucia Martinez 4903;lucia.martinez4903@techhub.com
Sofia Diaz 4904;sofia.diaz4904@techhub.com
Luis Diaz 4905;luis.diaz4905@techhub.com
Maria Martinez 4906;maria.martinez4906@techhub.com
Juan Perez 4907;juan.perez4907@techhub.com
Luis Perez 4908;luis.perez4908@techhub.com
Elena Martinez 4909;elena.martinez4909@techhub.com
Pedro Rodriguez 4910;pedro.rodriguez4910@techhub.com
Maria Fernandez 4911;maria.fernandez4911@techhub.com
Pedro Diaz 4912;pedro.diaz4912@techhub.com
Pedro Gomez 4913;pedro.gomez4913@techhub.com
Pedro Gimenez 4914;pedro.gimenez4914@techhub.com
Carlos Gomez 4915;carlos.gomez4915@techhub.com
Ana Gimenez 4916;ana.gimenez4916@techhub.com
Ana Gomez 4917;ana.gomez4917@techhub.com
Juan Martinez 4918;juan.martinez4918@techhub.com
Luis Fernandez 4919;luis.fernandez4919@techhub.com
Juan Martinez 4920;juan.martinez4920@techhub.com
Sofia Gimenez 4921;sofia.gimenez4921@techhub.com
Elena Gomez 4922;elena.gomez4922@techhub.com
Lucia Rodriguez 4923;lucia.rodriguez4923@techhub.com
Ana Diaz 4924;ana.diaz4924@techhub.com
Carlos Fernandez 4925;carlos.fernandez4925@techhub.com
Ana Lopez 4926;ana.lopez4926@techhub.com
Sofia Gimenez 4927;sofia.gimenez4927@techhub.com
Sofia Diaz 4928;sofia.diaz4928@techhub.com
David Martinez 4929;david.martinez4929@techhub.com
Lucia Gimenez 4930;lucia.gimenez4930@techhub.com
David Martinez 4931;david.martinez4931@techhub.com
Elena Lopez 4932;elena.lopez4932@techhub.com
Ana Gomez 4933;ana.gomez4933@techhub.com
Maria Rodriguez 4934;maria.rodriguez4934@techhub.com
Pedro Rodriguez 4935;pedro.rodriguez4935@techhub.com
Maria Lopez 4936;maria.lopez4936@techhub.com
Carlos Diaz 4937;carlos.diaz4937@techhub.com
Elena Rodriguez 4938;elena.rodriguez4938@techhub.com
Sofia Diaz 4939;sofia.diaz4939@techhub.com
Pedro Fernandez 4940;pedro.fernandez4940@techhub.com
Luis Martinez 4941;luis.martinez4941@techhub.com
David Diaz 4942;david.diaz4942@techhub.com
Maria Martinez 4943;maria.martinez4943@techhub.com
Pedro Lopez 4944;pedro.lopez4944@techhub.com
Elena Gimenez 4945;elena.gimenez4945@techhub.com
Lucia Gomez 4946;lucia.gomez4946@techhub.com
Juan Perez 4947;juan.perez4947@techhub.com
Ana Martinez 4948;ana.martinez4948@techhub.com
David Gomez 4949;david.gomez4949@techhub.com
Sofia Perez 4950;sofia.perez4950@techhub.com
David Perez 4951;david.perez4951@techhub.com
Juan Gimenez 4952;juan.gimenez4952@techhub.com
Juan Perez 4953;juan.perez4953@techhub.com
David Fernandez 4954;david.fernandez4954@techhub.com
Juan Fernandez 4955;juan.fernandez4955@techhub.com
Juan Lopez 4956;juan.lopez4956@techhub.com
Pedro Diaz 4957;pedro.diaz4957@techhub.com
Ana Martinez 4958;ana.martinez4958@techhub.com
Lucia Diaz 4959;lucia.diaz4959@techhub.com
Sofia Lopez 4960;sofia.lopez4960@techhub.com
Sofia Perez 4961;sofia.perez4961@techhub.com
Ana Gimenez 4962;ana.gimenez4962@techhub.com
Sofia Gimenez 4963;sofia.gimenez4963@techhub.com
Elena Fernandez 4964;elena.fernandez4964@techhub.com
Pedro Lopez 4965;pedro.lopez4965@techhub.com
Maria Diaz 4966;maria.diaz4966@techhub.com
Carlos Gomez 4967;carlos.gomez4967@techhub.com
Elena Martinez 4968;elena.martinez4968@techhub.com
Pedro Martinez 4969;pedro.martinez4969@techhub.com
Ana Martinez 4970;ana.martinez4970@techhub.com
Elena Diaz 4971;elena.diaz4971@techhub.com
Sofia Gimenez 4972;sofia.gimenez4972@techhub.com
Lucia Lopez 4973;lucia.lopez4973@techhub.com
David Perez 4974;david.perez4974@techhub.com
Lucia Perez 4975;lucia.perez4975@techhub.com
Pedro Gomez 4976;pedro.gomez4976@techhub.com
Luis Rodriguez 4977;luis.rodriguez4977@techhub.com
Elena Gomez 4978;elena.gomez4978@techhub.com
Sofia Fernandez 4979;sofia.fernandez4979@techhub.com
Ana Martinez 4980;ana.martinez4980@techhub.com
Carlos Fernandez 4981;carlos.fernandez4981@techhub.com
Elena Martinez 4982;elena.martinez4982@techhub.com
David Gimenez 4983;david.gimenez4983@techhub.com
Maria Martinez 4984;maria.martinez4984@techhub.com
Pedro Martinez 4985;pedro.martinez4985@techhub.com
Pedro Gimenez 4986;pedro.gimenez4986@techhub.com
Sofia Lopez 4987;sofia.lopez4987@techhub.com
Lucia Perez 4988;lucia.perez4988@techhub.com
Ana Diaz 4989;ana.diaz4989@techhub.com
Ana Perez 4990;ana.perez4990@techhub.com
Maria Gimenez 4991;maria.gimenez4991@techhub.com
Pedro Fernandez 4992;pedro.fernandez4992@techhub.com
Elena Martinez 4993;elena.martinez4993@techhub.com
Luis Gomez 4994;luis.gomez4994@techhub.com
Ana Gomez 4995;ana.gomez4995@techhub.com
David Lopez 4996;david.lopez4996@techhub.com
Ana Lopez 4997;ana.lopez4997@techhub.com
Maria Gimenez 4998;maria.gimenez4998@techhub.com
Elena Gomez 4999;elena.gomez4999@techhub.com
Ana Rodriguez 5000;ana.rodriguez5000@techhub.com
